// boxcxx — <__bits/tzdb_table>
//
// GENERATED by tools/gen_tzdb.py from IANA tzdata 2026c. Do not edit: the
// next run overwrites every line below, and a hand-written line here is a line
// no generator will ever check again.
//
// The reader lives in <__bits/chrono_tz>, hand-written, so that this file
// carries data and nothing else. What the bytes mean is documented there; the
// generator's own preamble records why the encoding is shaped this way, and
// what it refuses to write.
//
// 598 zone names (341 distinct bodies, 257 links),
// 16631 transitions, 27 leap seconds, 119052 bytes.
#ifndef BOXCXX_BITS_TZDB_TABLE
#define BOXCXX_BITS_TZDB_TABLE

namespace std::__boxcxx::tzdata {

inline constexpr unsigned char kTable[] = {
    66,79,88,84,90,68,66,49,120,8,0,0,86,2,0,0,
    85,1,0,0,27,0,0,0,44,0,0,0,220,18,0,0,
    48,24,0,0,224,25,0,0,37,165,1,0,126,8,0,0,
    13,0,255,255,141,8,0,0,13,0,0,0,154,8,0,0,
    34,0,43,0,173,8,0,0,70,1,255,255,188,8,0,0,
    34,0,43,0,202,8,0,0,34,0,43,0,216,8,0,0,
    13,0,0,0,230,8,0,0,71,1,31,0,244,8,0,0,
    13,0,0,0,2,9,0,0,72,1,255,255,16,9,0,0,
    73,1,38,0,32,9,0,0,71,1,31,0,51,9,0,0,
    73,1,38,0,68,9,0,0,6,0,255,255,81,9,0,0,
    74,1,255,255,99,9,0,0,75,1,255,255,112,9,0,0,
    13,0,0,0,127,9,0,0,13,0,0,0,140,9,0,0,
    34,0,43,0,161,9,0,0,34,0,43,0,177,9,0,0,
    71,1,31,0,191,9,0,0,76,1,255,255,207,9,0,0,
    13,0,0,0,223,9,0,0,73,1,38,0,239,9,0,0,
    73,1,38,0,253,9,0,0,77,1,255,255,17,10,0,0,
    78,1,255,255,29,10,0,0,34,0,43,0,44,10,0,0,
    79,1,255,255,60,10,0,0,73,1,38,0,74,10,0,0,
    71,1,31,0,90,10,0,0,71,1,255,255,103,10,0,0,
    71,1,31,0,121,10,0,0,13,0,0,0,133,10,0,0,
    71,1,31,0,147,10,0,0,73,1,38,0,165,10,0,0,
    73,1,38,0,179,10,0,0,71,1,31,0,193,10,0,0,
    73,1,255,255,207,10,0,0,77,1,25,0,221,10,0,0,
    77,1,25,0,236,10,0,0,34,0,43,0,253,10,0,0,
    80,1,255,255,13,11,0,0,34,0,255,255,28,11,0,0,
    81,1,255,255,44,11,0,0,71,1,31,0,58,11,0,0,
    13,0,0,0,76,11,0,0,13,0,0,0,95,11,0,0,
    71,1,31,0,113,11,0,0,82,1,255,255,129,11,0,0,
    13,0,0,0,145,11,0,0,19,0,255,255,160,11,0,0,
    83,1,255,255,173,11,0,0,84,1,255,255,189,11,0,0,
    51,0,255,255,202,11,0,0,50,0,255,255,220,11,0,0,
    85,0,187,0,237,11,0,0,85,0,187,0,253,11,0,0,
    86,0,255,255,15,12,0,0,96,0,255,255,46,12,0,0,
    101,0,255,255,74,12,0,0,101,0,60,0,107,12,0,0,
    105,0,255,255,133,12,0,0,129,0,255,255,157,12,0,0,
    178,0,255,255,184,12,0,0,139,0,255,255,210,12,0,0,
    179,0,255,255,241,12,0,0,180,0,255,255,9,13,0,0,
    181,0,255,255,36,13,0,0,182,0,255,255,63,13,0,0,
    183,0,255,255,89,13,0,0,184,0,255,255,115,13,0,0,
    85,0,187,0,129,13,0,0,87,0,255,255,146,13,0,0,
    4,0,179,0,163,13,0,0,51,0,54,0,176,13,0,0,
    88,0,255,255,190,13,0,0,89,0,255,255,213,13,0,0,
    90,0,255,255,230,13,0,0,91,0,255,255,244,13,0,0,
    92,0,255,255,3,14,0,0,85,0,187,0,24,14,0,0,
    93,0,255,255,42,14,0,0,94,0,255,255,57,14,0,0,
    95,0,255,255,71,14,0,0,96,0,59,0,92,14,0,0,
    97,0,255,255,114,14,0,0,98,0,255,255,135,14,0,0,
    99,0,255,255,150,14,0,0,100,0,255,255,166,14,0,0,
    101,0,60,0,184,14,0,0,102,0,255,255,200,14,0,0,
    4,0,179,0,215,14,0,0,1,0,255,255,231,14,0,0,
    103,0,255,255,249,14,0,0,104,0,255,255,15,15,0,0,
    4,0,179,0,37,15,0,0,105,0,62,0,53,15,0,0,
    106,0,255,255,72,15,0,0,107,0,255,255,90,15,0,0,
    20,0,182,0,106,15,0,0,108,0,255,255,121,15,0,0,
    85,0,187,0,137,15,0,0,109,0,255,255,158,15,0,0,
    110,0,255,255,173,15,0,0,111,0,255,255,194,15,0,0,
    21,0,255,255,209,15,0,0,54,0,255,255,225,15,0,0,
    85,0,187,0,242,15,0,0,112,0,255,255,3,16,0,0,
    113,0,255,255,20,16,0,0,114,0,255,255,40,16,0,0,
    115,0,214,0,57,16,0,0,116,0,255,255,77,16,0,0,
    52,0,128,0,96,16,0,0,117,0,255,255,114,16,0,0,
    118,0,255,255,132,16,0,0,119,0,177,0,148,16,0,0,
    120,0,255,255,166,16,0,0,121,0,255,255,185,16,0,0,
    85,0,187,0,201,16,0,0,85,0,187,0,220,16,0,0,
    122,0,255,255,238,16,0,0,123,0,255,255,0,17,0,0,
    124,0,255,255,15,17,0,0,125,0,255,255,31,17,0,0,
    2,0,255,255,46,17,0,0,126,0,255,255,65,17,0,0,
    52,0,255,255,94,17,0,0,53,0,255,255,115,17,0,0,
    172,0,255,255,139,17,0,0,173,0,255,255,166,17,0,0,
    174,0,255,255,192,17,0,0,175,0,255,255,214,17,0,0,
    176,0,255,255,240,17,0,0,177,0,255,255,8,18,0,0,
    52,0,128,0,29,18,0,0,127,0,255,255,44,18,0,0,
    128,0,255,255,60,18,0,0,16,0,255,255,76,18,0,0,
    129,0,63,0,90,18,0,0,130,0,255,255,105,18,0,0,
    133,0,255,255,133,18,0,0,185,0,255,255,161,18,0,0,
    53,0,129,0,177,18,0,0,85,0,187,0,196,18,0,0,
    131,0,255,255,211,18,0,0,132,0,255,255,224,18,0,0,
    25,0,255,255,244,18,0,0,133,0,142,0,7,19,0,0,
    85,0,187,0,29,19,0,0,134,0,255,255,44,19,0,0,
    135,0,255,255,60,19,0,0,59,0,255,255,75,19,0,0,
    85,0,187,0,91,19,0,0,136,0,255,255,110,19,0,0,
    137,0,255,255,128,19,0,0,138,0,255,255,145,19,0,0,
    139,0,65,0,161,19,0,0,140,0,255,255,179,19,0,0,
    141,0,255,255,194,19,0,0,142,0,255,255,213,19,0,0,
    143,0,255,255,233,19,0,0,144,0,255,255,250,19,0,0,
    145,0,255,255,10,20,0,0,146,0,255,255,28,20,0,0,
    147,0,255,255,47,20,0,0,148,0,215,0,64,20,0,0,
    85,0,187,0,83,20,0,0,148,0,215,0,98,20,0,0,
    5,0,255,255,115,20,0,0,148,0,215,0,131,20,0,0,
    149,0,255,255,144,20,0,0,57,0,255,255,160,20,0,0,
    186,0,255,255,188,20,0,0,187,0,255,255,216,20,0,0,
    188,0,255,255,247,20,0,0,119,0,255,255,4,21,0,0,
    150,0,255,255,20,21,0,0,4,0,255,255,35,21,0,0,
    128,0,138,0,55,21,0,0,151,0,255,255,74,21,0,0,
    20,0,255,255,90,21,0,0,152,0,255,255,113,21,0,0,
    85,0,187,0,135,21,0,0,56,0,194,0,154,21,0,0,
    153,0,255,255,174,21,0,0,85,0,255,255,194,21,0,0,
    154,0,255,255,215,21,0,0,155,0,220,0,235,21,0,0,
    156,0,255,255,0,22,0,0,157,0,255,255,15,22,0,0,
    158,0,255,255,30,22,0,0,159,0,255,255,47,22,0,0,
    56,0,255,255,66,22,0,0,105,0,62,0,82,22,0,0,
    115,0,214,0,103,22,0,0,160,0,255,255,120,22,0,0,
    161,0,255,255,137,22,0,0,162,0,255,255,159,22,0,0,
    58,0,255,255,177,22,0,0,163,0,255,255,198,22,0,0,
    21,0,106,0,215,22,0,0,164,0,255,255,229,22,0,0,
    85,0,187,0,251,22,0,0,165,0,255,255,12,23,0,0,
    85,0,187,0,29,23,0,0,85,0,187,0,46,23,0,0,
    85,0,187,0,64,23,0,0,85,0,187,0,83,23,0,0,
    166,0,255,255,105,23,0,0,167,0,255,255,125,23,0,0,
    168,0,255,255,139,23,0,0,148,0,215,0,159,23,0,0,
    115,0,255,255,175,23,0,0,148,0,255,255,191,23,0,0,
    85,0,187,0,207,23,0,0,169,0,255,255,225,23,0,0,
    85,0,187,0,240,23,0,0,170,0,255,255,3,24,0,0,
    155,0,255,255,20,24,0,0,171,0,255,255,36,24,0,0,
    112,0,109,0,56,24,0,0,33,1,255,255,73,24,0,0,
    34,1,255,255,90,24,0,0,62,0,51,2,116,24,0,0,
    35,1,255,255,137,24,0,0,36,1,255,255,155,24,0,0,
    22,0,19,2,174,24,0,0,37,1,255,255,192,24,0,0,
    38,1,255,255,211,24,0,0,22,0,19,2,233,24,0,0,
    226,0,51,1,250,24,0,0,39,1,255,255,11,25,0,0,
    40,1,255,255,29,25,0,0,46,0,177,1,49,25,0,0,
    226,0,51,1,59,25,0,0,227,0,255,255,71,25,0,0,
    228,0,255,255,82,25,0,0,229,0,255,255,94,25,0,0,
    230,0,255,255,105,25,0,0,231,0,255,255,117,25,0,0,
    232,0,255,255,131,25,0,0,232,0,242,0,146,25,0,0,
    233,0,255,255,158,25,0,0,234,0,255,255,171,25,0,0,
    235,0,47,1,184,25,0,0,236,0,255,255,194,25,0,0,
    36,0,255,255,207,25,0,0,237,0,255,255,220,25,0,0,
    238,0,255,255,232,25,0,0,239,0,255,255,245,25,0,0,
    240,0,31,1,1,26,0,0,241,0,28,1,15,26,0,0,
    242,0,255,255,26,26,0,0,243,0,69,1,42,26,0,0,
    24,0,56,1,57,26,0,0,24,0,56,1,72,26,0,0,
    244,0,255,255,85,26,0,0,245,0,5,1,96,26,0,0,
    246,0,255,255,110,26,0,0,245,0,255,255,121,26,0,0,
    247,0,255,255,131,26,0,0,39,0,255,255,142,26,0,0,
    248,0,255,255,156,26,0,0,249,0,255,255,171,26,0,0,
    250,0,255,255,181,26,0,0,24,0,56,1,193,26,0,0,
    251,0,255,255,205,26,0,0,252,0,255,255,222,26,0,0,
    12,0,255,255,237,26,0,0,253,0,255,255,247,26,0,0,
    254,0,255,255,4,27,0,0,31,0,190,1,18,27,0,0,
    255,0,255,255,31,27,0,0,0,1,255,255,45,27,0,0,
    15,0,255,255,60,27,0,0,1,1,255,255,71,27,0,0,
    2,1,255,255,86,27,0,0,3,1,255,255,99,27,0,0,
    4,1,71,1,112,27,0,0,5,1,255,255,127,27,0,0,
    5,1,25,1,141,27,0,0,6,1,255,255,155,27,0,0,
    241,0,255,255,168,27,0,0,7,1,255,255,185,27,0,0,
    30,0,57,1,203,27,0,0,240,0,255,255,216,27,0,0,
    226,0,51,1,228,27,0,0,8,1,34,1,239,27,0,0,
    8,1,255,255,250,27,0,0,9,1,255,255,7,28,0,0,
    10,1,255,255,21,28,0,0,11,1,255,255,33,28,0,0,
    39,0,7,1,45,28,0,0,12,1,255,255,58,28,0,0,
    13,1,255,255,76,28,0,0,14,1,255,255,93,28,0,0,
    15,1,255,255,103,28,0,0,16,1,255,255,113,28,0,0,
    36,0,248,0,129,28,0,0,17,1,255,255,144,28,0,0,
    18,1,255,255,159,28,0,0,235,0,255,255,170,28,0,0,
    19,1,255,255,184,28,0,0,20,1,255,255,199,28,0,0,
    37,0,76,1,212,28,0,0,226,0,255,255,224,28,0,0,
    252,0,13,1,236,28,0,0,21,1,255,255,250,28,0,0,
    22,1,255,255,9,29,0,0,29,0,255,255,20,29,0,0,
    24,0,255,255,34,29,0,0,30,0,255,255,49,29,0,0,
    23,1,255,255,68,29,0,0,28,0,255,255,80,29,0,0,
    24,1,255,255,94,29,0,0,25,1,255,255,107,29,0,0,
    14,0,255,255,119,29,0,0,15,0,20,1,133,29,0,0,
    26,1,65,1,145,29,0,0,26,1,255,255,158,29,0,0,
    17,0,255,255,169,29,0,0,27,1,255,255,180,29,0,0,
    10,1,36,1,199,29,0,0,243,0,255,255,216,29,0,0,
    243,0,69,1,232,29,0,0,4,1,255,255,244,29,0,0,
    28,1,255,255,2,30,0,0,36,0,248,0,17,30,0,0,
    29,1,255,255,34,30,0,0,30,1,255,255,47,30,0,0,
    37,0,255,255,59,30,0,0,31,1,255,255,78,30,0,0,
    32,1,255,255,91,30,0,0,41,0,255,255,107,30,0,0,
    42,0,255,255,124,30,0,0,43,0,255,255,140,30,0,0,
    44,0,255,255,160,30,0,0,45,0,84,1,176,30,0,0,
    45,0,255,255,191,30,0,0,46,0,177,1,210,30,0,0,
    47,0,255,255,227,30,0,0,13,0,0,0,246,30,0,0,
    48,0,255,255,13,31,0,0,13,0,0,0,32,31,0,0,
    49,0,255,255,49,31,0,0,189,0,109,1,63,31,0,0,
    190,0,255,255,82,31,0,0,191,0,255,255,101,31,0,0,
    192,0,255,255,123,31,0,0,189,0,109,1,142,31,0,0,
    193,0,99,1,159,31,0,0,194,0,255,255,176,31,0,0,
    195,0,255,255,192,31,0,0,193,0,255,255,209,31,0,0,
    196,0,102,1,223,31,0,0,197,0,255,255,242,31,0,0,
    196,0,255,255,6,32,0,0,198,0,255,255,26,32,0,0,
    189,0,109,1,40,32,0,0,194,0,97,1,56,32,0,0,
    199,0,255,255,72,32,0,0,191,0,93,1,93,32,0,0,
    190,0,92,1,109,32,0,0,189,0,255,255,126,32,0,0,
    193,0,99,1,145,32,0,0,198,0,103,1,164,32,0,0,
    199,0,106,1,179,32,0,0,192,0,94,1,200,32,0,0,
    56,0,194,0,212,32,0,0,57,0,173,0,229,32,0,0,
    58,0,200,0,241,32,0,0,59,0,153,0,40,0,0,0,
    0,0,179,1,253,32,0,0,1,0,93,0,5,33,0,0,
    125,0,125,0,21,33,0,0,155,0,220,0,36,33,0,0,
    148,0,215,0,51,33,0,0,112,0,109,0,67,33,0,0,
    165,0,205,0,87,33,0,0,169,0,217,0,102,33,0,0,
    158,0,192,0,122,33,0,0,170,0,219,0,135,33,0,0,
    161,0,198,0,153,33,0,0,63,0,23,2,172,33,0,0,
    2,0,126,0,166,0,0,0,3,0,174,1,85,0,0,0,
    4,0,179,0,177,33,0,0,5,0,170,0,185,33,0,0,
    6,0,13,0,191,33,0,0,7,0,185,1,196,33,0,0,
    10,0,255,255,204,33,0,0,10,0,136,1,214,33,0,0,
    200,0,255,255,224,33,0,0,201,0,255,255,235,33,0,0,
    202,0,255,255,246,33,0,0,203,0,255,255,1,34,0,0,
    204,0,255,255,11,34,0,0,205,0,255,255,21,34,0,0,
    206,0,255,255,31,34,0,0,207,0,255,255,41,34,0,0,
    208,0,255,255,51,34,0,0,209,0,255,255,61,34,0,0,
    210,0,255,255,71,34,0,0,211,0,255,255,81,34,0,0,
    10,0,136,1,91,34,0,0,212,0,255,255,101,34,0,0,
    213,0,255,255,112,34,0,0,214,0,255,255,123,34,0,0,
    215,0,255,255,134,34,0,0,216,0,255,255,145,34,0,0,
    217,0,255,255,156,34,0,0,218,0,255,255,166,34,0,0,
    219,0,255,255,176,34,0,0,220,0,255,255,186,34,0,0,
    221,0,255,255,196,34,0,0,222,0,255,255,206,34,0,0,
    223,0,255,255,216,34,0,0,224,0,255,255,226,34,0,0,
    225,0,255,255,236,34,0,0,10,0,136,1,245,34,0,0,
    10,0,136,1,3,35,0,0,32,0,168,1,11,35,0,0,
    32,0,255,255,19,35,0,0,32,0,168,1,33,35,0,0,
    32,0,168,1,42,35,0,0,0,0,179,1,59,35,0,0,
    41,1,255,255,74,35,0,0,42,1,255,255,91,35,0,0,
    3,0,255,255,105,35,0,0,9,0,198,1,120,35,0,0,
    43,1,255,255,136,35,0,0,46,0,255,255,150,35,0,0,
    44,1,210,1,168,35,0,0,0,0,255,255,184,35,0,0,
    45,1,255,255,201,35,0,0,46,1,255,255,217,35,0,0,
    47,1,234,1,233,35,0,0,48,1,255,255,249,35,0,0,
    46,0,177,1,11,36,0,0,7,0,255,255,25,36,0,0,
    49,1,255,255,42,36,0,0,9,0,198,1,58,36,0,0,
    50,1,255,255,74,36,0,0,9,0,198,1,93,36,0,0,
    31,0,255,255,109,36,0,0,9,0,198,1,123,36,0,0,
    51,1,255,255,142,36,0,0,52,1,195,1,154,36,0,0,
    53,1,255,255,167,36,0,0,52,1,255,255,179,36,0,0,
    27,0,255,255,193,36,0,0,43,1,176,1,210,36,0,0,
    9,0,255,255,224,36,0,0,0,0,179,1,242,36,0,0,
    54,1,255,255,0,37,0,0,55,1,255,255,13,37,0,0,
    50,1,188,1,30,37,0,0,56,1,255,255,43,37,0,0,
    57,1,208,1,57,37,0,0,33,0,255,255,71,37,0,0,
    12,1,39,1,86,37,0,0,46,0,177,1,98,37,0,0,
    57,1,255,255,111,37,0,0,43,1,176,1,128,37,0,0,
    44,1,255,255,142,37,0,0,58,1,255,255,154,37,0,0,
    59,1,255,255,166,37,0,0,60,1,255,255,180,37,0,0,
    59,1,212,1,198,37,0,0,43,1,176,1,214,37,0,0,
    61,1,255,255,229,37,0,0,62,1,255,255,247,37,0,0,
    43,1,176,1,5,38,0,0,63,1,255,255,18,38,0,0,
    46,0,177,1,35,38,0,0,64,1,255,255,50,38,0,0,
    65,1,255,255,64,38,0,0,48,1,183,1,80,38,0,0,
    66,1,255,255,97,38,0,0,52,1,195,1,113,38,0,0,
    47,1,234,1,126,38,0,0,59,1,212,1,141,38,0,0,
    67,1,255,255,155,38,0,0,68,1,255,255,170,38,0,0,
    69,1,255,255,187,38,0,0,26,0,255,255,201,38,0,0,
    43,1,176,1,215,38,0,0,52,1,195,1,233,38,0,0,
    47,1,255,255,247,38,0,0,8,0,255,255,255,38,0,0,
    9,0,198,1,2,39,0,0,9,0,198,1,27,1,0,0,
    10,0,136,1,10,39,0,0,10,0,136,1,16,39,0,0,
    10,0,136,1,72,1,0,0,10,0,136,1,22,39,0,0,
    10,0,136,1,83,1,0,0,11,0,33,2,32,39,0,0,
    12,0,14,1,41,39,0,0,13,0,0,0,49,39,0,0,
    34,0,43,0,69,39,0,0,35,0,255,255,83,39,0,0,
    36,0,248,0,100,39,0,0,37,0,76,1,113,39,0,0,
    34,0,43,0,127,39,0,0,38,0,253,1,144,39,0,0,
    39,0,7,1,156,39,0,0,38,0,255,255,172,39,0,0,
    40,0,255,255,189,39,0,0,34,0,43,0,204,39,0,0,
    39,0,7,1,219,39,0,0,14,0,62,1,224,39,0,0,
    15,0,20,1,231,39,0,0,16,0,139,0,239,39,0,0,
    17,0,66,1,245,39,0,0,18,0,38,2,255,39,0,0,
    19,0,51,0,5,40,0,0,0,0,179,1,2,2,0,0,
    20,0,182,0,9,40,0,0,21,0,106,0,17,40,0,0,
    115,0,214,0,34,40,0,0,138,0,157,0,49,40,0,0,
    143,0,162,0,64,40,0,0,22,0,19,2,67,40,0,0,
    23,0,21,2,75,40,0,0,21,0,106,0,82,40,0,0,
    24,0,56,1,86,40,0,0,25,0,148,0,94,40,0,0,
    60,0,255,255,107,40,0,0,22,0,255,255,124,40,0,0,
    61,0,255,255,145,40,0,0,23,0,255,255,161,40,0,0,
    62,0,51,2,175,40,0,0,63,0,255,255,190,40,0,0,
    64,0,255,255,204,40,0,0,65,0,35,2,222,40,0,0,
    66,0,255,255,238,40,0,0,67,0,255,255,251,40,0,0,
    68,0,56,2,12,41,0,0,69,0,255,255,30,41,0,0,
    70,0,255,255,46,41,0,0,71,0,255,255,66,41,0,0,
    72,0,255,255,79,41,0,0,11,0,255,255,96,41,0,0,
    11,0,33,2,113,41,0,0,65,0,255,255,128,41,0,0,
    73,0,255,255,147,41,0,0,74,0,255,255,162,41,0,0,
    18,0,255,255,180,41,0,0,68,0,56,2,195,41,0,0,
    75,0,255,255,213,41,0,0,55,0,46,2,228,41,0,0,
    76,0,255,255,242,41,0,0,77,0,255,255,255,41,0,0,
    78,0,255,255,15,42,0,0,79,0,255,255,30,42,0,0,
    55,0,255,255,48,42,0,0,80,0,255,255,62,42,0,0,
    81,0,255,255,79,42,0,0,71,0,31,2,95,42,0,0,
    71,0,31,2,110,42,0,0,62,0,255,255,131,42,0,0,
    82,0,255,255,149,42,0,0,72,0,32,2,164,42,0,0,
    55,0,46,2,178,42,0,0,83,0,255,255,193,42,0,0,
    68,0,255,255,208,42,0,0,84,0,255,255,226,42,0,0,
    62,0,51,2,239,42,0,0,68,0,56,2,252,42,0,0,
    68,0,56,2,11,43,0,0,62,0,51,2,23,43,0,0,
    26,0,231,1,30,43,0,0,27,0,196,1,39,43,0,0,
    28,0,59,1,43,43,0,0,29,0,55,1,47,43,0,0,
    30,0,57,1,57,43,0,0,31,0,190,1,64,43,0,0,
    32,0,168,1,68,43,0,0,50,0,55,0,78,43,0,0,
    51,0,54,0,90,43,0,0,20,0,182,0,101,43,0,0,
    1,0,93,0,112,43,0,0,52,0,128,0,128,43,0,0,
    5,0,170,0,139,43,0,0,11,0,33,2,149,43,0,0,
    53,0,129,0,167,43,0,0,54,0,107,0,179,43,0,0,
    21,0,106,0,191,43,0,0,25,0,148,0,202,43,0,0,
    55,0,46,2,34,3,0,0,32,0,168,1,211,43,0,0,
    32,0,168,1,221,43,0,0,33,0,205,1,36,0,0,0,
    27,0,196,1,226,43,0,0,32,0,168,1,32,26,0,0,
    94,28,0,0,7,32,0,0,73,34,0,0,158,35,0,0,
    206,35,0,0,111,39,0,0,23,42,0,0,59,45,0,0,
    79,45,0,0,160,48,0,0,180,48,0,0,22,49,0,0,
    165,50,0,0,199,50,0,0,106,52,0,0,151,54,0,0,
    52,55,0,0,135,55,0,0,229,55,0,0,182,56,0,0,
    29,57,0,0,58,59,0,0,90,61,0,0,226,62,0,0,
    155,63,0,0,67,66,0,0,30,68,0,0,36,71,0,0,
    33,72,0,0,241,72,0,0,106,73,0,0,236,75,0,0,
    0,76,0,0,238,77,0,0,55,78,0,0,103,78,0,0,
    151,78,0,0,218,78,0,0,10,79,0,0,44,79,0,0,
    108,79,0,0,85,82,0,0,105,84,0,0,71,85,0,0,
    138,85,0,0,80,86,0,0,172,87,0,0,131,90,0,0,
    165,90,0,0,67,92,0,0,71,94,0,0,75,96,0,0,
    82,97,0,0,99,99,0,0,52,101,0,0,100,101,0,0,
    50,102,0,0,30,103,0,0,14,105,0,0,211,105,0,0,
    157,106,0,0,238,106,0,0,30,107,0,0,131,109,0,0,
    29,110,0,0,91,110,0,0,139,110,0,0,67,111,0,0,
    101,111,0,0,168,111,0,0,202,111,0,0,236,111,0,0,
    151,112,0,0,213,112,0,0,70,113,0,0,104,113,0,0,
    171,113,0,0,219,113,0,0,49,114,0,0,123,114,0,0,
    171,114,0,0,219,114,0,0,158,115,0,0,192,115,0,0,
    34,116,0,0,100,116,0,0,142,117,0,0,204,119,0,0,
    39,121,0,0,144,122,0,0,10,123,0,0,196,123,0,0,
    238,125,0,0,188,126,0,0,255,126,0,0,9,129,0,0,
    126,130,0,0,72,132,0,0,56,134,0,0,70,135,0,0,
    144,135,0,0,4,137,0,0,52,137,0,0,151,138,0,0,
    255,139,0,0,116,141,0,0,214,141,0,0,185,144,0,0,
    159,146,0,0,119,147,0,0,162,149,0,0,3,151,0,0,
    195,153,0,0,156,154,0,0,219,154,0,0,173,157,0,0,
    183,160,0,0,164,161,0,0,104,163,0,0,83,165,0,0,
    170,168,0,0,93,170,0,0,179,170,0,0,246,170,0,0,
    57,171,0,0,178,174,0,0,35,175,0,0,193,176,0,0,
    121,178,0,0,228,179,0,0,227,181,0,0,32,182,0,0,
    160,182,0,0,49,185,0,0,40,186,0,0,177,186,0,0,
    244,186,0,0,187,187,0,0,28,189,0,0,144,190,0,0,
    106,192,0,0,182,193,0,0,222,194,0,0,115,196,0,0,
    121,197,0,0,147,200,0,0,1,202,0,0,10,204,0,0,
    156,207,0,0,160,209,0,0,8,211,0,0,84,211,0,0,
    102,212,0,0,32,213,0,0,179,215,0,0,92,218,0,0,
    242,219,0,0,222,220,0,0,38,222,0,0,188,223,0,0,
    132,224,0,0,80,227,0,0,229,227,0,0,221,229,0,0,
    212,231,0,0,201,235,0,0,125,236,0,0,199,236,0,0,
    151,237,0,0,30,241,0,0,72,243,0,0,55,245,0,0,
    83,246,0,0,172,247,0,0,174,248,0,0,92,249,0,0,
    115,250,0,0,162,251,0,0,27,253,0,0,143,254,0,0,
    250,255,0,0,115,1,1,0,236,2,1,0,105,4,1,0,
    221,5,1,0,216,7,1,0,248,9,1,0,253,11,1,0,
    2,14,1,0,201,15,1,0,157,17,1,0,27,18,1,0,
    252,19,1,0,250,21,1,0,91,22,1,0,229,22,1,0,
    51,24,1,0,197,24,1,0,140,26,1,0,22,27,1,0,
    42,27,1,0,62,27,1,0,82,27,1,0,102,27,1,0,
    122,27,1,0,142,27,1,0,162,27,1,0,182,27,1,0,
    202,27,1,0,222,27,1,0,242,27,1,0,6,28,1,0,
    26,28,1,0,46,28,1,0,66,28,1,0,86,28,1,0,
    106,28,1,0,126,28,1,0,146,28,1,0,166,28,1,0,
    186,28,1,0,206,28,1,0,226,28,1,0,246,28,1,0,
    10,29,1,0,30,29,1,0,64,29,1,0,124,30,1,0,
    94,32,1,0,229,33,1,0,30,35,1,0,92,36,1,0,
    16,37,1,0,81,38,1,0,142,39,1,0,190,39,1,0,
    63,41,1,0,197,42,1,0,46,44,1,0,105,45,1,0,
    249,45,1,0,84,46,1,0,221,47,1,0,7,49,1,0,
    120,49,1,0,219,49,1,0,103,52,1,0,163,52,1,0,
    82,53,1,0,46,55,1,0,104,61,1,0,172,67,1,0,
    19,68,1,0,61,69,1,0,207,70,1,0,64,71,1,0,
    126,71,1,0,174,71,1,0,37,73,1,0,158,73,1,0,
    192,73,1,0,240,73,1,0,142,75,1,0,18,77,1,0,
    171,78,1,0,52,80,1,0,127,80,1,0,0,81,1,0,
    27,82,1,0,146,83,1,0,24,85,1,0,156,86,1,0,
    226,87,1,0,83,88,1,0,155,88,1,0,223,89,1,0,
    35,91,1,0,172,92,1,0,91,93,1,0,223,94,1,0,
    142,95,1,0,205,96,1,0,253,96,1,0,131,98,1,0,
    28,100,1,0,160,101,1,0,36,103,1,0,181,104,1,0,
    34,106,1,0,157,106,1,0,231,106,1,0,214,108,1,0,
    6,109,1,0,215,110,1,0,249,110,1,0,27,111,1,0,
    86,111,1,0,2,112,1,0,121,113,1,0,84,114,1,0,
    190,115,1,0,0,117,1,0,125,118,1,0,102,119,1,0,
    228,121,1,0,98,124,1,0,65,125,1,0,32,127,1,0,
    52,128,1,0,182,129,1,0,130,131,1,0,88,133,1,0,
    5,135,1,0,70,137,1,0,167,138,1,0,139,140,1,0,
    10,142,1,0,129,143,1,0,80,145,1,0,113,146,1,0,
    197,147,1,0,229,148,1,0,118,150,1,0,181,151,1,0,
    12,153,1,0,152,154,1,0,134,155,1,0,201,155,1,0,
    249,155,1,0,27,156,1,0,191,157,1,0,208,158,1,0,
    64,160,1,0,141,160,1,0,108,161,1,0,75,162,1,0,
    137,162,1,0,190,162,1,0,1,163,1,0,220,163,1,0,
    0,88,178,4,0,0,0,0,1,0,0,0,0,0,0,0,
    0,236,164,5,0,0,0,0,1,0,0,0,0,0,0,0,
    128,31,134,7,0,0,0,0,1,0,0,0,0,0,0,0,
    0,83,103,9,0,0,0,0,1,0,0,0,0,0,0,0,
    128,134,72,11,0,0,0,0,1,0,0,0,0,0,0,0,
    128,11,43,13,0,0,0,0,1,0,0,0,0,0,0,0,
    0,63,12,15,0,0,0,0,1,0,0,0,0,0,0,0,
    128,114,237,16,0,0,0,0,1,0,0,0,0,0,0,0,
    0,166,206,18,0,0,0,0,1,0,0,0,0,0,0,0,
    128,202,159,21,0,0,0,0,1,0,0,0,0,0,0,0,
    0,254,128,23,0,0,0,0,1,0,0,0,0,0,0,0,
    128,49,98,25,0,0,0,0,1,0,0,0,0,0,0,0,
    0,234,37,29,0,0,0,0,1,0,0,0,0,0,0,0,
    0,229,218,33,0,0,0,0,1,0,0,0,0,0,0,0,
    128,157,158,37,0,0,0,0,1,0,0,0,0,0,0,0,
    0,209,127,39,0,0,0,0,1,0,0,0,0,0,0,0,
    128,245,80,42,0,0,0,0,1,0,0,0,0,0,0,0,
    0,41,50,44,0,0,0,0,1,0,0,0,0,0,0,0,
    128,92,19,46,0,0,0,0,1,0,0,0,0,0,0,0,
    0,36,231,48,0,0,0,0,1,0,0,0,0,0,0,0,
    128,72,184,51,0,0,0,0,1,0,0,0,0,0,0,0,
    0,16,140,54,0,0,0,0,1,0,0,0,0,0,0,0,
    128,27,183,67,0,0,0,0,1,0,0,0,0,0,0,0,
    128,7,92,73,0,0,0,0,1,0,0,0,0,0,0,0,
    0,147,239,79,0,0,0,0,1,0,0,0,0,0,0,0,
    128,45,147,85,0,0,0,0,1,0,0,0,0,0,0,0,
    128,70,104,88,0,0,0,0,1,0,0,0,0,0,0,0,
    240,241,255,255,0,0,0,0,176,4,0,0,8,7,0,0,
    16,14,0,0,24,21,0,0,32,28,0,0,0,0,0,0,
    0,0,0,0,0,0,0,0,0,0,0,0,0,0,0,0,
    0,0,0,0,0,0,0,0,0,0,0,0,0,0,0,0,
    6,0,102,0,1,0,0,0,26,4,0,0,28,0,0,0,
    26,4,0,0,32,0,0,0,0,0,0,0,36,0,0,0,
    16,14,0,0,40,0,0,0,32,28,0,0,44,0,1,0,
    16,14,0,0,49,0,1,0,156,1,0,0,179,128,201,148,
    21,180,160,143,243,2,128,134,220,165,5,224,239,190,44,128,
    214,205,12,192,206,158,16,128,156,216,12,128,236,166,17,128,
    156,216,12,192,130,211,4,128,183,141,9,128,214,240,17,128,
    222,250,10,128,232,225,20,128,212,217,11,128,134,197,18,128,
    202,184,12,128,152,147,16,128,152,147,16,128,240,235,13,128,
    218,181,14,128,174,201,15,128,196,255,14,128,196,255,14,128,
    152,147,16,128,240,235,13,128,174,201,15,128,218,181,14,128,
    152,147,16,224,130,183,14,128,152,147,16,128,240,235,13,128,
    174,201,15,128,218,181,14,128,152,147,16,128,240,235,13,128,
    196,255,14,128,196,255,14,128,218,181,14,128,152,147,16,128,
    196,255,14,128,196,255,14,128,218,181,14,128,174,201,15,128,
    152,147,16,128,240,235,13,128,196,255,14,128,196,255,14,128,
    218,181,14,128,174,201,15,128,152,147,16,128,214,240,17,128,
    204,137,8,128,190,128,7,224,199,233,73,128,178,142,12,128,
    174,201,15,128,196,255,14,128,170,225,13,128,222,157,16,128,
    170,225,13,128,254,151,20,128,142,207,11,128,128,202,149,7,
    128,218,181,14,128,174,201,15,128,196,255,14,128,196,255,14,
    128,196,255,14,128,174,201,15,128,218,181,14,128,196,255,14,
    128,196,255,14,128,196,255,14,128,196,255,14,128,196,255,14,
    128,196,255,14,128,196,255,14,128,174,201,15,128,196,255,14,
    128,196,255,14,128,196,255,14,128,196,255,14,128,196,255,14,
    128,196,255,14,128,196,255,14,128,196,255,14,128,196,255,14,
    128,196,255,14,128,196,255,14,128,174,201,15,128,196,255,14,
    128,196,255,14,128,196,255,14,128,196,255,14,128,196,255,14,
    128,196,255,14,128,196,255,14,128,196,255,14,128,196,255,14,
    128,196,255,14,128,174,201,15,17,18,19,68,19,68,19,68,
    19,18,69,18,69,18,69,18,69,18,69,18,69,18,69,18,
    69,18,69,18,69,18,69,18,69,18,69,18,69,18,69,18,
    69,18,69,18,69,18,69,18,69,18,69,18,69,68,19,68,
    19,68,19,68,19,68,19,68,19,68,19,68,19,68,19,68,
    19,68,19,68,19,68,19,68,19,68,19,68,19,68,19,68,
    19,68,19,68,19,68,19,68,19,68,19,68,19,68,6,0,
    175,0,54,0,0,0,212,173,255,255,28,0,0,0,176,185,
    255,255,77,0,1,0,160,171,255,255,81,0,0,0,176,185,
    255,255,85,0,0,0,176,185,255,255,89,0,1,0,176,185,
    255,255,93,0,1,0,190,2,0,0,191,133,224,159,20,192,
    183,145,138,8,224,179,166,17,160,212,216,12,224,179,166,17,
    160,226,132,19,224,143,196,11,160,234,142,12,224,157,240,17,
    160,252,255,14,224,249,141,12,160,142,241,17,224,227,215,12,
    160,164,167,17,224,227,215,12,160,164,167,17,224,227,215,12,
    160,164,167,17,224,227,215,12,160,164,167,17,224,227,215,12,
    160,142,241,17,224,227,215,12,160,164,167,17,224,227,215,12,
    160,164,167,17,224,227,215,12,160,164,167,17,224,227,215,12,
    160,164,167,17,224,227,215,12,160,142,241,17,224,249,141,12,
    160,142,241,17,224,227,215,12,160,164,167,17,224,227,215,12,
    160,212,216,12,224,153,171,21,160,190,162,13,224,227,215,12,
    160,164,167,17,224,227,215,12,160,142,241,17,224,249,141,12,
    160,142,241,17,224,227,215,12,160,164,167,17,224,227,215,12,
    160,220,133,11,224,215,215,105,128,214,232,3,160,164,167,17,
    224,227,215,12,160,164,167,17,224,227,215,12,160,164,167,17,
    224,227,215,12,160,164,167,17,224,227,215,12,160,142,241,17,
    224,249,141,12,160,142,241,17,224,227,215,12,160,164,167,17,
    224,227,215,12,160,164,167,17,224,227,215,12,160,164,167,17,
    224,227,215,12,160,164,167,17,224,245,200,15,160,252,255,14,
    224,139,255,14,160,252,255,14,224,139,255,14,160,252,255,14,
    224,139,255,14,160,252,255,14,224,139,255,14,160,252,255,14,
    224,245,200,15,160,252,255,14,224,139,255,14,160,252,255,14,
    224,139,255,14,160,252,255,14,224,139,255,14,160,252,255,14,
    224,139,255,14,160,252,255,14,224,245,200,15,160,146,182,14,
    224,245,200,15,160,252,255,14,224,139,255,14,160,252,255,14,
    224,139,255,14,160,252,255,14,224,139,255,14,160,252,255,14,
    224,139,255,14,160,252,255,14,224,245,200,15,160,252,255,14,
    224,139,255,14,160,252,255,14,224,139,255,14,160,220,226,5,
    224,171,156,24,160,194,231,9,224,197,151,20,160,252,255,14,
    224,245,200,15,160,146,182,14,224,245,200,15,160,252,255,14,
    224,139,255,14,160,252,255,14,224,139,255,14,160,252,255,14,
    224,139,255,14,160,252,255,14,224,139,255,14,160,252,255,14,
    224,245,200,15,160,146,182,14,224,245,200,15,160,252,255,14,
    224,139,255,14,160,252,255,14,224,139,255,14,160,252,255,14,
    224,139,255,14,160,190,162,13,224,201,220,16,160,190,162,13,
    224,179,166,17,160,212,216,12,224,179,166,17,160,212,216,12,
    224,179,166,17,160,190,162,13,224,201,220,16,160,190,162,13,
    224,201,220,16,160,190,162,13,224,179,166,17,160,212,216,12,
    224,179,166,17,160,212,216,12,224,179,166,17,160,190,162,13,
    224,201,220,16,160,190,162,13,224,201,220,16,160,190,162,13,
    224,201,220,16,160,190,162,13,224,179,166,17,160,212,216,12,
    224,179,166,17,160,212,216,12,224,179,166,17,160,190,162,13,
    224,201,220,16,160,190,162,13,224,201,220,16,160,190,162,13,
    224,179,166,17,160,212,216,12,224,179,166,17,160,212,216,12,
    224,179,166,17,160,150,251,10,18,65,18,65,18,65,18,65,
    18,65,18,65,18,65,18,65,18,65,18,65,18,65,18,65,
    18,65,18,65,18,65,18,65,18,65,18,65,18,19,18,65,
    18,65,18,65,18,65,18,65,18,68,69,18,65,18,65,18,
    65,18,65,18,65,18,65,18,65,18,65,18,65,18,65,18,
    65,18,65,18,65,18,65,18,65,18,65,18,65,18,65,18,
    65,18,65,18,65,18,65,18,65,18,65,18,65,18,65,18,
    65,18,65,18,65,18,65,18,65,18,65,18,65,18,65,18,
    65,18,65,18,65,18,65,18,65,18,65,18,65,18,65,18,
    65,18,65,18,65,18,65,18,65,18,65,18,65,18,65,18,
    65,18,65,18,65,18,65,18,65,18,65,18,65,18,65,18,
    65,18,65,18,65,18,65,4,0,106,0,97,0,0,0,200,
    178,255,255,28,0,0,0,192,178,255,255,124,0,0,0,192,
    199,255,255,77,0,1,0,176,185,255,255,81,0,0,0,172,
    1,0,0,143,221,198,231,18,144,231,220,173,8,160,199,134,
    87,224,163,134,10,160,166,184,222,2,224,169,191,7,160,222,
    191,22,224,147,137,8,160,222,191,22,224,169,191,7,160,238,
    189,82,224,169,191,7,160,222,191,22,224,169,191,7,160,184,
    161,180,4,224,221,251,9,160,158,238,19,224,187,176,10,160,
    160,191,15,224,169,226,12,160,142,241,17,224,249,141,12,160,
    226,132,19,224,139,255,14,160,252,255,14,224,139,255,14,160,
    252,255,14,224,245,200,15,160,252,255,14,224,205,161,13,160,
    186,221,16,224,147,172,13,160,244,210,16,224,217,182,13,160,
    174,200,16,224,139,255,14,160,252,255,14,224,245,200,15,160,
    146,182,14,224,245,200,15,160,230,201,15,224,227,215,12,160,
    190,162,13,224,179,166,17,160,212,216,12,224,179,166,17,160,
    164,167,17,224,227,215,12,160,164,167,17,224,227,215,12,160,
    164,167,17,224,227,215,12,160,164,167,17,224,205,161,13,160,
    186,221,16,224,205,161,13,160,212,216,12,224,179,166,17,160,
    212,216,12,224,179,166,17,160,190,162,13,224,201,220,16,160,
    190,162,13,224,201,220,16,160,146,182,14,224,223,146,16,160,
    146,182,14,128,174,201,15,128,218,181,14,128,174,201,15,128,
    218,181,14,128,174,201,15,128,218,181,14,128,174,201,15,128,
    218,181,14,128,174,201,15,128,196,255,14,128,196,255,14,128,
    196,255,14,128,174,201,15,128,240,235,13,128,236,166,17,128,
    156,216,12,128,214,240,17,128,156,216,12,128,236,166,17,128,
    156,216,12,128,236,166,17,128,134,162,13,128,130,221,16,128,
    134,162,13,128,130,221,16,128,156,216,12,128,230,238,77,128,
    222,250,10,128,170,132,19,128,200,196,11,128,192,186,18,128,
    222,250,10,128,170,132,19,128,200,196,11,128,170,132,19,128,
    200,196,11,128,148,206,19,128,200,196,11,128,214,240,17,17,
    19,66,19,66,19,66,19,66,19,66,19,66,19,66,19,66,
    19,66,19,66,19,66,19,66,19,66,19,66,19,66,19,66,
    19,66,19,66,19,66,19,66,19,66,19,66,19,66,19,66,
    19,66,19,66,19,66,19,66,19,66,19,66,19,66,19,66,
    19,66,19,66,19,66,19,66,19,66,19,66,19,66,19,66,
    19,66,19,66,19,66,19,66,19,66,19,66,19,66,19,66,
    19,66,19,66,19,66,19,66,19,6,0,55,0,128,0,0,
    0,60,22,0,0,28,0,0,0,60,22,0,0,157,0,0,
    0,48,42,0,0,161,0,1,0,32,28,0,0,166,0,0,
    0,16,14,0,0,40,0,0,0,32,28,0,0,44,0,1,
    0,226,0,0,0,247,158,131,188,17,248,164,132,244,4,192,
    161,230,223,3,224,151,206,4,160,208,221,130,2,224,145,242,
    1,128,139,181,45,192,135,152,12,224,175,190,15,160,194,138,
    15,224,211,129,248,1,224,175,155,10,160,208,170,163,5,128,
    216,228,18,192,230,165,11,128,196,255,14,128,218,181,14,128,
    160,192,14,128,232,190,15,160,146,182,14,192,255,203,15,128,
    188,241,14,224,221,158,15,224,255,233,14,128,165,129,15,128,
    196,255,14,128,196,255,14,128,196,255,14,128,196,255,14,128,
    196,255,14,128,196,255,14,128,174,201,15,128,196,255,14,128,
    196,255,14,128,196,255,14,128,196,255,14,128,196,255,14,128,
    196,255,14,128,196,255,14,128,196,255,14,128,196,255,14,128,
    196,255,14,128,196,255,14,128,174,201,15,128,196,255,14,128,
    196,255,14,128,196,255,14,128,196,255,14,128,196,255,14,128,
    196,255,14,128,196,255,14,128,196,255,14,128,196,255,14,128,
    196,255,14,128,174,201,15,17,19,66,19,66,69,20,69,20,
    19,66,19,66,19,66,19,66,19,66,19,66,19,66,19,66,
    19,66,19,66,19,66,19,66,19,66,19,66,19,66,19,66,
    19,66,19,66,19,66,19,66,19,66,19,66,19,66,3,0,
    2,0,170,0,0,0,112,181,255,255,28,0,0,0,24,181,
    255,255,175,0,0,0,176,185,255,255,85,0,0,0,10,0,
    0,0,223,231,198,231,18,176,239,233,166,4,17,18,5,0,
    175,0,179,0,0,0,158,186,255,255,28,0,0,0,192,199,
    255,255,202,0,1,0,176,185,255,255,85,0,0,0,192,199,
    255,255,206,0,1,0,192,199,255,255,210,0,1,0,190,2,
    0,0,223,189,224,159,20,192,183,145,138,8,224,179,166,17,
    160,212,216,12,224,179,166,17,160,212,216,12,224,157,240,17,
    160,146,182,14,224,227,215,12,160,142,241,17,224,249,141,12,
    160,142,241,17,224,227,215,12,160,164,167,17,224,227,215,12,
    160,164,167,17,224,227,215,12,160,164,167,17,224,227,215,12,
    160,164,167,17,224,227,215,12,160,142,241,17,224,227,215,12,
    160,164,167,17,224,227,215,12,160,164,167,17,224,227,215,12,
    160,164,167,17,224,227,215,12,160,164,167,17,224,227,215,12,
    160,142,241,17,224,249,141,12,160,142,241,17,224,227,215,12,
    160,164,167,17,224,227,215,12,160,164,167,17,224,227,215,12,
    160,164,167,17,224,227,215,12,160,164,167,17,224,227,215,12,
    160,142,241,17,224,249,141,12,160,142,241,17,224,227,215,12,
    160,164,167,17,224,227,215,12,160,220,133,11,128,144,216,105,
    224,157,232,3,160,164,167,17,224,227,215,12,160,164,167,17,
    224,227,215,12,160,164,167,17,224,227,215,12,160,164,167,17,
    224,227,215,12,160,142,241,17,224,249,141,12,160,142,241,17,
    224,227,215,12,160,164,167,17,224,227,215,12,160,164,167,17,
    224,227,215,12,160,164,167,17,224,227,215,12,160,164,167,17,
    224,245,200,15,160,252,255,14,224,139,255,14,160,252,255,14,
    224,139,255,14,160,252,255,14,224,139,255,14,160,252,255,14,
    224,139,255,14,160,252,255,14,224,245,200,15,160,252,255,14,
    224,139,255,14,160,252,255,14,224,139,255,14,160,252,255,14,
    224,139,255,14,160,252,255,14,224,139,255,14,160,252,255,14,
    224,245,200,15,160,146,182,14,224,245,200,15,160,252,255,14,
    224,139,255,14,160,252,255,14,224,139,255,14,160,252,255,14,
    224,139,255,14,160,252,255,14,224,139,255,14,160,252,255,14,
    224,245,200,15,160,252,255,14,224,139,255,14,160,252,255,14,
    224,139,255,14,160,220,226,5,224,171,156,24,160,194,231,9,
    224,197,151,20,160,252,255,14,224,245,200,15,160,146,182,14,
    224,245,200,15,160,252,255,14,224,139,255,14,160,252,255,14,
    224,139,255,14,160,252,255,14,224,139,255,14,160,252,255,14,
    224,139,255,14,160,252,255,14,224,245,200,15,160,146,182,14,
    224,245,200,15,160,252,255,14,224,139,255,14,160,252,255,14,
    224,139,255,14,160,252,255,14,224,139,255,14,160,190,162,13,
    224,201,220,16,160,190,162,13,224,179,166,17,160,212,216,12,
    224,179,166,17,160,212,216,12,224,179,166,17,160,190,162,13,
    224,201,220,16,160,190,162,13,224,201,220,16,160,190,162,13,
    224,179,166,17,160,212,216,12,224,179,166,17,160,212,216,12,
    224,179,166,17,160,190,162,13,224,201,220,16,160,190,162,13,
    224,201,220,16,160,190,162,13,224,201,220,16,160,190,162,13,
    224,179,166,17,160,212,216,12,224,179,166,17,160,212,216,12,
    224,179,166,17,160,190,162,13,224,201,220,16,160,190,162,13,
    224,201,220,16,160,190,162,13,224,179,166,17,160,212,216,12,
    224,179,166,17,160,212,216,12,224,179,166,17,160,150,251,10,
    18,65,18,65,18,65,18,65,18,65,18,65,18,65,18,65,
    18,65,18,65,18,65,18,65,18,65,18,65,18,65,18,65,
    18,65,18,65,18,65,18,65,18,65,18,65,18,65,18,65,
    18,67,68,18,65,18,65,18,65,18,65,18,65,18,65,18,
    65,18,65,18,65,18,65,18,65,18,65,18,65,18,65,18,
    65,18,65,18,65,18,65,18,65,18,65,18,65,18,65,18,
    65,18,65,18,65,18,65,18,65,18,65,18,65,18,65,18,
    65,18,65,18,65,18,65,18,65,18,65,18,65,18,65,18,
    65,18,65,18,65,18,65,18,65,18,65,18,65,18,65,18,
    65,18,65,18,65,18,65,18,65,18,65,18,65,18,65,18,
    65,18,65,18,65,18,65,18,65,18,65,18,65,18,65,3,
    0,128,0,214,0,0,0,85,29,0,0,28,0,0,0,48,
    42,0,0,161,0,1,0,32,28,0,0,166,0,0,0,4,
    2,0,0,169,201,149,164,16,234,156,179,173,9,224,155,182,
    6,160,208,147,16,224,227,215,12,160,150,158,16,224,237,155,
    17,160,224,237,12,224,203,208,17,160,200,195,12,224,203,208,
    17,160,156,215,13,224,177,178,16,160,216,221,218,2,224,167,
    238,11,160,176,188,17,224,157,205,12,192,232,188,17,160,200,
    195,12,224,203,208,17,160,200,195,12,224,133,198,17,160,200,
    195,12,224,133,198,17,160,200,195,12,224,133,198,17,160,200,
    195,12,224,203,208,17,160,200,195,12,224,133,198,17,160,200,
    195,12,224,133,198,17,160,142,206,12,224,191,187,17,160,142,
    206,12,224,133,198,17,160,142,206,12,224,191,187,17,160,142,
    206,12,224,191,187,17,160,142,206,12,224,191,187,17,160,142,
    206,12,224,133,198,17,160,142,206,12,224,191,187,17,160,142,
    206,12,224,191,187,17,160,142,206,12,224,191,187,17,160,142,
    206,12,224,133,198,17,160,142,206,12,224,191,187,17,160,142,
    206,12,224,191,187,17,160,142,206,12,224,191,187,17,160,142,
    206,12,224,133,198,17,160,142,206,12,224,191,187,17,160,142,
    206,12,224,253,187,24,160,208,205,5,224,239,178,23,160,222,
    214,6,224,133,198,17,160,142,206,12,224,191,187,17,160,142,
    206,12,224,191,187,17,160,142,206,12,224,191,187,17,160,142,
    206,12,224,133,198,17,160,142,206,12,224,157,240,17,160,176,
    153,12,224,191,187,17,160,142,206,12,224,191,187,17,160,142,
    206,12,224,133,198,17,160,142,206,12,224,191,187,17,160,142,
    206,12,224,191,187,17,160,142,206,12,192,181,155,17,224,227,
    215,12,160,164,167,17,224,227,215,12,160,164,167,17,224,227,
    215,12,160,164,167,17,224,227,215,12,160,142,241,17,224,227,
    215,12,160,164,167,17,224,227,215,12,160,164,167,17,224,227,
    215,12,160,164,167,17,224,227,215,12,160,164,167,17,224,227,
    215,12,160,142,241,17,224,227,215,12,160,164,167,17,224,227,
    215,12,160,164,167,17,224,249,141,12,160,142,241,17,224,165,
    250,10,160,226,132,19,224,187,176,10,160,204,206,19,224,209,
    230,9,160,160,226,20,224,241,189,8,160,236,188,2,224,133,
    221,1,160,250,129,109,224,195,186,3,160,202,241,2,224,151,
    206,4,160,184,179,130,2,18,65,18,65,18,65,18,65,18,
    65,18,65,18,65,18,65,18,65,18,65,18,65,18,65,18,
    65,18,65,18,65,18,65,18,65,18,65,18,65,18,65,18,
    65,18,65,18,65,18,65,18,65,18,65,18,65,18,65,18,
    65,18,65,18,65,18,65,18,65,18,65,18,65,18,65,18,
    65,18,65,18,65,18,65,18,65,18,65,18,65,18,65,18,
    65,18,65,18,65,18,65,18,65,18,65,18,65,18,65,18,
    65,18,65,18,65,18,65,18,65,18,65,18,65,18,65,18,
    65,18,65,18,65,18,65,8,0,145,0,244,0,0,0,15,
    250,255,255,28,0,0,0,15,250,255,255,15,1,0,0,31,
    8,0,0,19,1,1,0,16,14,0,0,23,1,1,0,0,
    0,0,0,27,1,0,0,16,14,0,0,19,1,1,0,0,
    0,0,0,27,1,1,0,16,14,0,0,19,1,0,0,71,
    2,0,0,157,212,247,130,21,192,162,173,181,8,128,222,250,
    10,158,150,201,15,128,204,172,13,128,232,190,15,128,244,211,
    15,128,254,244,14,128,138,138,15,128,254,244,14,128,178,177,
    17,128,192,151,13,128,138,138,15,128,148,171,14,128,152,147,
    16,128,152,147,16,128,178,142,12,128,236,166,17,128,134,162,
    13,128,236,166,17,128,240,235,13,128,152,147,16,128,240,235,
    13,128,174,201,15,128,218,181,14,128,130,221,16,128,240,235,
    13,128,152,147,16,128,240,235,13,128,174,201,15,128,218,181,
    14,128,152,147,16,128,240,235,13,128,152,147,16,128,240,235,
    13,128,174,201,15,128,196,255,14,128,152,147,16,128,240,235,
    13,128,174,201,15,128,218,181,14,128,152,147,16,128,240,235,
    13,128,152,147,16,128,240,235,13,128,174,201,15,128,218,181,
    14,128,152,147,16,128,214,240,17,128,204,137,8,128,218,254,
    198,1,128,134,162,13,128,170,132,19,128,240,235,13,128,152,
    147,16,128,156,216,12,128,236,166,17,128,240,235,13,128,174,
    201,15,128,218,181,14,128,174,201,15,128,196,255,14,128,174,
    201,15,128,218,181,14,128,240,235,13,128,174,201,15,128,218,
    181,14,128,152,147,16,128,240,235,13,128,130,221,16,128,240,
    235,13,128,174,201,15,128,218,181,14,128,152,147,16,128,240,
    235,13,128,152,147,16,128,240,235,13,128,174,201,15,128,218,
    181,14,128,218,181,14,128,214,240,17,128,178,142,12,128,214,
    240,17,128,156,216,12,128,236,166,17,128,178,142,12,128,214,
    240,17,128,178,142,12,128,214,240,17,128,178,142,12,128,214,
    240,17,128,178,142,12,128,192,186,18,128,160,157,9,160,191,
    224,20,224,170,200,90,128,200,196,11,128,192,186,18,128,200,
    196,11,128,192,186,18,128,200,196,11,128,192,186,18,128,200,
    196,11,128,192,186,18,128,178,142,12,128,214,240,17,128,178,
    142,12,128,214,240,17,128,178,142,12,128,192,186,18,128,200,
    196,11,128,192,186,18,128,200,196,11,128,192,186,18,224,227,
    215,12,128,236,166,17,128,156,216,12,128,236,166,17,128,156,
    216,12,128,236,166,17,128,156,216,12,128,214,240,17,128,156,
    216,12,128,236,166,17,128,156,216,12,128,236,166,17,128,156,
    216,12,128,236,166,17,128,156,216,12,128,236,166,17,128,156,
    216,12,128,214,240,17,128,178,142,12,128,214,240,17,128,156,
    216,12,128,236,166,17,128,156,216,12,128,236,166,17,128,156,
    216,12,128,236,166,17,128,156,216,12,128,236,166,17,128,156,
    216,12,128,236,166,17,128,134,162,13,17,66,20,67,20,67,
    20,67,20,67,20,67,20,69,20,69,20,69,20,69,20,69,
    20,69,20,69,20,69,20,69,20,69,20,69,20,69,20,69,
    20,69,20,69,20,69,20,69,20,69,20,69,20,69,20,69,
    20,69,20,69,20,69,20,69,20,69,20,69,20,69,20,69,
    20,69,20,69,20,69,20,69,20,69,20,69,20,69,20,69,
    20,69,20,69,20,69,20,69,23,6,23,6,23,6,23,6,
    23,6,23,6,23,6,23,6,23,6,23,6,23,6,23,6,
    23,6,23,6,23,6,23,6,23,6,23,6,23,6,23,6,
    23,6,23,6,23,6,23,6,23,6,23,1,0,0,0,31,
    1,0,0,0,0,0,0,38,1,0,0,0,0,0,0,5,
    0,159,0,42,1,0,0,181,255,255,255,28,0,0,0,16,
    14,0,0,23,1,1,0,0,0,0,0,27,1,0,0,32,
    28,0,0,67,1,1,0,16,14,0,0,23,1,0,0,126,
    2,0,0,233,216,151,218,28,170,143,205,140,16,128,222,250,
    10,128,174,201,15,128,204,172,13,128,232,190,15,128,244,211,
    15,128,254,244,14,128,138,138,15,128,254,244,14,128,178,177,
    17,128,192,151,13,128,138,138,15,128,148,171,14,128,152,147,
    16,128,152,147,16,128,178,142,12,128,236,166,17,128,134,162,
    13,128,236,166,17,128,240,235,13,128,152,147,16,128,240,235,
    13,128,174,201,15,128,218,181,14,128,130,221,16,128,240,235,
    13,128,152,147,16,128,240,235,13,128,174,201,15,128,218,181,
    14,128,152,147,16,128,240,235,13,128,152,147,16,128,240,235,
    13,128,174,201,15,128,196,255,14,128,152,147,16,128,240,235,
    13,128,174,201,15,128,218,181,14,128,152,147,16,128,240,235,
    13,128,152,147,16,128,240,235,13,128,174,201,15,128,218,181,
    14,128,152,147,16,128,214,240,17,128,204,137,8,224,243,224,
    35,128,204,137,8,128,148,206,19,128,244,176,10,128,148,206,
    19,128,222,250,10,128,170,132,19,128,240,235,13,128,222,157,
    16,128,240,200,8,160,176,246,6,128,174,201,15,128,218,181,
    14,128,134,162,13,224,239,166,2,128,138,231,9,160,176,246,
    6,128,222,250,10,128,170,132,19,128,156,216,12,128,236,166,
    17,128,240,235,13,128,174,201,15,128,218,181,14,128,174,201,
    15,128,196,255,14,128,174,201,15,128,218,181,14,128,240,235,
    13,128,174,201,15,128,218,181,14,128,152,147,16,128,240,235,
    13,128,130,221,16,128,240,235,13,128,174,201,15,128,218,181,
    14,128,152,147,16,128,240,235,13,128,152,147,16,128,240,235,
    13,128,174,201,15,128,218,181,14,128,218,181,14,128,214,240,
    17,128,178,142,12,128,214,240,17,128,156,216,12,128,236,166,
    17,128,178,142,12,128,214,240,17,128,178,142,12,128,214,240,
    17,128,178,142,12,128,214,240,17,128,178,142,12,128,192,186,
    18,128,160,157,9,160,191,224,20,224,170,200,90,128,200,196,
    11,128,192,186,18,128,200,196,11,128,192,186,18,128,200,196,
    11,128,192,186,18,128,200,196,11,128,192,186,18,128,178,142,
    12,128,214,240,17,128,178,142,12,128,214,240,17,128,178,142,
    12,128,192,186,18,128,200,196,11,128,192,186,18,128,200,196,
    11,128,192,186,18,224,227,215,12,128,236,166,17,128,156,216,
    12,128,236,166,17,128,156,216,12,128,236,166,17,128,156,216,
    12,128,214,240,17,128,156,216,12,128,236,166,17,128,156,216,
    12,128,236,166,17,128,156,216,12,128,236,166,17,128,156,216,
    12,128,236,166,17,128,156,216,12,128,214,240,17,128,178,142,
    12,128,214,240,17,128,156,216,12,128,236,166,17,128,156,216,
    12,128,236,166,17,128,156,216,12,128,236,166,17,128,156,216,
    12,128,236,166,17,128,156,216,12,128,236,166,17,224,177,236,
    5,18,65,18,65,18,65,18,65,18,65,18,65,18,65,18,
    65,18,65,18,65,18,65,18,65,18,65,18,65,18,65,18,
    65,18,65,18,65,18,65,18,65,18,65,18,65,18,65,18,
    65,18,65,99,65,99,65,99,65,99,65,99,65,18,65,18,
    65,99,65,18,65,18,65,18,65,18,65,18,65,18,65,18,
    65,18,65,18,65,18,65,18,65,18,65,18,65,18,65,18,
    65,18,65,18,65,18,65,18,65,18,65,18,65,20,18,65,
    18,65,18,65,18,65,18,65,18,65,18,65,18,65,18,65,
    18,65,18,65,18,65,18,65,18,65,18,65,18,65,18,65,
    18,65,18,65,18,65,18,65,18,65,18,65,18,65,18,18,
    1,0,0,0,72,1,0,0,0,0,0,0,27,1,0,0,
    0,0,0,0,6,0,7,0,77,1,0,0,2,108,255,255,
    28,0,0,0,88,108,255,255,83,1,0,0,104,122,255,255,
    87,1,1,0,104,122,255,255,91,1,1,0,104,122,255,255,
    95,1,1,0,96,115,255,255,83,1,0,0,31,0,0,0,
    131,189,252,177,17,148,202,166,226,8,160,184,225,1,224,177,
    190,134,2,208,218,213,105,144,211,234,3,160,168,225,50,17,
    66,17,67,68,17,21,5,0,69,0,99,1,0,0,10,107,
    0,0,28,0,0,0,128,112,0,0,105,1,0,0,144,126,
    0,0,109,1,1,0,136,119,0,0,114,1,1,0,144,126,
    0,0,119,1,0,0,22,1,0,0,223,241,180,169,15,192,
    182,158,206,8,128,136,243,8,144,249,254,6,176,180,171,117,
    224,227,215,12,240,132,188,18,128,222,250,10,128,170,132,19,
    128,156,216,12,128,196,255,14,128,156,216,12,128,236,166,17,
    128,156,216,12,128,236,166,17,128,156,216,12,128,236,166,17,
    128,134,162,13,128,236,166,17,128,156,216,12,224,179,166,17,
    160,128,197,11,224,135,186,18,160,128,197,11,224,241,131,19,
    160,150,251,10,224,241,131,19,160,128,197,11,224,135,186,18,
    160,128,197,11,224,135,186,18,160,128,197,11,224,135,186,18,
    160,128,197,11,224,241,131,19,160,150,251,10,224,241,131,19,
    160,150,251,10,224,241,131,19,160,128,197,11,224,135,186,18,
    160,128,197,11,224,135,186,18,160,168,236,13,224,139,255,14,
    160,252,255,14,224,139,255,14,160,252,255,14,224,245,200,15,
    160,252,255,14,224,139,255,14,160,252,255,14,224,139,255,14,
    160,252,255,14,224,139,255,14,160,252,255,14,224,139,255,14,
    160,252,255,14,224,245,200,15,160,252,255,14,224,139,255,14,
    160,220,226,5,224,171,156,24,160,252,255,14,224,139,255,14,
    160,252,255,14,224,139,255,14,160,180,165,77,224,205,161,13,
    17,66,51,20,17,66,17,66,17,66,17,66,17,66,17,66,
    17,66,17,66,17,66,17,66,17,66,17,66,17,66,17,66,
    17,66,17,66,17,66,17,66,17,66,17,66,17,66,17,66,
    17,66,17,66,17,66,17,66,17,66,17,66,17,66,17,66,
    17,66,17,66,17,2,0,1,0,72,1,0,0,56,252,255,
    255,28,0,0,0,0,0,0,0,27,1,0,0,5,0,0,
    0,239,182,203,209,13,17,6,0,71,0,123,1,0,0,56,
    48,0,0,28,0,0,0,56,48,0,0,136,1,0,0,72,
    63,0,0,140,1,1,0,56,49,0,0,146,1,0,0,80,
    70,0,0,152,1,1,0,64,56,0,0,156,1,0,0,32,
    1,0,0,239,136,156,217,12,128,186,162,201,4,224,223,155,
    233,9,128,190,198,17,144,254,226,12,128,222,250,10,128,204,
    137,8,144,250,157,16,224,185,188,9,160,136,149,15,224,163,
    169,15,160,132,155,191,2,224,155,217,11,160,252,255,14,224,
    151,148,15,160,182,245,14,224,151,148,15,160,182,245,14,224,
    151,148,15,160,182,245,14,224,151,148,15,160,182,245,14,224,
    151,148,15,160,252,255,14,224,151,148,15,160,182,245,14,224,
    151,148,15,160,182,245,14,224,151,148,15,160,182,245,14,224,
    151,148,15,160,252,255,14,224,151,148,15,160,182,245,14,224,
    151,148,15,160,182,245,14,224,151,148,15,160,182,245,14,224,
    151,148,15,160,252,255,14,224,151,148,15,160,210,136,75,224,
    151,148,15,160,252,255,14,224,151,148,15,160,182,245,14,224,
    151,148,15,160,182,245,14,224,151,148,15,160,182,245,14,224,
    151,148,15,160,252,255,14,224,151,148,15,160,182,245,14,224,
    151,148,15,160,182,245,14,224,151,148,15,160,182,245,14,224,
    151,148,15,160,252,255,14,224,151,148,15,160,182,245,14,224,
    151,148,15,160,182,245,14,224,151,148,15,160,182,245,14,224,
    151,148,15,160,252,255,14,224,151,148,15,160,182,245,14,224,
    151,148,15,17,19,66,21,68,21,19,66,19,66,19,66,19,
    66,19,66,19,66,19,66,19,66,19,66,19,66,19,66,19,
    66,19,66,19,66,19,66,19,66,19,66,19,66,19,66,19,
    66,19,66,19,66,19,66,19,66,19,66,19,66,19,66,19,
    66,19,66,19,66,19,66,19,66,19,5,0,100,0,160,1,
    0,0,6,33,0,0,28,0,0,0,248,32,0,0,187,1,
    0,0,48,42,0,0,191,1,1,0,32,28,0,0,19,1,
    0,0,64,56,0,0,195,1,1,0,149,1,0,0,139,244,
    201,148,21,156,138,204,247,8,240,165,204,162,5,128,220,134,
    10,128,218,239,3,128,188,234,58,128,202,184,12,128,132,209,
    17,128,144,195,12,128,132,209,17,128,228,214,13,128,234,178,
    16,128,228,214,13,128,234,178,16,128,150,241,46,128,158,169,
    8,128,174,131,5,128,254,244,14,128,208,148,15,128,228,214,
    13,128,144,195,12,128,164,168,16,128,192,186,18,128,134,162,
    13,128,196,255,14,128,218,181,14,128,156,216,12,128,166,191,
    22,128,226,191,7,128,166,191,22,128,226,191,7,128,188,245,
    21,128,138,231,9,128,236,166,17,128,178,142,12,192,199,160,
    249,3,224,147,137,8,160,230,201,15,224,165,250,10,160,162,
    158,148,1,128,252,186,3,128,172,203,109,128,160,157,9,128,
    170,132,19,224,143,196,11,160,138,172,21,224,231,156,9,160,
    224,144,18,224,145,184,12,160,164,167,17,224,249,141,12,160,
    204,206,19,224,187,176,10,160,186,221,16,224,227,215,12,160,
    164,167,17,224,205,161,13,160,164,167,17,224,205,161,13,160,
    152,146,17,224,239,236,12,160,152,146,17,224,133,163,12,160,
    130,220,17,224,239,236,12,160,196,254,15,224,221,158,15,160,
    148,170,15,224,173,202,14,160,218,180,15,224,195,128,14,224,
    136,147,17,224,227,215,12,160,248,186,18,192,233,180,14,160,
    206,159,15,224,183,235,13,160,148,170,15,224,199,232,15,160,
    192,150,14,224,245,200,15,160,218,180,15,224,183,235,13,192,
    170,223,15,224,129,222,15,160,134,161,14,224,151,148,15,160,
    240,234,14,224,195,128,14,160,196,254,15,224,129,222,15,160,
    134,161,14,224,151,148,15,160,240,234,14,224,195,128,14,160,
    174,200,16,224,151,148,15,160,240,234,14,224,173,202,14,160,
    218,180,15,17,19,66,19,66,19,66,19,66,19,66,19,66,
    19,100,66,19,66,19,66,19,66,19,66,19,66,19,66,19,
    66,19,66,19,66,19,66,19,66,19,66,19,66,19,66,19,
    66,19,66,19,66,19,66,19,66,19,66,19,66,19,66,19,
    66,19,66,19,66,19,66,19,66,19,66,19,66,19,66,19,
    66,19,66,19,66,19,66,19,66,19,66,19,66,19,66,19,
    66,19,66,19,66,19,66,4,0,22,0,170,0,0,0,2,
    184,255,255,28,0,0,0,2,184,255,255,200,1,0,0,176,
    185,255,255,85,0,0,0,192,199,255,255,202,0,1,0,91,
    0,0,0,131,242,198,231,18,128,198,196,152,5,228,145,235,
    199,14,224,171,156,24,160,194,231,9,224,197,151,20,160,252,
    255,14,224,245,200,15,160,146,182,14,224,245,200,15,160,252,
    255,14,224,139,255,14,160,252,255,14,224,139,255,14,160,252,
    255,14,224,139,255,14,160,252,255,14,224,139,255,14,160,252,
    255,14,224,245,200,15,160,146,182,14,224,245,200,15,17,18,
    67,18,67,18,67,18,67,18,67,18,67,18,67,18,67,18,
    67,18,67,18,3,0,9,0,204,1,0,0,3,131,0,0,
    28,0,0,0,160,140,0,0,210,1,1,0,144,126,0,0,
    119,1,0,0,38,0,0,0,159,238,234,163,19,128,248,218,
    151,14,128,222,250,10,128,130,221,16,128,134,162,13,128,148,
    206,19,128,244,176,10,128,148,206,19,128,244,176,10,18,65,
    18,65,18,65,18,65,18,6,0,6,0,214,1,0,0,224,
    156,0,0,28,0,0,0,176,154,0,0,223,1,0,0,160,
    140,0,0,227,1,0,0,144,126,0,0,231,1,0,0,64,
    87,255,255,235,1,0,0,192,168,0,0,239,1,0,0,28,
    0,0,0,191,159,207,156,16,224,246,184,187,8,160,210,230,
    127,160,222,227,85,192,229,252,131,6,224,203,255,206,5,17,
    18,19,17,20,21,4,0,32,0,243,1,0,0,92,12,0,
    0,28,0,0,0,32,28,0,0,44,0,1,0,16,14,0,
    0,40,0,0,0,32,28,0,0,166,0,0,0,133,0,0,
    0,183,251,233,224,11,216,191,199,188,7,160,241,191,6,224,
    146,169,53,160,207,244,6,160,230,190,52,224,181,212,7,160,
    232,167,90,224,237,155,180,5,160,212,181,7,224,209,137,15,
    160,252,255,14,224,209,137,15,160,194,138,15,224,209,137,15,
    160,218,180,15,224,243,212,14,160,206,159,15,224,139,255,14,
    160,240,234,14,224,209,137,15,160,194,138,15,224,209,137,15,
    160,252,255,14,224,209,137,15,160,130,220,17,224,229,241,192,
    1,160,148,170,15,224,209,137,15,192,184,193,198,3,128,130,
    186,11,128,236,166,17,18,65,18,65,18,65,18,19,18,65,
    18,65,18,65,18,65,18,65,18,65,18,65,18,65,18,19,
    18,65,19,18,65,19,4,0,11,0,249,1,0,0,238,150,
    255,255,28,0,0,0,160,171,255,255,254,1,1,0,144,157,
    255,255,2,2,0,0,160,171,255,255,6,2,1,0,48,0,
    0,0,159,205,223,159,20,192,183,145,138,8,224,179,166,17,
    160,212,216,12,224,179,166,17,160,140,241,158,5,152,202,246,
    56,160,154,192,7,224,209,137,15,232,235,186,167,5,224,139,
    255,14,18,65,18,65,18,67,18,67,18,65,18,5,0,97,
    0,10,2,0,0,148,157,255,255,28,0,0,0,160,171,255,
    255,254,1,1,0,144,157,255,255,2,2,0,0,160,171,255,
    255,6,2,1,0,160,171,255,255,33,2,1,0,136,1,0,
    0,159,205,223,159,20,192,183,145,138,8,224,179,166,17,160,
    212,216,12,224,179,166,17,160,212,216,12,224,157,240,17,160,
    234,142,12,224,151,206,4,160,152,203,239,4,192,159,215,105,
    160,142,233,3,160,250,242,204,4,224,245,200,15,160,146,182,
    14,224,245,200,15,160,252,255,14,224,139,255,14,160,252,255,
    14,224,139,255,14,160,252,255,14,224,139,255,14,160,252,255,
    14,224,139,255,14,160,252,255,14,224,245,200,15,160,252,255,
    14,224,139,255,14,160,252,255,14,224,139,255,14,160,220,226,
    5,224,171,156,24,160,194,231,9,224,197,151,20,160,252,255,
    14,224,245,200,15,160,146,182,14,224,245,200,15,160,252,255,
    14,224,139,255,14,160,252,255,14,224,139,255,14,160,252,255,
    14,224,139,255,14,160,252,255,14,224,139,255,14,160,252,255,
    14,224,245,200,15,160,146,182,14,224,245,200,15,160,252,255,
    14,224,139,255,14,160,252,255,14,224,139,255,14,160,252,255,
    14,224,139,255,14,160,190,162,13,224,201,220,16,160,190,162,
    13,224,179,166,17,160,212,216,12,224,179,166,17,160,212,216,
    12,224,179,166,17,160,190,162,13,224,201,220,16,160,190,162,
    13,224,201,220,16,160,190,162,13,224,179,166,17,160,212,216,
    12,224,179,166,17,160,212,216,12,224,179,166,17,160,190,162,
    13,224,201,220,16,160,190,162,13,224,201,220,16,160,190,162,
    13,224,201,220,16,160,190,162,13,224,179,166,17,160,212,216,
    12,224,179,166,17,160,212,216,12,224,179,166,17,160,190,162,
    13,224,201,220,16,160,190,162,13,224,201,220,16,160,190,162,
    13,224,179,166,17,160,212,216,12,224,179,166,17,160,212,216,
    12,224,179,166,17,160,150,251,10,18,65,18,65,18,65,18,
    65,18,67,68,18,65,18,65,18,65,18,65,18,65,18,65,
    18,65,18,65,18,65,18,65,18,65,18,65,18,65,18,65,
    18,65,18,65,18,65,18,65,18,65,18,65,18,65,18,65,
    18,65,18,65,18,65,18,65,18,65,18,65,18,65,18,65,
    18,65,18,65,18,65,18,65,18,65,18,65,18,65,18,65,
    18,65,18,65,18,65,18,65,18,65,6,0,96,0,37,2,
    0,0,216,163,0,0,28,0,0,0,200,175,0,0,65,2,
    1,0,184,161,0,0,70,2,0,0,192,168,0,0,65,2,
    1,0,208,182,0,0,75,2,1,0,192,168,0,0,65,2,
    0,0,132,1,0,0,175,205,197,228,23,128,153,235,239,13,
    224,209,230,9,160,248,186,18,240,255,215,12,144,136,167,17,
    240,255,215,12,144,136,167,17,240,255,215,12,144,136,167,17,
    240,233,161,13,144,158,221,16,240,233,161,13,144,158,221,16,
    240,229,220,16,144,184,216,12,240,207,166,17,144,184,216,12,
    240,207,166,17,144,184,216,12,240,207,166,17,144,184,216,12,
    240,207,166,17,144,184,216,12,240,185,240,17,144,206,142,12,
    240,185,240,17,144,184,216,12,176,243,152,158,1,192,142,243,
    227,6,128,160,157,9,128,254,151,20,128,222,250,10,128,148,
    206,19,128,244,176,10,128,148,206,19,128,244,176,10,128,148,
    206,19,128,244,176,10,128,148,206,19,128,244,176,10,128,148,
    206,19,128,244,176,10,128,148,206,19,128,222,250,10,128,148,
    206,19,128,244,176,10,128,148,206,19,128,244,176,10,128,148,
    206,19,128,244,176,10,128,148,206,19,128,244,176,10,128,148,
    206,19,128,244,176,10,128,148,206,19,128,222,250,10,128,148,
    206,19,128,244,176,10,128,214,240,17,128,134,162,13,128,130,
    221,16,128,134,162,13,128,130,221,16,128,134,162,13,128,130,
    221,16,128,240,235,13,128,152,147,16,128,240,235,13,128,152,
    147,16,128,240,235,13,128,152,147,16,128,240,235,13,128,130,
    221,16,128,134,162,13,128,130,221,16,128,134,162,13,128,130,
    221,16,128,240,235,13,128,152,147,16,128,240,235,13,128,152,
    147,16,128,240,235,13,128,130,221,16,128,134,162,13,128,130,
    221,16,128,134,162,13,128,130,221,16,128,240,235,13,128,152,
    147,16,128,240,235,13,128,152,147,16,128,240,235,13,128,152,
    147,16,128,240,235,13,128,152,147,16,18,65,18,51,18,51,
    18,51,18,51,18,51,18,51,18,51,18,51,18,51,18,51,
    18,51,18,51,18,51,21,68,21,68,21,68,21,68,21,68,
    21,68,21,68,21,68,21,68,21,68,21,68,21,68,21,68,
    21,68,21,68,21,68,21,68,21,68,21,68,21,68,21,68,
    21,68,21,68,21,68,21,68,21,68,21,68,21,68,21,68,
    21,68,21,68,21,68,21,68,21,68,4,0,69,0,80,2,
    0,0,252,171,0,0,28,0,0,0,68,172,0,0,125,2,
    0,0,92,193,0,0,131,2,1,0,76,179,0,0,137,2,
    0,0,23,1,0,0,247,237,197,228,23,240,200,154,146,18,
    200,156,243,227,6,128,160,157,9,128,254,151,20,128,222,250,
    10,128,148,206,19,128,244,176,10,128,148,206,19,128,244,176,
    10,128,148,206,19,128,244,176,10,128,148,206,19,128,244,176,
    10,128,148,206,19,128,244,176,10,128,148,206,19,128,222,250,
    10,128,148,206,19,128,244,176,10,128,148,206,19,128,244,176,
    10,128,148,206,19,128,244,176,10,128,148,206,19,128,244,176,
    10,128,148,206,19,128,244,176,10,128,148,206,19,128,222,250,
    10,128,148,206,19,128,244,176,10,128,214,240,17,128,134,162,
    13,128,130,221,16,128,134,162,13,128,130,221,16,128,134,162,
    13,128,130,221,16,128,240,235,13,128,152,147,16,128,240,235,
    13,128,152,147,16,128,240,235,13,128,152,147,16,128,240,235,
    13,128,130,221,16,128,134,162,13,128,130,221,16,128,134,162,
    13,128,130,221,16,128,240,235,13,128,152,147,16,128,240,235,
    13,128,152,147,16,128,240,235,13,128,130,221,16,128,134,162,
    13,128,130,221,16,128,134,162,13,128,130,221,16,128,240,235,
    13,128,152,147,16,128,240,235,13,128,152,147,16,128,240,235,
    13,128,152,147,16,128,240,235,13,128,152,147,16,17,19,66,
    19,66,19,66,19,66,19,66,19,66,19,66,19,66,19,66,
    19,66,19,66,19,66,19,66,19,66,19,66,19,66,19,66,
    19,66,19,66,19,66,19,66,19,66,19,66,19,66,19,66,
    19,66,19,66,19,66,19,66,19,66,19,66,19,66,19,66,
    19,66,3,0,29,0,143,2,0,0,215,113,0,0,28,0,
    0,0,144,126,0,0,77,0,1,0,128,112,0,0,81,0,
    0,0,120,0,0,0,173,243,205,156,16,174,253,138,166,4,
    224,137,139,14,160,230,130,238,4,224,235,132,11,160,142,206,
    12,224,183,142,19,160,212,181,7,224,251,247,107,160,242,129,
    21,224,201,185,11,160,208,147,16,224,247,188,16,160,252,255,
    14,224,157,205,12,160,176,188,17,224,169,156,2,224,212,198,
    215,8,224,165,250,10,160,164,167,17,224,227,215,12,160,142,
    241,17,224,249,141,12,160,142,241,17,224,227,215,12,160,164,
    167,17,224,227,215,12,160,164,167,17,224,227,215,12,18,65,
    18,65,18,65,18,65,18,65,18,65,18,65,18,65,18,65,
    18,65,18,65,18,65,18,65,18,65,18,5,0,125,0,149,
    2,0,0,38,145,255,255,28,0,0,0,144,157,255,255,172,
    2,1,0,128,143,255,255,176,2,0,0,144,157,255,255,180,
    2,1,0,144,157,255,255,184,2,1,0,247,1,0,0,255,
    148,223,159,20,192,183,145,138,8,224,179,166,17,160,212,216,
    12,224,179,166,17,160,140,241,158,5,160,231,214,105,192,198,
    233,3,152,185,234,73,232,228,145,24,128,216,240,39,128,178,
    142,12,128,214,240,17,128,156,216,12,128,236,166,17,128,156,
    216,12,128,236,166,17,128,156,216,12,128,236,166,17,128,156,
    216,12,128,236,166,17,128,156,216,12,128,214,240,17,128,156,
    216,12,128,236,166,17,128,156,216,12,128,236,166,17,128,156,
    216,12,128,236,166,17,128,156,216,12,128,236,166,17,128,156,
    216,12,128,214,240,17,128,178,142,12,128,214,240,17,128,196,
    255,14,128,196,255,14,128,196,255,14,128,196,255,14,128,196,
    255,14,128,196,255,14,128,174,201,15,128,218,181,14,128,174,
    201,15,160,252,255,14,224,139,255,14,160,252,255,14,224,139,
    255,14,160,252,255,14,224,139,255,14,160,252,255,14,224,139,
    255,14,160,252,255,14,224,245,200,15,160,252,255,14,224,139,
    255,14,160,252,255,14,224,139,255,14,160,220,226,5,224,171,
    156,24,160,194,231,9,224,197,151,20,160,252,255,14,224,245,
    200,15,160,146,182,14,224,245,200,15,160,252,255,14,224,139,
    255,14,160,252,255,14,224,139,255,14,160,252,255,14,224,139,
    255,14,160,252,255,14,224,139,255,14,160,252,255,14,224,245,
    200,15,160,146,182,14,224,245,200,15,160,252,255,14,224,139,
    255,14,160,252,255,14,224,139,255,14,160,252,255,14,224,139,
    255,14,160,190,162,13,224,201,220,16,160,190,162,13,224,179,
    166,17,160,212,216,12,224,179,166,17,160,212,216,12,224,179,
    166,17,160,190,162,13,224,201,220,16,160,190,162,13,224,201,
    220,16,160,190,162,13,224,179,166,17,160,212,216,12,224,179,
    166,17,160,212,216,12,224,179,166,17,160,190,162,13,224,201,
    220,16,160,190,162,13,224,201,220,16,160,190,162,13,224,201,
    220,16,160,190,162,13,224,179,166,17,160,212,216,12,224,179,
    166,17,160,212,216,12,224,179,166,17,160,190,162,13,224,201,
    220,16,160,190,162,13,224,201,220,16,160,190,162,13,224,179,
    166,17,160,212,216,12,224,179,166,17,160,212,216,12,224,179,
    166,17,160,150,251,10,18,65,18,65,18,67,68,18,65,18,
    65,18,65,18,65,18,65,18,65,18,65,18,65,18,65,18,
    65,18,65,18,65,18,65,18,65,18,65,18,65,18,65,18,
    65,18,65,18,65,18,65,18,65,18,65,18,65,18,65,18,
    65,18,65,18,65,18,65,18,65,18,65,18,65,18,65,18,
    65,18,65,18,65,18,65,18,65,18,65,18,65,18,65,18,
    65,18,65,18,65,18,65,18,65,18,65,18,65,18,65,18,
    65,18,65,18,65,18,65,18,65,18,65,18,65,18,65,18,
    65,18,65,6,0,82,0,1,0,0,0,176,19,0,0,28,
    0,0,0,176,19,0,0,188,2,0,0,32,28,0,0,44,
    0,1,0,16,14,0,0,40,0,0,0,48,42,0,0,161,
    0,1,0,32,28,0,0,166,0,0,0,77,1,0,0,223,
    190,201,148,21,128,234,138,175,8,160,178,159,22,160,142,206,
    12,192,206,158,16,128,156,216,12,128,236,166,17,128,156,216,
    12,224,249,176,17,128,156,216,12,192,253,189,81,224,134,203,
    159,4,128,180,131,71,128,178,142,12,128,174,201,15,128,196,
    255,14,224,151,148,15,224,225,134,17,224,163,169,15,160,144,
    194,13,192,144,193,14,128,166,156,17,128,156,216,12,128,152,
    147,16,128,240,235,13,128,174,201,15,128,218,181,14,224,231,
    218,230,1,128,138,231,9,128,196,255,14,128,196,255,14,128,
    254,151,20,128,244,176,10,128,196,255,14,128,196,255,14,128,
    148,206,19,128,244,176,10,128,148,206,19,128,244,176,10,128,
    148,206,19,128,244,176,10,128,254,151,20,128,138,231,9,128,
    226,209,248,2,128,218,181,14,128,174,201,15,128,196,255,14,
    128,196,255,14,128,196,255,14,128,174,201,15,128,218,181,14,
    128,196,255,14,128,196,255,14,128,196,255,14,128,196,255,14,
    128,196,255,14,128,196,255,14,128,196,255,14,128,174,201,15,
    128,196,255,14,128,196,255,14,128,196,255,14,128,196,255,14,
    128,196,255,14,128,196,255,14,160,252,255,14,128,196,255,14,
    128,196,255,14,128,196,255,14,128,196,255,14,128,174,201,15,
    128,196,255,14,128,196,255,14,128,196,255,14,128,196,255,14,
    128,196,255,14,128,196,255,14,128,196,255,14,128,196,255,14,
    128,196,255,14,128,196,255,14,128,174,201,15,17,19,66,19,
    66,19,66,21,68,21,19,66,19,66,19,66,19,66,19,66,
    19,66,19,66,19,66,19,66,19,66,19,66,19,66,19,66,
    19,66,19,66,19,66,19,66,19,66,19,66,19,66,19,66,
    19,66,19,66,19,66,19,66,19,66,19,66,19,66,19,66,
    19,66,19,66,19,66,19,66,19,66,19,66,19,66,6,0,
    142,0,192,2,0,0,99,247,255,255,28,0,0,0,16,14,
    0,0,49,0,1,0,0,0,0,0,36,0,0,0,32,28,
    0,0,218,2,1,0,16,14,0,0,40,0,0,0,32,28,
    0,0,44,0,1,0,60,2,0,0,197,207,151,156,20,198,
    137,204,202,6,224,251,166,134,1,160,232,154,11,128,208,241,
    9,224,159,228,18,160,174,165,11,224,159,228,18,160,174,165,
    11,224,159,228,18,160,244,175,11,224,159,228,18,160,174,165,
    11,224,159,228,18,128,178,178,75,128,194,139,14,128,160,146,
    46,128,240,235,13,128,174,201,15,128,218,181,14,128,152,147,
    16,128,218,181,14,128,152,147,16,128,240,235,13,128,160,146,
    46,128,240,235,13,128,196,255,14,128,196,255,14,128,182,200,
    45,128,196,255,14,128,218,181,14,128,174,201,15,128,152,147,
    16,128,240,235,13,128,196,255,14,128,196,255,14,128,218,181,
    14,128,174,201,15,128,152,147,16,128,214,240,17,128,204,137,
    8,128,204,207,18,128,184,234,14,128,138,138,15,128,192,151,
    13,224,195,186,3,128,160,157,9,160,220,226,5,128,200,196,
    11,224,217,240,2,128,222,250,10,160,242,152,5,128,222,250,
    10,224,195,186,3,128,244,176,10,160,242,152,5,128,222,250,
    10,224,195,186,3,128,244,176,10,160,242,152,5,128,134,162,
    13,128,196,255,14,224,236,128,15,128,196,255,14,128,196,255,
    14,128,196,255,14,128,196,255,14,128,196,255,14,128,196,255,
    14,128,196,255,14,128,196,255,14,128,174,201,15,128,196,255,
    14,128,196,255,14,128,196,255,14,128,196,255,14,128,196,255,
    14,128,196,255,14,128,196,255,14,128,196,255,14,128,196,255,
    14,128,174,201,15,128,196,255,14,128,196,255,14,128,196,255,
    14,128,196,255,14,128,196,255,14,128,196,255,14,128,196,255,
    14,128,196,255,14,128,196,255,14,128,196,255,14,128,196,255,
    14,128,174,201,15,128,196,255,14,128,196,255,14,128,196,255,
    14,128,196,255,14,128,196,255,14,128,196,255,14,128,196,255,
    14,128,196,255,14,192,201,191,172,2,128,196,255,14,128,196,
    255,14,160,230,201,15,128,196,255,14,128,196,255,14,128,196,
    255,14,128,174,201,15,128,218,181,14,224,139,255,14,128,196,
    255,14,128,196,255,14,128,196,255,14,128,196,255,14,128,196,
    255,14,128,196,255,14,128,174,201,15,128,196,255,14,128,196,
    255,14,160,252,255,14,128,196,255,14,128,196,255,14,128,196,
    255,14,128,196,255,14,128,196,255,14,128,196,255,14,128,196,
    255,14,128,196,255,14,128,174,201,15,128,196,255,14,128,196,
    255,14,128,196,255,14,128,196,255,14,128,196,255,14,128,196,
    255,14,128,196,255,14,128,196,255,14,128,196,255,14,128,196,
    255,14,128,174,201,15,16,18,65,18,65,18,65,18,65,18,
    65,18,65,18,65,18,65,18,65,18,65,18,65,18,65,18,
    65,18,65,18,65,18,65,18,65,18,65,18,65,18,65,18,
    65,18,65,99,65,18,65,99,65,18,65,99,65,18,65,99,
    65,18,65,18,65,18,65,18,65,18,65,18,65,18,65,18,
    65,18,65,18,65,18,65,18,65,18,65,18,65,18,65,18,
    65,18,65,18,65,18,65,18,65,18,65,20,18,65,18,65,
    18,65,18,65,18,65,18,65,18,65,18,65,18,65,18,65,
    18,65,18,65,18,65,18,65,18,65,18,65,20,69,20,69,
    20,69,20,65,4,0,41,0,143,2,0,0,232,113,0,0,
    28,0,0,0,128,112,0,0,81,0,0,0,144,126,0,0,
    119,1,0,0,144,126,0,0,77,0,1,0,168,0,0,0,
    207,191,136,179,17,208,229,178,232,9,128,192,248,239,1,128,
    136,185,19,224,201,185,11,160,208,147,16,224,247,188,16,160,
    252,255,14,224,157,205,12,160,176,188,17,224,157,205,12,160,
    176,188,17,224,157,205,12,160,176,188,17,224,157,205,12,160,
    200,195,12,224,197,151,20,160,130,185,12,224,203,208,17,160,
    130,185,12,224,203,208,17,160,130,185,12,224,209,137,15,160,
    194,138,15,224,209,137,15,160,252,255,14,224,209,137,15,160,
    252,255,14,224,209,137,15,160,252,255,14,224,209,137,15,160,
    240,141,20,224,163,134,10,160,170,131,20,224,163,134,10,160,
    246,146,248,2,224,209,137,15,160,252,255,14,224,209,137,15,
    160,142,231,112,224,239,201,7,17,18,17,67,17,67,17,67,
    17,67,17,67,17,67,17,67,17,67,17,67,17,67,17,67,
    17,67,17,67,17,67,17,67,17,67,17,67,17,67,17,67,
    17,6,0,29,0,223,2,0,0,8,119,0,0,28,0,0,
    0,136,119,0,0,229,2,0,0,144,126,0,0,119,1,0,
    0,160,140,0,0,233,2,1,0,144,126,0,0,229,2,0,
    0,152,133,0,0,233,2,1,0,119,0,0,0,143,190,192,
    194,14,128,154,241,112,240,195,232,245,7,128,158,147,82,224,
    183,200,8,160,244,210,16,224,205,161,13,160,244,210,16,224,
    147,172,13,160,204,206,19,224,187,176,10,160,224,145,76,144,
    184,228,33,224,129,187,10,160,172,247,20,224,165,250,10,160,
    142,241,17,224,143,196,11,160,248,186,18,224,143,196,11,160,
    248,186,18,224,143,196,11,160,248,186,18,224,143,196,11,160,
    220,238,26,176,188,239,134,6,128,156,216,12,128,236,166,17,
    128,156,216,12,17,18,20,67,20,67,20,67,20,67,20,17,
    69,17,69,17,69,17,69,17,69,17,69,17,20,67,20,67,
    20,8,0,8,0,237,2,0,0,93,97,0,0,28,0,0,
    0,93,97,0,0,245,2,0,0,112,98,0,0,249,2,0,
    0,32,103,0,0,253,2,1,0,32,103,0,0,253,2,0,
    0,120,105,0,0,3,3,0,0,144,126,0,0,231,1,0,
    0,128,112,0,0,9,3,0,0,37,0,0,0,185,177,205,
    156,16,128,200,233,132,1,218,163,158,190,6,160,215,156,90,
    128,132,200,170,1,208,230,235,13,208,187,184,107,160,128,204,
    196,8,17,18,35,20,21,22,21,23,6,0,115,0,13,3,
    0,0,40,27,0,0,28,0,0,0,104,27,0,0,21,3,
    0,0,48,42,0,0,161,0,1,0,32,28,0,0,166,0,
    0,0,48,42,0,0,25,3,0,0,64,56,0,0,156,1,
    1,0,211,1,0,0,207,220,201,148,21,128,179,169,157,7,
    144,135,129,168,1,224,157,205,12,160,148,253,104,224,249,176,
    17,160,248,151,13,224,209,137,15,160,204,171,14,224,223,146,
    16,160,162,133,48,224,213,206,11,160,176,188,17,224,157,205,
    12,160,186,240,187,3,224,205,254,7,160,136,207,4,224,171,
    156,24,160,184,233,15,224,235,250,105,160,192,185,19,224,163,
    134,10,160,174,200,16,224,183,235,13,160,208,147,16,224,183,
    235,13,160,230,201,15,224,161,181,14,160,208,147,16,224,161,
    181,14,160,208,147,16,224,183,235,13,160,236,147,196,2,224,
    215,241,38,160,220,168,16,224,201,185,11,192,234,250,132,2,
    128,156,216,12,160,234,142,12,224,157,240,17,160,186,186,11,
    224,205,196,18,160,128,197,11,224,135,186,18,160,212,216,12,
    224,223,146,16,160,168,236,13,160,231,158,7,192,252,140,153,
    1,224,129,152,5,160,128,209,32,128,252,128,14,128,134,162,
    13,128,138,138,15,128,196,255,14,128,196,255,14,128,196,255,
    14,128,196,255,14,128,196,255,14,128,196,255,14,128,196,255,
    14,128,196,255,14,128,174,201,15,128,196,255,14,128,196,255,
    14,128,196,255,14,128,196,255,14,128,196,255,14,128,196,255,
    14,128,218,181,14,128,174,201,15,128,196,255,14,128,196,255,
    14,128,174,201,15,128,236,166,17,128,156,216,12,128,236,166,
    17,128,156,216,12,128,236,166,17,128,156,216,12,128,214,240,
    17,128,178,142,12,128,214,240,17,128,178,142,12,128,214,240,
    17,128,156,216,12,128,236,166,17,128,156,216,12,128,236,166,
    17,128,156,216,12,128,214,240,17,128,178,142,12,128,214,240,
    17,128,178,142,12,128,214,240,17,192,162,143,12,128,214,240,
    17,128,156,216,12,128,236,166,17,128,156,216,12,128,236,166,
    17,128,156,216,12,128,214,240,17,128,248,152,12,128,144,230,
    17,128,178,142,12,128,214,240,17,128,156,216,12,128,236,166,
    17,128,226,226,12,128,166,156,17,128,156,216,12,128,192,186,
    18,128,200,196,11,128,247,191,13,17,19,66,19,66,19,66,
    19,66,19,66,19,66,19,66,19,66,19,66,19,66,19,66,
    19,66,19,66,19,66,19,66,19,66,19,66,19,66,19,66,
    19,66,19,66,19,66,19,66,20,69,20,19,66,19,66,19,
    66,19,66,19,66,19,66,19,66,19,66,19,66,19,66,19,
    66,19,66,19,66,19,66,19,66,19,66,19,66,19,66,19,
    66,19,66,19,66,19,66,19,66,19,66,19,66,19,66,19,
    66,19,66,19,66,19,66,19,66,19,66,20,1,0,0,0,
    29,3,0,0,0,0,0,0,34,3,0,0,0,0,0,0,
    11,0,78,0,38,3,0,0,57,35,0,0,28,0,0,0,
    57,35,0,0,44,3,0,0,135,49,0,0,2,2,1,0,
    119,35,0,0,44,3,0,0,151,63,0,0,48,3,1,0,
    64,56,0,0,53,3,1,0,48,42,0,0,57,3,0,0,
    80,70,0,0,152,1,1,0,32,28,0,0,166,0,0,0,
    48,42,0,0,161,0,1,0,64,56,0,0,57,3,0,0,
    60,1,0,0,241,252,201,148,21,128,248,194,202,8,228,206,
    254,29,128,242,223,14,224,169,226,12,160,250,232,8,224,211,
    160,21,174,178,190,2,128,179,227,3,128,158,158,45,224,147,
    230,2,128,216,193,13,160,236,188,2,160,134,138,30,160,208,
    174,232,1,224,185,156,248,11,224,209,137,15,160,252,255,14,
    224,209,137,15,160,252,255,14,224,209,137,15,160,194,138,15,
    192,180,128,15,128,196,255,14,128,196,255,14,128,196,255,14,
    128,196,255,14,128,196,255,14,128,196,255,14,128,196,255,14,
    128,196,255,14,128,196,255,14,128,196,255,14,128,196,255,14,
    128,174,201,15,128,196,255,14,160,252,255,14,128,160,157,9,
    224,235,225,5,128,196,255,14,128,196,255,14,128,196,255,14,
    128,196,255,14,128,196,255,14,128,196,255,14,128,196,255,14,
    128,174,201,15,128,236,166,17,128,156,216,12,128,236,166,17,
    128,156,216,12,128,236,166,17,128,156,216,12,128,214,240,17,
    128,178,142,12,128,214,240,17,128,178,142,12,128,214,240,17,
    128,156,216,12,128,236,166,17,128,156,216,12,128,236,166,17,
    128,156,216,12,128,214,240,17,128,178,142,12,128,214,240,17,
    128,178,142,12,128,214,240,17,128,178,142,12,128,214,240,17,
    128,156,216,12,128,236,166,17,128,156,216,12,128,236,166,17,
    128,156,216,12,128,214,240,17,128,178,142,12,224,181,237,107,
    17,19,66,19,100,66,100,69,22,69,103,69,22,24,22,69,
    22,69,22,69,22,69,22,69,22,69,22,69,22,69,22,69,
    22,69,22,73,24,22,69,22,69,22,69,22,69,22,69,22,
    69,22,69,22,69,22,69,22,69,22,69,22,69,22,69,22,
    69,22,69,22,69,22,69,22,69,22,69,22,26,22,4,0,
    5,0,61,3,0,0,132,34,0,0,28,0,0,0,40,35,
    0,0,67,3,0,0,48,42,0,0,73,3,0,0,172,38,
    0,0,77,3,0,0,24,0,0,0,135,184,129,192,14,184,
    161,248,222,4,240,153,200,45,144,178,174,210,1,248,181,246,
    167,1,17,18,17,19,18,3,0,2,0,83,3,0,0,228,
    67,0,0,28,0,0,0,80,70,0,0,152,1,0,0,96,
    84,0,0,91,3,0,0,10,0,0,0,199,161,136,232,14,
    168,152,191,246,20,17,18,3,0,2,0,95,3,0,0,60,
    94,0,0,28,0,0,0,60,94,0,0,32,0,0,0,112,
    98,0,0,249,2,0,0,10,0,0,0,247,232,203,148,21,
    128,136,159,187,9,17,18,4,0,4,0,103,3,0,0,47,
    90,0,0,28,0,0,0,47,90,0,0,116,3,0,0,104,
    91,0,0,120,3,0,0,144,126,0,0,231,1,0,0,19,
    0,0,0,221,216,203,148,21,128,166,223,179,9,142,163,132,
    160,5,176,175,187,90,17,18,19,18,3,0,2,0,126,3,
    0,0,232,68,0,0,28,0,0,0,232,68,0,0,44,3,
    0,0,80,70,0,0,152,1,0,0,10,0,0,0,207,131,
    203,148,21,128,146,201,231,18,17,18,2,0,1,0,134,3,
    0,0,216,51,0,0,28,0,0,0,64,56,0,0,156,1,
    0,0,5,0,0,0,175,153,235,224,11,17,3,0,5,0,
    134,3,0,0,232,53,0,0,28,0,0,0,80,70,0,0,
    152,1,1,0,64,56,0,0,156,1,0,0,23,0,0,0,
    207,233,135,232,14,208,158,183,232,17,224,147,172,13,224,146,
    193,130,6,224,227,215,12,18,65,18,65,18,8,0,133,0,
    142,3,0,0,240,231,255,255,28,0,0,0,40,229,255,255,
    124,0,0,0,240,241,255,255,173,3,1,0,224,227,255,255,
    177,3,0,0,0,0,0,0,181,3,1,0,240,241,255,255,
    173,3,0,0,16,14,0,0,49,0,1,0,0,0,0,0,
    36,0,0,0,24,2,0,0,223,145,151,156,20,160,188,204,
    202,6,224,251,166,134,1,160,232,154,11,128,208,241,9,224,
    159,228,18,160,174,165,11,224,159,228,18,160,174,165,11,224,
    159,228,18,160,244,175,11,224,159,228,18,160,174,165,11,224,
    159,228,18,128,178,178,75,128,194,139,14,128,160,146,46,128,
    240,235,13,128,174,201,15,128,218,181,14,128,152,147,16,128,
    218,181,14,128,152,147,16,128,240,235,13,128,160,146,46,128,
    240,235,13,128,196,255,14,128,196,255,14,128,182,200,45,128,
    196,255,14,128,218,181,14,128,174,201,15,128,152,147,16,128,
    240,235,13,128,196,255,14,128,196,255,14,128,218,181,14,128,
    174,201,15,128,152,147,16,128,214,240,17,128,204,137,8,128,
    204,207,18,128,184,234,14,128,138,138,15,128,192,151,13,224,
    195,186,3,128,160,157,9,160,220,226,5,128,200,196,11,224,
    217,240,2,128,222,250,10,160,242,152,5,128,222,250,10,224,
    195,186,3,128,244,176,10,160,242,152,5,128,222,250,10,224,
    195,186,3,128,244,176,10,160,242,152,5,128,134,162,13,128,
    196,255,14,224,236,128,15,128,196,255,14,128,196,255,14,128,
    196,255,14,128,196,255,14,128,196,255,14,128,196,255,14,128,
    196,255,14,128,196,255,14,128,174,201,15,128,196,255,14,128,
    196,255,14,128,196,255,14,128,196,255,14,128,196,255,14,128,
    196,255,14,128,196,255,14,128,196,255,14,128,196,255,14,128,
    174,201,15,128,196,255,14,128,196,255,14,128,196,255,14,128,
    196,255,14,128,196,255,14,128,196,255,14,128,196,255,14,128,
    196,255,14,128,196,255,14,128,196,255,14,128,196,255,14,128,
    174,201,15,128,196,255,14,128,196,255,14,128,196,255,14,128,
    196,255,14,128,196,255,14,128,196,255,14,128,196,255,14,128,
    196,255,14,160,231,131,210,3,128,196,255,14,128,196,255,14,
    128,196,255,14,128,196,255,14,128,174,201,15,128,196,255,14,
    128,196,255,14,128,196,255,14,128,196,255,14,128,196,255,14,
    128,196,255,14,128,196,255,14,128,196,255,14,128,196,255,14,
    128,196,255,14,128,196,255,14,128,174,201,15,128,196,255,14,
    128,196,255,14,128,196,255,14,128,196,255,14,160,154,192,7,
    224,169,191,7,128,166,214,6,128,158,169,8,128,196,255,14,
    128,196,255,14,128,196,255,14,128,196,255,14,128,174,201,15,
    17,19,66,19,66,19,66,19,66,19,66,19,66,19,66,19,
    66,19,66,19,66,19,66,19,66,19,66,19,66,19,66,19,
    66,19,66,19,66,19,66,19,66,19,66,19,66,100,66,19,
    66,100,66,19,66,100,66,19,66,100,66,19,66,19,66,19,
    66,19,66,19,66,19,66,19,66,19,66,19,66,19,66,19,
    66,19,66,19,66,19,66,19,66,19,66,19,66,19,66,19,
    66,19,66,19,66,21,68,21,68,21,68,21,68,21,68,21,
    68,21,68,21,68,21,68,21,68,21,68,21,23,70,68,21,
    68,21,68,21,68,5,0,95,0,185,3,0,0,58,195,255,
    255,28,0,0,0,74,209,255,255,23,1,1,0,58,195,255,
    255,32,0,0,0,208,213,255,255,208,3,1,0,192,199,255,
    255,212,3,0,0,129,1,0,0,243,158,199,231,18,128,216,
    172,180,6,224,243,212,14,160,138,137,16,224,169,226,12,224,
    150,243,211,2,244,163,252,233,2,224,215,136,23,160,212,216,
    12,224,135,186,18,160,150,251,10,224,219,205,19,160,172,177,
    10,224,219,205,19,160,216,146,46,224,209,230,9,160,160,226,
    20,224,253,210,8,160,138,172,21,224,253,210,8,160,244,245,
    21,224,147,137,8,160,244,245,21,224,147,137,8,160,244,245,
    21,224,253,210,8,160,140,243,111,224,227,215,12,160,194,205,
    142,4,224,139,255,14,160,252,255,14,224,139,255,14,160,252,
    255,14,224,245,200,15,160,146,182,14,224,245,200,15,160,252,
    255,14,224,139,255,14,160,252,255,14,224,139,255,14,160,252,
    255,14,224,139,255,14,160,252,255,14,224,139,255,14,160,252,
    255,14,224,245,200,15,160,146,182,14,224,245,200,15,160,252,
    255,14,224,139,255,14,160,252,255,14,224,139,255,14,160,252,
    255,14,224,139,255,14,160,190,162,13,224,201,220,16,160,190,
    162,13,224,179,166,17,160,212,216,12,224,179,166,17,160,212,
    216,12,224,179,166,17,160,190,162,13,224,201,220,16,160,190,
    162,13,224,201,220,16,160,190,162,13,224,179,166,17,160,212,
    216,12,224,179,166,17,160,212,216,12,224,179,166,17,160,190,
    162,13,224,201,220,16,160,190,162,13,224,201,220,16,160,190,
    162,13,224,201,220,16,160,190,162,13,224,179,166,17,160,212,
    216,12,224,179,166,17,160,212,216,12,224,179,166,17,160,190,
    162,13,224,201,220,16,160,190,162,13,224,201,220,16,160,190,
    162,13,224,179,166,17,160,212,216,12,224,179,166,17,160,212,
    216,12,224,179,166,17,160,150,251,10,18,65,18,65,18,20,
    67,20,67,20,67,20,67,20,67,20,67,20,67,20,67,20,
    67,20,67,20,67,20,67,20,67,20,67,20,67,20,67,20,
    67,20,67,20,67,20,67,20,67,20,67,20,67,20,67,20,
    67,20,67,20,67,20,67,20,67,20,67,20,67,20,67,20,
    67,20,67,20,67,20,67,20,67,20,67,20,67,20,67,20,
    67,20,67,20,67,20,67,20,67,4,0,35,0,192,2,0,
    0,144,241,255,255,28,0,0,0,240,241,255,255,173,3,0,
    0,0,0,0,0,36,0,0,0,16,14,0,0,49,0,1,
    0,143,0,0,0,159,140,221,159,11,224,232,236,227,5,192,
    251,217,240,7,160,146,182,14,128,196,255,14,128,196,255,14,
    128,196,255,14,128,196,255,14,128,196,255,14,128,196,255,14,
    128,196,255,14,128,174,201,15,128,196,255,14,128,196,255,14,
    128,196,255,14,128,196,255,14,128,196,255,14,128,196,255,14,
    128,196,255,14,128,196,255,14,128,196,255,14,128,196,255,14,
    128,196,255,14,128,174,201,15,128,196,255,14,128,196,255,14,
    128,196,255,14,128,196,255,14,128,196,255,14,128,196,255,14,
    128,196,255,14,128,196,255,14,128,196,255,14,128,196,255,14,
    128,174,201,15,17,18,67,18,67,18,67,18,67,18,67,18,
    67,18,67,18,67,18,67,18,67,18,67,18,67,18,67,18,
    67,18,67,18,67,18,67,4,0,4,0,216,3,0,0,244,
    233,255,255,28,0,0,0,224,227,255,255,177,3,0,0,240,
    241,255,255,173,3,1,0,240,241,255,255,173,3,0,0,19,
    0,0,0,191,213,202,209,13,128,198,247,154,7,224,255,246,
    93,224,236,155,138,7,17,66,17,19,3,0,32,0,192,2,
    0,0,168,249,255,255,28,0,0,0,0,0,0,0,36,0,
    0,0,16,14,0,0,49,0,1,0,130,0,0,0,207,238,
    146,201,14,240,156,178,155,17,128,196,255,14,128,196,255,14,
    128,196,255,14,128,196,255,14,128,196,255,14,128,196,255,14,
    128,174,201,15,128,196,255,14,128,196,255,14,128,196,255,14,
    128,196,255,14,128,196,255,14,128,196,255,14,128,196,255,14,
    128,196,255,14,128,196,255,14,128,196,255,14,128,196,255,14,
    128,174,201,15,128,196,255,14,128,196,255,14,128,196,255,14,
    128,196,255,14,128,196,255,14,128,196,255,14,128,196,255,14,
    128,196,255,14,128,196,255,14,128,196,255,14,128,174,201,15,
    17,66,17,66,17,66,17,66,17,66,17,66,17,66,17,66,
    17,66,17,66,17,66,17,66,17,66,17,66,17,66,17,66,
    4,0,60,0,1,0,0,0,136,12,0,0,28,0,0,0,
    32,28,0,0,44,0,1,0,16,14,0,0,40,0,0,0,
    48,42,0,0,223,3,1,0,244,0,0,0,143,248,236,133,
    18,208,213,205,182,5,160,142,206,12,192,206,158,16,128,156,
    216,12,128,236,166,17,128,156,216,12,128,232,166,136,5,128,
    230,238,77,128,178,142,12,128,174,201,15,128,196,255,14,128,
    196,255,14,128,196,255,14,224,255,163,4,128,162,145,10,160,
    194,196,4,128,178,142,12,128,160,192,14,160,182,245,14,224,
    217,240,2,224,173,132,4,160,132,138,8,128,152,147,16,128,
    240,235,13,128,174,201,15,128,218,181,14,128,176,158,150,7,
    128,218,181,14,128,196,255,14,128,196,255,14,128,196,255,14,
    128,196,255,14,128,196,255,14,128,196,255,14,128,196,255,14,
    128,174,201,15,128,196,255,14,128,196,255,14,128,196,255,14,
    128,196,255,14,128,196,255,14,128,196,255,14,128,196,255,14,
    128,196,255,14,128,196,255,14,128,196,255,14,128,196,255,14,
    128,174,201,15,128,196,255,14,128,196,255,14,128,196,255,14,
    128,196,255,14,128,196,255,14,128,196,255,14,128,196,255,14,
    128,196,255,14,128,196,255,14,128,196,255,14,128,174,201,15,
    18,65,18,65,18,65,18,65,18,65,18,65,18,65,99,65,
    18,65,18,65,99,65,18,65,18,65,18,65,18,65,18,65,
    18,65,18,65,18,65,18,65,18,65,18,65,18,65,18,65,
    18,65,18,65,18,65,18,65,18,65,18,65,7,0,131,0,
    192,2,0,0,40,240,255,255,28,0,0,0,40,240,255,255,
    228,3,0,0,0,0,0,0,181,3,1,0,240,241,255,255,
    173,3,0,0,16,14,0,0,232,3,1,0,0,0,0,0,
    36,0,0,0,16,14,0,0,49,0,1,0,16,2,0,0,
    207,178,151,156,20,240,164,204,202,6,224,251,166,134,1,160,
    232,154,11,128,208,241,9,224,159,228,18,160,174,165,11,224,
    159,228,18,160,174,165,11,224,159,228,18,160,244,175,11,224,
    159,228,18,160,174,165,11,224,159,228,18,128,178,178,75,128,
    194,139,14,128,160,146,46,128,240,235,13,128,174,201,15,128,
    218,181,14,128,152,147,16,128,218,181,14,128,152,147,16,128,
    240,235,13,128,160,146,46,128,240,235,13,128,196,255,14,128,
    196,255,14,128,182,200,45,128,196,255,14,128,218,181,14,128,
    174,201,15,128,152,147,16,128,240,235,13,128,196,255,14,128,
    196,255,14,128,218,181,14,128,174,201,15,128,152,147,16,128,
    214,240,17,128,204,137,8,128,204,207,18,128,184,234,14,128,
    138,138,15,128,192,151,13,224,195,186,3,128,160,157,9,160,
    220,226,5,128,200,196,11,224,217,240,2,128,222,250,10,160,
    242,152,5,128,222,250,10,224,195,186,3,128,244,176,10,160,
    242,152,5,128,222,250,10,224,195,186,3,128,244,176,10,160,
    242,152,5,128,134,162,13,128,196,255,14,224,236,128,15,128,
    196,255,14,128,196,255,14,128,196,255,14,128,196,255,14,128,
    196,255,14,128,196,255,14,128,196,255,14,128,196,255,14,128,
    174,201,15,128,196,255,14,128,196,255,14,128,196,255,14,128,
    196,255,14,128,196,255,14,128,196,255,14,128,196,255,14,128,
    196,255,14,128,196,255,14,128,174,201,15,128,196,255,14,128,
    196,255,14,128,196,255,14,128,196,255,14,128,196,255,14,128,
    196,255,14,128,196,255,14,128,196,255,14,128,196,255,14,128,
    196,255,14,128,196,255,14,128,174,201,15,128,196,255,14,128,
    196,255,14,128,196,255,14,128,196,255,14,128,196,255,14,128,
    196,255,14,128,196,255,14,128,196,255,14,160,209,205,210,3,
    128,218,181,14,128,196,255,14,128,196,255,14,128,196,255,14,
    128,174,201,15,128,196,255,14,128,196,255,14,128,196,255,14,
    160,252,255,14,128,196,255,14,128,196,255,14,128,196,255,14,
    128,196,255,14,128,196,255,14,128,196,255,14,128,196,255,14,
    128,174,201,15,128,196,255,14,128,196,255,14,128,196,255,14,
    128,196,255,14,128,196,255,14,128,196,255,14,128,196,255,14,
    128,196,255,14,128,196,255,14,128,196,255,14,128,174,201,15,
    17,19,66,19,66,19,66,19,66,19,66,19,66,19,66,19,
    66,19,66,19,66,19,66,19,66,19,66,19,66,19,66,19,
    66,19,66,19,66,19,66,19,66,19,66,19,66,100,66,19,
    66,100,66,19,66,100,66,19,66,100,66,19,66,19,66,19,
    66,19,66,19,66,19,66,19,66,19,66,19,66,19,66,19,
    66,19,66,19,66,19,66,19,66,19,66,19,66,19,66,19,
    66,19,66,19,66,21,70,21,70,21,70,21,70,21,70,21,
    70,21,70,21,70,21,70,21,70,21,70,21,70,21,70,21,
    70,21,70,2,0,1,0,236,3,0,0,192,221,255,255,28,
    0,0,0,224,227,255,255,177,3,0,0,5,0,0,0,255,
    136,200,231,18,17,6,0,70,0,243,3,0,0,196,201,255,
    255,28,0,0,0,196,201,255,255,245,2,0,0,208,213,255,
    255,250,3,1,0,192,199,255,255,254,3,0,0,224,227,255,
    255,177,3,1,0,208,213,255,255,250,3,0,0,28,1,0,
    0,135,185,199,231,18,128,182,234,155,5,136,238,215,128,6,
    224,161,181,14,160,230,201,15,224,161,181,14,160,208,147,16,
    224,161,181,14,160,230,201,15,224,161,181,14,160,230,201,15,
    224,161,181,14,160,230,201,15,224,135,244,7,160,244,219,189,
    9,224,249,141,12,224,157,240,17,160,128,197,11,224,135,186,
    18,160,128,197,11,128,214,240,17,160,234,142,12,224,157,240,
    17,160,234,142,12,224,157,240,17,160,234,142,12,224,157,240,
    17,160,234,142,12,224,135,186,18,160,128,197,11,224,135,186,
    18,160,234,142,12,224,157,240,17,160,234,142,12,224,157,240,
    17,160,234,142,12,224,157,240,17,160,234,142,12,224,157,240,
    17,160,234,142,12,224,135,186,18,160,234,142,12,224,157,240,
    17,160,234,142,12,224,157,240,17,160,234,142,12,224,157,240,
    17,160,234,142,12,224,157,240,17,160,234,142,12,160,142,241,
    17,160,128,197,11,224,241,131,19,160,150,251,10,224,241,131,
    19,160,128,197,11,224,135,186,18,160,128,197,11,224,135,186,
    18,160,128,197,11,224,135,186,18,160,128,197,11,224,135,186,
    18,160,128,197,11,224,241,131,19,160,128,197,11,224,135,186,
    18,160,128,197,11,224,135,186,18,160,128,197,11,17,19,66,
    19,66,19,66,19,66,19,66,19,66,19,21,68,21,68,21,
    66,19,66,19,66,19,66,19,66,19,66,19,66,19,66,19,
    66,19,66,19,66,19,66,19,66,19,66,19,66,19,66,19,
    66,19,66,19,66,19,66,19,66,19,66,19,66,19,66,19,
    66,19,21,10,0,84,0,2,4,0,0,248,196,0,0,28,
    0,0,0,120,115,255,255,28,0,0,0,96,115,255,255,212,
    3,0,0,112,129,255,255,27,4,1,0,112,129,255,255,31,
    4,1,0,96,115,255,255,35,4,0,0,112,129,255,255,40,
    4,1,0,112,129,255,255,45,4,0,0,128,143,255,255,49,
    4,1,0,112,129,255,255,54,4,0,0,84,1,0,0,221,
    136,232,131,24,238,141,162,220,7,240,213,143,224,9,224,246,
    213,105,128,183,234,3,224,149,136,135,5,192,238,176,62,224,
    139,255,14,160,252,255,14,224,139,255,14,160,252,255,14,224,
    245,200,15,160,252,255,14,224,139,255,14,160,252,255,14,224,
    139,255,14,160,220,226,5,224,171,156,24,160,194,231,9,224,
    197,151,20,160,252,255,14,224,245,200,15,160,146,182,14,224,
    245,200,15,160,252,255,14,224,139,255,14,160,252,255,14,224,
    139,255,14,160,252,255,14,224,139,255,14,160,252,255,14,224,
    139,255,14,160,252,255,14,224,245,200,15,160,146,182,14,224,
    245,200,15,192,137,198,2,192,186,185,12,224,139,255,14,160,
    252,255,14,224,139,255,14,160,252,255,14,224,139,255,14,160,
    190,162,13,224,201,220,16,160,190,162,13,224,179,166,17,160,
    212,216,12,224,179,166,17,160,212,216,12,224,179,166,17,160,
    190,162,13,224,201,220,16,160,190,162,13,224,201,220,16,160,
    190,162,13,224,179,166,17,160,212,216,12,224,179,166,17,160,
    212,216,12,224,179,166,17,160,190,162,13,224,201,220,16,160,
    190,162,13,224,201,220,16,160,190,162,13,224,201,220,16,160,
    190,162,13,224,179,166,17,160,212,216,12,224,179,166,17,160,
    212,216,12,224,179,166,17,160,190,162,13,224,201,220,16,160,
    190,162,13,224,201,220,16,160,190,162,13,224,179,166,17,160,
    212,216,12,224,179,166,17,160,212,216,12,224,179,166,17,160,
    150,251,10,17,18,67,68,18,21,70,21,70,21,70,21,70,
    21,70,21,70,21,70,21,70,21,70,21,70,21,70,21,70,
    21,70,21,70,21,70,23,25,72,25,72,25,72,25,72,25,
    72,25,72,25,72,25,72,25,72,25,72,25,72,25,72,25,
    72,25,72,25,72,25,72,25,72,25,72,25,72,25,72,25,
    72,25,72,25,72,25,72,10,0,84,0,59,4,0,0,226,
    171,0,0,28,0,0,0,98,90,255,255,28,0,0,0,80,
    101,255,255,83,4,0,0,96,115,255,255,87,4,1,0,96,
    115,255,255,91,4,1,0,80,101,255,255,23,1,0,0,96,
    115,255,255,95,4,1,0,96,115,255,255,35,4,0,0,112,
    129,255,255,87,1,1,0,96,115,255,255,83,1,0,0,84,
    1,0,0,221,136,232,131,24,154,242,162,220,7,228,169,143,
    224,9,192,190,213,105,160,239,234,3,224,149,136,135,5,192,
    238,176,62,224,139,255,14,160,252,255,14,224,139,255,14,160,
    252,255,14,224,245,200,15,160,252,255,14,224,139,255,14,160,
    252,255,14,224,139,255,14,160,220,226,5,224,171,156,24,160,
    194,231,9,224,197,151,20,160,252,255,14,224,245,200,15,160,
    146,182,14,224,245,200,15,160,252,255,14,224,139,255,14,160,
    252,255,14,224,139,255,14,160,252,255,14,224,139,255,14,160,
    252,255,14,224,139,255,14,160,252,255,14,224,245,200,15,160,
    146,182,14,224,245,200,15,192,137,198,2,192,186,185,12,224,
    139,255,14,160,252,255,14,224,139,255,14,160,252,255,14,224,
    139,255,14,160,190,162,13,224,201,220,16,160,190,162,13,224,
    179,166,17,160,212,216,12,224,179,166,17,160,212,216,12,224,
    179,166,17,160,190,162,13,224,201,220,16,160,190,162,13,224,
    201,220,16,160,190,162,13,224,179,166,17,160,212,216,12,224,
    179,166,17,160,212,216,12,224,179,166,17,160,190,162,13,224,
    201,220,16,160,190,162,13,224,201,220,16,160,190,162,13,224,
    201,220,16,160,190,162,13,224,179,166,17,160,212,216,12,224,
    179,166,17,160,212,216,12,224,179,166,17,160,190,162,13,224,
    201,220,16,160,190,162,13,224,201,220,16,160,190,162,13,224,
    179,166,17,160,212,216,12,224,179,166,17,160,212,216,12,224,
    179,166,17,160,150,251,10,17,18,67,68,18,21,70,21,70,
    21,70,21,70,21,70,21,70,21,70,21,70,21,70,21,70,
    21,70,21,70,21,70,21,70,21,70,23,25,72,25,72,25,
    72,25,72,25,72,25,72,25,72,25,72,25,72,25,72,25,
    72,25,72,25,72,25,72,25,72,25,72,25,72,25,72,25,
    72,25,72,25,72,25,72,25,72,25,72,7,0,38,0,179,
    0,0,0,58,175,255,255,28,0,0,0,176,185,255,255,77,
    0,1,0,160,171,255,255,81,0,0,0,176,185,255,255,89,
    0,1,0,176,185,255,255,93,0,1,0,176,185,255,255,85,
    0,0,0,192,199,255,255,202,0,1,0,157,0,0,0,191,
    133,224,159,20,192,183,145,138,8,224,179,166,17,160,212,216,
    12,224,179,166,17,160,156,226,139,5,224,147,137,8,160,220,
    133,11,224,215,215,105,128,214,232,3,160,164,167,17,224,227,
    215,12,160,164,167,17,224,227,215,12,160,164,167,17,224,227,
    215,12,160,164,167,17,224,227,215,12,160,142,241,17,224,249,
    141,12,160,142,241,17,224,227,215,12,160,164,167,17,224,227,
    215,12,160,164,167,17,224,227,215,12,160,164,167,17,224,227,
    215,12,160,164,167,17,224,221,159,73,160,164,167,17,224,243,
    136,203,2,224,139,255,14,160,252,255,14,224,139,255,14,160,
    210,188,170,8,224,179,166,17,160,150,251,10,18,65,18,65,
    18,65,18,67,68,18,65,18,65,18,65,18,65,18,65,18,
    65,18,65,18,65,18,65,18,21,18,21,70,21,70,21,70,
    21,70,6,0,93,0,54,0,0,0,202,174,255,255,28,0,
    0,0,176,185,255,255,77,0,1,0,160,171,255,255,81,0,
    0,0,176,185,255,255,89,0,1,0,176,185,255,255,93,0,
    1,0,176,185,255,255,85,0,0,0,120,1,0,0,191,133,
    224,159,20,192,183,145,138,8,224,179,166,17,160,212,216,12,
    224,179,166,17,160,140,241,158,5,224,215,215,105,128,214,232,
    3,160,172,166,47,224,227,215,12,160,164,167,17,224,227,215,
    12,160,164,167,17,224,227,215,12,160,142,241,17,224,249,141,
    12,160,142,241,17,224,227,215,12,160,164,167,17,224,227,215,
    12,160,164,167,17,224,227,215,12,160,164,167,17,224,227,215,
    12,160,164,167,17,224,245,200,15,160,252,255,14,224,139,255,
    14,160,252,255,14,224,227,215,12,160,164,167,17,224,227,215,
    12,160,164,167,17,224,139,255,14,160,252,255,14,224,245,200,
    15,160,252,255,14,224,139,255,14,160,252,255,14,224,147,254,
    44,160,254,198,105,224,139,255,14,160,252,255,14,224,139,255,
    14,160,252,255,14,224,139,255,14,160,252,255,14,224,139,255,
    14,160,252,255,14,224,245,200,15,160,252,255,14,224,139,255,
    14,160,252,255,14,224,139,255,14,160,220,226,5,224,171,156,
    24,160,194,231,9,224,197,151,20,160,252,255,14,224,245,200,
    15,160,146,182,14,224,245,200,15,160,252,255,14,224,139,255,
    14,160,252,255,14,224,139,255,14,160,252,255,14,224,139,255,
    14,160,252,255,14,224,139,255,14,160,252,255,14,224,245,200,
    15,160,146,182,14,224,245,200,15,160,252,255,14,224,139,255,
    14,160,252,255,14,224,139,255,14,160,252,255,14,224,139,255,
    14,160,190,162,13,224,201,220,16,160,190,162,13,224,179,166,
    17,160,212,216,12,224,179,166,17,160,212,216,12,224,179,166,
    17,160,190,162,13,224,201,220,16,128,202,168,178,3,128,236,
    166,17,160,150,251,10,18,65,18,65,18,67,68,18,65,18,
    65,18,65,18,65,18,65,18,65,18,65,18,65,18,65,18,
    65,18,65,18,65,18,65,18,65,18,65,18,21,18,65,18,
    65,18,65,18,65,18,65,18,65,18,65,18,65,18,65,18,
    65,18,65,18,65,18,65,18,65,18,65,18,65,18,65,18,
    65,18,65,18,65,18,65,18,65,18,65,18,65,18,65,21,
    65,18,65,6,0,80,0,179,0,0,0,37,178,255,255,28,
    0,0,0,160,171,255,255,81,0,0,0,176,185,255,255,85,
    0,0,0,192,199,255,255,206,0,1,0,192,199,255,255,210,
    0,1,0,192,199,255,255,202,0,1,0,69,1,0,0,201,
    246,150,164,15,202,198,251,183,2,224,241,226,164,6,128,144,
    216,105,224,157,232,3,160,180,165,77,224,227,215,12,216,186,
    151,179,4,168,173,165,11,160,252,255,14,224,139,255,14,160,
    134,198,135,1,224,139,255,14,160,220,226,5,224,171,156,24,
    160,252,255,14,224,139,255,14,160,252,255,14,224,245,200,15,
    160,146,182,14,224,245,200,15,160,252,255,14,224,139,255,14,
    160,252,255,14,224,139,255,14,160,252,255,14,224,139,255,14,
    160,252,255,14,224,139,255,14,160,252,255,14,224,245,200,15,
    160,146,182,14,224,245,200,15,160,252,255,14,224,139,255,14,
    160,252,255,14,224,139,255,14,160,252,255,14,224,139,255,14,
    160,190,162,13,224,201,220,16,160,190,162,13,224,179,166,17,
    160,212,216,12,224,179,166,17,160,212,216,12,224,179,166,17,
    160,190,162,13,224,201,220,16,160,190,162,13,224,201,220,16,
    160,190,162,13,224,179,166,17,160,212,216,12,224,179,166,17,
    160,212,216,12,224,179,166,17,160,190,162,13,224,201,220,16,
    160,190,162,13,224,201,220,16,160,190,162,13,224,201,220,16,
    160,190,162,13,224,179,166,17,160,212,216,12,224,179,166,17,
    160,212,216,12,224,179,166,17,160,190,162,13,224,201,220,16,
    160,190,162,13,224,201,220,16,160,190,162,13,224,179,166,17,
    160,212,216,12,224,179,166,17,160,212,216,12,224,179,166,17,
    160,150,251,10,17,18,67,68,18,69,18,69,18,69,18,69,
    18,69,18,69,18,69,18,69,18,69,18,69,18,69,18,69,
    18,69,18,69,18,69,18,69,18,69,18,69,18,69,18,69,
    18,69,18,69,18,69,18,69,18,69,18,69,18,69,18,69,
    18,69,18,69,18,69,18,69,18,69,18,69,18,69,18,69,
    18,69,18,69,3,0,2,0,99,4,0,0,120,177,0,0,
    28,0,0,0,248,95,255,255,28,0,0,0,80,101,255,255,
    105,4,0,0,10,0,0,0,239,223,145,156,18,128,204,193,
    172,4,17,18,4,0,31,0,109,4,0,0,112,192,255,255,
    28,0,0,0,192,199,255,255,254,3,1,0,176,185,255,255,
    116,4,0,0,192,199,255,255,254,3,0,0,131,0,0,0,
    223,229,171,149,13,224,253,166,150,4,128,219,239,14,160,206,
    159,15,224,255,233,14,160,232,209,245,3,128,176,154,11,128,
    158,239,18,224,221,251,9,160,240,141,20,224,163,134,10,160,
    240,141,20,224,227,180,7,160,178,158,196,2,224,249,234,6,
    160,152,216,27,224,233,237,4,160,182,152,20,224,227,180,7,
    160,182,152,20,224,151,241,9,160,182,152,20,224,221,251,9,
    160,194,240,147,4,224,165,250,10,160,248,186,18,224,231,156,
    9,160,230,236,20,224,253,210,8,160,234,164,229,4,224,149,
    244,161,1,18,65,18,65,18,65,18,65,18,65,18,65,18,
    65,18,65,18,65,18,65,18,65,18,65,18,65,18,65,18,
    19,18,3,0,39,0,236,3,0,0,156,225,255,255,28,0,
    0,0,240,241,255,255,173,3,1,0,224,227,255,255,177,3,
    0,0,161,0,0,0,183,234,172,149,13,216,217,166,150,4,
    128,219,239,14,160,206,159,15,224,255,233,14,160,232,209,245,
    3,128,176,154,11,128,158,239,18,224,221,251,9,160,240,141,
    20,224,163,134,10,160,240,141,20,224,227,180,7,160,178,158,
    196,2,224,249,234,6,160,152,216,27,224,233,237,4,160,182,
    152,20,224,227,180,7,160,182,152,20,224,151,241,9,160,182,
    152,20,224,221,251,9,160,194,240,147,4,224,165,250,10,160,
    248,186,18,224,231,156,9,160,230,236,20,224,253,210,8,160,
    160,226,20,224,253,210,8,160,138,172,21,224,209,230,9,160,
    254,143,162,2,224,249,141,12,160,248,186,18,224,177,73,160,
    192,255,29,224,187,176,10,18,65,18,65,18,65,18,65,18,
    65,18,65,18,65,18,65,18,65,18,65,18,65,18,65,18,
    65,18,65,18,65,18,65,18,65,18,65,18,65,18,3,0,
    91,0,243,3,0,0,76,212,255,255,28,0,0,0,224,227,
    255,255,177,3,1,0,208,213,255,255,250,3,0,0,113,1,
    0,0,151,181,172,149,13,216,220,166,150,4,128,219,239,14,
    160,206,159,15,224,255,233,14,160,232,209,245,3,128,176,154,
    11,128,158,239,18,224,221,251,9,160,240,141,20,224,163,134,
    10,160,240,141,20,224,227,180,7,160,216,174,192,2,224,211,
    218,10,160,152,216,27,224,233,237,4,160,182,152,20,224,227,
    180,7,160,182,152,20,224,151,241,9,160,182,152,20,224,221,
    251,9,160,194,240,147,4,224,165,250,10,160,248,186,18,224,
    231,156,9,160,230,236,20,224,253,210,8,160,160,226,20,224,
    253,210,8,160,138,172,21,224,209,230,9,160,160,226,20,224,
    209,230,9,160,182,152,20,224,231,156,9,160,138,172,21,224,
    147,137,8,160,138,172,21,224,187,176,10,160,204,206,19,224,
    187,176,10,160,204,206,19,224,209,230,9,160,204,206,19,224,
    165,250,10,160,168,143,19,224,179,131,12,160,248,186,18,224,
    165,250,10,160,248,186,18,224,249,141,12,160,248,186,18,224,
    165,250,10,160,204,206,19,224,187,176,10,160,138,172,21,224,
    253,210,8,160,182,152,20,224,209,230,9,160,150,193,21,224,
    219,135,9,160,204,206,19,224,187,176,10,160,138,172,21,224,
    231,156,9,160,226,132,19,224,187,176,10,160,182,152,20,224,
    209,230,9,160,182,152,20,224,187,176,10,160,204,206,19,224,
    187,176,10,160,204,206,19,224,165,250,10,160,204,206,19,224,
    209,230,9,160,182,152,20,224,209,230,9,160,182,152,20,224,
    187,176,10,160,204,206,19,224,187,176,10,160,204,206,19,224,
    187,176,10,160,204,206,19,224,187,176,10,160,138,172,21,224,
    253,210,8,18,65,18,65,18,65,18,65,18,65,18,65,18,
    65,18,65,18,65,18,65,18,65,18,65,18,65,18,65,18,
    65,18,65,18,65,18,65,18,65,18,65,18,65,18,65,18,
    65,18,65,18,65,18,65,18,65,18,65,18,65,18,65,18,
    65,18,65,18,65,18,65,18,65,18,65,18,65,18,65,18,
    65,18,65,18,65,18,65,18,65,18,65,18,65,18,3,0,
    31,0,120,4,0,0,188,199,255,255,28,0,0,0,208,213,
    255,255,250,3,1,0,192,199,255,255,254,3,0,0,130,0,
    0,0,247,130,172,149,13,216,226,166,150,4,128,219,239,14,
    160,206,159,15,224,255,233,14,160,232,209,245,3,128,176,154,
    11,128,158,239,18,224,221,251,9,160,240,141,20,224,163,134,
    10,160,240,141,20,224,227,180,7,160,178,158,196,2,224,249,
    234,6,160,152,216,27,224,233,237,4,160,182,152,20,224,227,
    180,7,160,182,152,20,224,151,241,9,160,182,152,20,224,221,
    251,9,160,194,240,147,4,224,165,250,10,160,248,186,18,224,
    231,156,9,160,230,236,20,224,253,210,8,160,178,167,171,1,
    224,187,176,10,18,65,18,65,18,65,18,65,18,65,18,65,
    18,65,18,65,18,65,18,65,18,65,18,65,18,65,18,65,
    18,65,18,7,0,26,0,127,4,0,0,128,176,0,0,28,
    0,0,0,0,95,255,255,28,0,0,0,72,94,255,255,136,
    4,0,0,96,115,255,255,142,4,1,0,80,101,255,255,146,
    4,0,0,208,182,0,0,150,4,0,0,224,196,0,0,154,
    4,1,0,108,0,0,0,255,219,145,156,18,128,204,193,172,
    4,240,160,224,149,9,240,141,233,163,14,224,144,192,15,128,
    218,181,14,128,165,253,7,128,137,204,7,128,196,255,14,128,
    174,201,15,128,218,181,14,128,174,201,15,128,218,181,14,128,
    174,201,15,128,218,181,14,128,174,201,15,128,218,181,14,128,
    174,201,15,128,218,181,14,128,174,201,15,128,196,255,14,128,
    174,201,15,128,218,181,14,128,174,201,15,128,218,181,14,128,
    174,201,15,17,18,20,67,20,67,70,21,70,21,70,21,70,
    21,70,21,70,21,70,21,70,21,70,21,70,21,5,0,5,
    0,158,4,0,0,216,145,0,0,28,0,0,0,240,137,0,
    0,167,4,0,0,160,140,0,0,227,1,0,0,144,126,0,
    0,231,1,0,0,176,154,0,0,223,1,0,0,24,0,0,
    0,175,183,205,148,21,208,201,186,195,3,160,199,172,149,11,
    160,218,193,94,160,170,155,167,16,17,18,19,18,20,3,0,
    2,0,172,4,0,0,248,137,0,0,28,0,0,0,240,137,
    0,0,167,4,0,0,160,140,0,0,227,1,0,0,10,0,
    0,0,239,151,205,148,21,144,170,186,195,3,17,18,6,0,
    110,0,181,4,0,0,120,153,255,255,28,0,0,0,120,153,
    255,255,213,4,0,0,160,171,255,255,217,4,1,0,144,157,
    255,255,221,4,0,0,160,171,255,255,217,4,0,0,176,185,
    255,255,116,4,1,0,187,1,0,0,239,247,197,231,18,128,
    250,255,131,10,240,238,207,192,8,224,249,141,12,160,204,206,
    19,224,187,176,10,160,208,147,16,224,227,215,12,160,164,167,
    17,224,227,215,12,160,142,241,17,224,249,141,12,160,186,221,
    16,224,205,161,13,160,142,241,17,224,249,141,12,160,142,241,
    17,224,227,215,12,160,164,167,17,224,227,215,12,160,164,167,
    17,224,227,215,12,160,142,241,17,224,249,141,12,160,142,241,
    17,224,249,141,12,160,142,241,17,224,227,215,12,160,164,167,
    17,224,227,215,12,160,164,167,17,224,227,215,12,160,164,167,
    17,224,227,215,12,160,142,241,17,224,249,141,12,160,142,241,
    17,224,249,141,12,160,142,241,17,224,139,255,14,160,252,255,
    14,224,227,215,12,160,164,167,17,224,227,215,12,160,142,241,
    17,224,249,141,12,160,230,201,15,224,161,181,14,160,142,241,
    17,224,227,215,12,160,164,167,17,224,227,215,12,160,164,167,
    17,224,227,215,12,160,164,167,17,224,227,215,12,160,142,241,
    17,224,249,141,12,160,142,241,17,224,183,235,13,160,208,147,
    16,224,227,215,12,160,208,147,16,224,245,200,15,160,230,201,
    15,224,227,215,12,160,142,241,17,224,249,141,12,160,142,241,
    17,224,249,141,12,160,142,241,17,224,249,141,12,160,142,241,
    17,224,227,215,12,160,164,167,17,224,227,215,12,160,164,167,
    17,224,227,215,12,160,142,241,17,224,249,141,12,160,142,241,
    17,224,183,235,13,160,208,147,16,224,227,215,12,160,164,167,
    17,224,161,181,14,160,230,201,15,224,179,166,17,160,238,211,
    8,224,175,225,20,160,172,177,10,224,219,205,19,160,150,251,
    10,224,241,131,19,160,150,251,10,224,183,224,50,160,154,192,
    7,224,237,190,22,160,154,192,7,224,237,190,22,160,154,192,
    7,224,219,205,19,160,212,216,12,224,179,166,17,160,212,216,
    12,224,179,166,17,160,212,216,12,224,179,166,17,160,190,162,
    13,224,201,220,16,17,19,66,19,66,19,66,19,66,19,66,
    19,66,19,66,19,66,19,66,19,66,19,66,19,66,19,66,
    19,66,20,69,20,69,20,69,20,69,20,69,20,69,20,69,
    20,69,20,69,20,69,20,69,20,69,20,69,20,69,20,69,
    20,69,20,69,20,69,20,69,20,69,20,69,20,69,20,69,
    20,69,20,69,20,69,20,69,20,69,20,69,20,69,20,69,
    20,69,20,69,20,69,20,69,20,69,20,69,20,69,20,69,
    20,69,20,3,0,23,0,158,4,0,0,204,157,0,0,28,
    0,0,0,192,168,0,0,239,1,1,0,176,154,0,0,223,
    1,0,0,95,0,0,0,151,245,209,208,13,152,218,158,200,
    14,128,204,137,8,160,174,193,157,2,224,139,255,14,160,252,
    255,14,224,139,255,14,160,230,201,15,224,161,181,14,160,230,
    201,15,224,139,255,14,160,252,255,14,224,139,255,14,160,252,
    255,14,224,139,255,14,160,252,255,14,224,139,255,14,160,252,
    255,14,224,139,255,14,160,230,201,15,224,209,230,9,160,222,
    191,22,224,169,191,7,18,65,18,65,18,65,18,65,18,65,
    18,65,18,65,18,65,18,65,18,65,18,65,18,4,0,3,
    0,127,4,0,0,0,0,0,0,38,1,0,0,64,87,255,
    255,235,1,0,0,80,101,255,255,146,4,0,0,208,182,0,
    0,150,4,0,0,15,0,0,0,255,145,153,205,7,128,165,
    201,242,9,224,211,249,202,3,17,18,19,3,0,2,0,127,
    4,0,0,120,95,255,255,28,0,0,0,80,101,255,255,146,
    4,0,0,208,182,0,0,150,4,0,0,10,0,0,0,239,
    169,197,156,16,208,144,178,140,26,17,18,3,0,29,0,214,
    1,0,0,192,167,0,0,28,0,0,0,208,182,0,0,150,
    4,1,0,192,168,0,0,239,1,0,0,119,0,0,0,255,
    184,226,222,12,192,152,187,194,19,128,138,231,9,128,232,225,
    20,128,160,157,9,128,194,202,165,2,128,138,231,9,128,236,
    166,17,128,222,250,10,128,170,132,19,128,226,191,7,128,166,
    191,22,128,226,191,7,128,144,137,23,224,191,245,6,160,178,
    211,23,128,142,172,6,128,250,210,23,128,142,172,6,128,228,
    156,24,128,164,226,5,128,228,156,24,128,164,226,5,128,228,
    156,24,128,164,226,5,128,206,230,24,128,186,152,5,128,202,
    161,28,128,168,167,2,18,65,18,65,18,65,18,65,18,65,
    18,65,18,65,18,65,18,65,18,65,18,65,18,65,18,65,
    18,65,18,2,0,1,0,214,1,0,0,52,162,0,0,28,
    0,0,0,192,168,0,0,239,1,0,0,5,0,0,0,231,
    180,207,156,16,17,4,0,4,0,225,4,0,0,0,172,255,
    255,28,0,0,0,176,185,255,255,116,4,0,0,176,185,255,
    255,116,4,1,0,160,171,255,255,217,4,0,0,19,0,0,
    0,255,205,221,149,9,160,223,163,247,12,160,154,242,207,1,
    224,165,215,5,17,19,66,19,2,0,1,0,232,4,0,0,
    124,129,255,255,28,0,0,0,112,129,255,255,239,4,0,0,
    5,0,0,0,247,223,253,186,13,17,2,0,1,0,158,4,
    0,0,244,149,0,0,28,0,0,0,176,154,0,0,223,1,
    0,0,5,0,0,0,231,177,134,187,13,17,6,0,21,0,
    243,4,0,0,52,54,255,255,28,0,0,0,180,135,0,0,
    28,0,0,0,160,140,0,0,251,4,0,0,144,126,0,0,
    231,1,0,0,176,154,0,0,255,4,1,0,160,140,0,0,
    3,5,0,0,90,0,0,0,231,232,241,177,29,128,158,163,
    149,13,168,162,139,208,9,160,208,183,79,160,208,201,192,3,
    224,235,249,47,160,156,160,198,1,152,158,161,42,232,217,143,
    12,224,235,225,5,160,204,206,19,224,165,250,10,160,226,132,
    19,224,165,250,10,160,254,209,68,224,235,225,5,160,252,221,
    67,216,216,159,7,168,181,152,20,224,187,176,10,224,235,237,
    189,5,17,18,19,18,68,18,68,18,68,18,68,18,68,18,
    68,18,68,18,68,18,21,4,0,3,0,8,5,0,0,128,
    108,255,255,28,0,0,0,0,106,255,255,17,5,0,0,96,
    115,255,255,142,4,0,0,224,196,0,0,154,4,0,0,15,
    0,0,0,255,221,197,156,16,128,166,245,193,18,192,230,249,
    202,3,17,18,19,6,0,9,0,158,4,0,0,76,71,255,
    255,28,0,0,0,204,152,0,0,28,0,0,0,176,154,0,
    0,223,1,0,0,144,126,0,0,231,1,0,0,160,140,0,
    0,227,1,0,0,192,168,0,0,239,1,0,0,44,0,0,
    0,151,173,242,177,29,128,158,163,149,13,184,230,219,157,3,
    192,144,195,130,1,192,239,153,155,4,160,210,230,127,160,146,
    184,130,1,192,177,168,215,5,224,175,170,240,6,17,18,19,
    18,20,19,18,21,18,2,0,1,0,23,5,0,0,56,125,
    255,255,28,0,0,0,104,122,255,255,35,5,0,0,5,0,
    0,0,239,206,253,186,13,17,4,0,4,0,214,1,0,0,
    124,156,0,0,28,0,0,0,184,161,0,0,41,5,0,0,
    144,126,0,0,231,1,0,0,192,168,0,0,239,1,0,0,
    19,0,0,0,247,211,198,193,11,136,251,205,138,5,208,248,
    145,91,240,131,244,237,7,17,18,17,19,3,0,2,0,47,
    5,0,0,180,96,255,255,28,0,0,0,160,96,255,255,55,
    5,0,0,80,101,255,255,146,4,0,0,10,0,0,0,231,
    214,244,133,4,168,184,170,224,2,17,18,5,0,6,0,61,
    5,0,0,120,157,0,0,28,0,0,0,128,157,0,0,92,
    5,0,0,184,161,0,0,41,5,0,0,200,175,0,0,98,
    5,1,0,176,154,0,0,223,1,0,0,28,0,0,0,239,
    161,207,156,16,240,131,223,224,11,208,199,238,204,5,128,244,
    176,10,128,252,207,197,9,208,175,198,112,17,18,67,18,20,
    20,3,0,7,0,158,4,0,0,12,156,0,0,28,0,0,
    0,192,168,0,0,239,1,1,0,176,154,0,0,223,1,0,
    0,31,0,0,0,151,238,209,208,13,184,215,135,191,15,224,
    133,128,7,160,130,255,22,224,203,138,7,224,242,194,150,4,
    128,226,191,7,18,65,18,65,18,65,18,3,0,2,0,104,
    5,0,0,148,44,255,255,28,0,0,0,20,126,0,0,28,
    0,0,0,144,126,0,0,231,1,0,0,10,0,0,0,167,
    194,241,177,29,128,158,163,149,13,17,18,3,0,2,0,112,
    5,0,0,12,134,255,255,28,0,0,0,120,136,255,255,119,
    5,0,0,128,143,255,255,125,5,0,0,10,0,0,0,151,
    196,198,156,16,168,204,232,240,22,17,18,5,0,28,0,129,
    5,0,0,184,187,0,0,28,0,0,0,56,106,255,255,28,
    0,0,0,88,108,255,255,137,5,0,0,96,115,255,255,142,
    4,0,0,104,122,255,255,35,5,1,0,115,0,0,0,239,
    140,153,187,16,128,144,164,181,12,192,233,213,144,6,224,231,
    156,9,144,176,206,19,240,215,176,10,144,176,206,19,240,215,
    176,10,144,176,206,19,240,193,250,10,144,176,206,19,240,215,
    176,10,144,176,206,19,240,215,176,10,144,176,206,19,240,215,
    176,10,144,176,206,19,240,215,176,10,144,176,206,19,240,215,
    176,10,144,176,206,19,240,193,250,10,144,176,206,19,240,215,
    176,10,144,176,206,19,240,215,176,10,144,176,206,19,240,215,
    176,10,17,18,52,19,52,19,52,19,52,19,52,19,52,19,
    52,19,52,19,52,19,52,19,52,19,52,19,52,19,2,0,
    1,0,129,5,0,0,200,115,255,255,28,0,0,0,96,115,
    255,255,142,4,0,0,5,0,0,0,143,169,253,186,13,17,
    4,0,10,0,127,4,0,0,64,173,0,0,28,0,0,0,
    112,173,0,0,143,5,0,0,208,182,0,0,150,4,0,0,
    224,196,0,0,154,4,1,0,44,0,0,0,255,142,211,219,
    5,160,143,226,204,3,128,159,203,142,9,128,216,193,13,128,
    170,132,19,224,191,245,6,160,200,137,23,224,191,245,6,160,
    246,217,188,3,128,164,226,5,17,18,67,18,67,18,67,18,
    67,18,4,0,4,0,149,5,0,0,7,194,255,255,28,0,
    0,0,192,199,255,255,212,3,0,0,208,213,255,255,31,4,
    1,0,208,213,255,255,27,4,1,0,18,0,0,0,141,169,
    203,209,16,142,244,252,144,10,224,134,238,98,192,229,231,3,
    17,67,66,17,3,0,51,0,243,3,0,0,208,210,255,255,
    28,0,0,0,224,227,255,255,177,3,1,0,208,213,255,255,
    250,3,0,0,211,0,0,0,159,175,172,149,13,224,214,166,
    150,4,128,219,239,14,160,206,159,15,224,255,233,14,160,232,
    209,245,3,128,176,154,11,128,158,239,18,224,221,251,9,160,
    240,141,20,224,163,134,10,160,240,141,20,224,227,180,7,160,
    178,158,196,2,224,249,234,6,160,152,216,27,224,233,237,4,
    160,182,152,20,224,227,180,7,160,182,152,20,224,151,241,9,
    160,182,152,20,224,221,251,9,160,194,240,147,4,224,165,250,
    10,160,248,186,18,224,231,156,9,160,230,236,20,224,253,210,
    8,160,160,226,20,224,253,210,8,160,138,172,21,224,209,230,
    9,160,200,221,170,1,224,209,230,9,160,204,206,19,224,165,
    250,10,160,168,143,19,224,179,131,12,160,248,186,18,224,165,
    250,10,160,248,186,18,224,249,141,12,160,248,186,18,224,165,
    250,10,160,204,206,19,224,187,176,10,160,138,172,21,224,253,
    210,8,160,210,163,163,2,224,209,230,9,18,65,18,65,18,
    65,18,65,18,65,18,65,18,65,18,65,18,65,18,65,18,
    65,18,65,18,65,18,65,18,65,18,65,18,65,18,65,18,
    65,18,65,18,65,18,65,18,65,18,65,18,65,18,5,0,
    104,0,243,3,0,0,240,201,255,255,28,0,0,0,240,201,
    255,255,157,0,0,0,192,199,255,255,254,3,0,0,208,213,
    255,255,250,3,0,0,208,213,255,255,250,3,1,0,162,1,
    0,0,223,185,199,231,18,128,144,135,233,9,224,146,159,209,
    9,224,217,136,45,160,144,148,45,224,215,194,12,160,188,209,
    17,224,145,184,12,160,188,209,17,224,145,184,12,160,188,209,
    17,224,139,255,14,160,194,138,15,224,209,137,15,160,194,138,
    15,224,139,255,14,160,194,138,15,224,139,255,14,160,194,138,
    15,224,139,255,14,160,194,138,15,224,209,137,15,160,194,138,
    15,224,139,255,14,160,194,138,15,224,139,255,14,160,194,138,
    15,224,139,255,14,160,194,138,15,224,209,137,15,160,194,138,
    15,224,139,255,14,160,128,232,16,224,205,161,13,160,194,138,
    15,224,139,255,14,160,160,191,15,224,249,141,12,160,212,251,
    17,224,173,202,14,160,136,149,15,224,133,163,12,160,200,230,
    17,224,191,152,12,160,142,241,17,224,215,194,12,160,154,134,
    18,224,143,196,11,160,248,186,18,224,249,141,12,160,142,241,
    17,224,227,215,12,160,164,167,17,224,227,215,12,160,164,167,
    17,224,227,215,12,160,142,241,17,224,139,255,14,160,234,142,
    12,224,157,240,17,160,212,216,12,224,179,166,17,160,208,147,
    16,224,249,141,12,160,142,241,17,224,249,141,12,160,142,241,
    17,224,249,141,12,160,248,186,18,224,143,196,11,160,248,186,
    18,224,143,196,11,160,248,186,18,224,161,181,14,160,146,182,
    14,224,245,200,15,160,146,182,14,224,245,200,15,160,252,255,
    14,224,183,235,13,160,208,147,16,224,183,235,13,160,208,147,
    16,224,183,235,13,160,208,147,16,224,161,181,14,160,230,201,
    15,224,161,181,14,160,230,201,15,224,161,181,14,160,208,147,
    16,224,183,235,13,160,208,147,16,224,183,235,13,160,208,147,
    16,224,161,181,14,160,230,201,15,224,161,181,14,160,230,201,
    15,224,161,181,14,160,230,201,15,224,161,181,14,160,208,147,
    16,224,189,94,17,18,19,18,68,18,68,18,68,18,68,18,
    68,18,68,18,68,18,68,18,68,18,68,18,68,18,68,18,
    68,18,68,18,68,18,68,18,68,18,68,18,68,18,68,18,
    68,18,68,18,68,18,68,18,68,18,68,18,68,18,68,18,
    68,18,68,18,68,18,68,18,68,18,68,18,68,18,68,18,
    68,18,68,18,68,18,68,18,68,18,68,18,68,18,68,18,
    68,18,68,18,68,18,68,18,68,18,68,19,3,0,61,0,
    243,3,0,0,228,219,255,255,28,0,0,0,224,227,255,255,
    177,3,1,0,208,213,255,255,250,3,0,0,250,0,0,0,
    199,211,172,149,13,136,251,166,150,4,128,219,239,14,160,206,
    159,15,224,255,233,14,160,232,209,245,3,128,176,154,11,128,
    158,239,18,224,221,251,9,160,240,141,20,224,163,134,10,160,
    240,141,20,224,227,180,7,160,178,158,196,2,224,249,234,6,
    160,152,216,27,224,233,237,4,160,182,152,20,224,227,180,7,
    160,182,152,20,224,151,241,9,160,182,152,20,224,221,251,9,
    160,194,240,147,4,224,165,250,10,160,248,186,18,224,231,156,
    9,160,230,236,20,224,253,210,8,160,160,226,20,224,253,210,
    8,160,138,172,21,224,209,230,9,160,160,226,20,224,209,230,
    9,160,182,152,20,224,231,156,9,160,138,172,21,224,147,137,
    8,160,138,172,21,224,187,176,10,160,204,206,19,224,187,176,
    10,160,204,206,19,224,209,230,9,160,204,206,19,224,165,250,
    10,160,168,143,19,224,179,131,12,160,248,186,18,224,165,250,
    10,160,248,186,18,224,249,141,12,160,248,186,18,224,165,250,
    10,160,204,206,19,224,187,176,10,160,138,172,21,224,253,210,
    8,160,224,218,132,2,224,165,250,10,18,65,18,65,18,65,
    18,65,18,65,18,65,18,65,18,65,18,65,18,65,18,65,
    18,65,18,65,18,65,18,65,18,65,18,65,18,65,18,65,
    18,65,18,65,18,65,18,65,18,65,18,65,18,65,18,65,
    18,65,18,65,18,65,18,5,0,61,0,154,5,0,0,84,
    157,255,255,28,0,0,0,144,157,255,255,2,2,0,0,160,
    171,255,255,81,0,0,0,160,171,255,255,254,1,1,0,176,
    185,255,255,77,0,1,0,248,0,0,0,159,222,200,164,11,
    128,140,210,163,1,224,171,169,103,160,156,215,13,224,227,215,
    12,160,194,138,15,224,169,231,174,2,224,202,232,215,12,224,
    201,220,16,160,190,162,13,224,201,220,16,160,190,162,13,224,
    201,220,16,160,190,162,13,224,179,166,17,160,212,216,12,224,
    179,166,17,160,230,201,15,224,249,141,12,160,230,201,15,224,
    201,220,16,160,190,162,13,224,201,220,16,160,190,162,13,224,
    179,166,17,160,212,216,12,224,179,166,17,160,212,216,12,224,
    179,166,17,160,212,216,12,224,179,166,17,160,190,162,13,224,
    201,220,16,160,190,162,13,224,201,220,16,160,190,162,13,192,
    251,165,17,160,212,216,12,224,179,166,17,160,212,216,12,224,
    179,166,17,160,190,162,13,224,201,220,16,160,190,162,13,224,
    201,220,16,160,190,162,13,224,201,220,16,160,190,162,13,224,
    179,166,17,160,212,216,12,224,179,166,17,160,212,216,12,224,
    179,166,17,160,190,162,13,224,201,220,16,160,190,162,13,224,
    201,220,16,160,190,162,13,224,179,166,17,160,212,216,12,224,
    179,166,17,17,18,17,67,17,18,17,67,17,67,17,67,17,
    67,17,67,17,67,17,67,17,67,17,67,17,67,17,67,17,
    67,17,67,17,67,17,68,18,68,18,68,18,68,18,68,18,
    68,18,68,18,68,18,68,18,68,18,68,18,68,18,68,18,
    4,0,15,0,149,5,0,0,27,200,255,255,28,0,0,0,
    208,213,255,255,208,3,1,0,192,199,255,255,212,3,0,0,
    200,206,255,255,159,5,1,0,63,0,0,0,181,218,250,219,
    13,214,137,153,154,7,160,220,133,11,224,255,140,20,160,172,
    177,10,224,227,250,17,160,142,206,12,128,162,220,217,7,224,
    231,156,9,160,208,147,16,224,183,235,13,160,208,147,16,224,
    183,235,13,160,186,221,16,224,251,129,13,18,65,18,65,18,
    51,18,65,18,65,18,65,18,65,18,3,0,29,0,243,3,
    0,0,140,210,255,255,28,0,0,0,224,227,255,255,177,3,
    1,0,208,213,255,255,250,3,0,0,121,0,0,0,151,174,
    172,149,13,216,213,166,150,4,128,219,239,14,160,206,159,15,
    224,255,233,14,160,232,209,245,3,128,176,154,11,128,158,239,
    18,224,221,251,9,160,240,141,20,224,163,134,10,160,240,141,
    20,224,227,180,7,160,178,158,196,2,224,249,234,6,160,152,
    216,27,224,233,237,4,160,182,152,20,224,227,180,7,160,182,
    152,20,224,151,241,9,160,182,152,20,224,221,251,9,160,194,
    240,147,4,224,165,250,10,160,248,186,18,224,231,156,9,160,
    230,236,20,224,253,210,8,18,65,18,65,18,65,18,65,18,
    65,18,65,18,65,18,65,18,65,18,65,18,65,18,65,18,
    65,18,65,18,6,0,98,0,154,5,0,0,80,173,255,255,
    28,0,0,0,168,178,255,255,165,5,1,0,160,171,255,255,
    81,0,0,0,176,185,255,255,89,0,1,0,176,185,255,255,
    93,0,1,0,176,185,255,255,77,0,1,0,140,1,0,0,
    159,153,137,202,13,224,136,131,196,1,240,215,176,10,144,176,
    206,19,240,193,250,10,144,198,132,19,240,193,250,10,144,198,
    132,19,240,193,250,10,144,176,206,19,240,215,176,10,144,176,
    206,19,240,215,176,10,144,176,206,19,240,193,250,10,144,198,
    132,19,240,193,250,10,144,198,132,19,240,193,250,10,144,198,
    132,19,240,193,250,10,144,176,206,19,240,215,176,10,144,176,
    206,19,240,215,176,10,144,176,206,19,240,193,250,10,144,198,
    132,19,240,193,250,10,144,198,132,19,240,193,250,10,144,176,
    206,19,240,215,176,10,144,176,206,19,240,215,176,10,144,176,
    206,19,240,215,176,10,144,176,206,19,240,193,250,10,144,198,
    132,19,240,193,250,10,144,198,132,19,240,193,250,10,144,176,
    206,19,240,215,176,10,144,176,206,19,240,215,176,10,144,176,
    206,19,240,193,250,10,144,250,250,10,160,198,158,94,192,243,
    147,10,160,164,156,54,240,193,250,10,144,198,132,19,240,193,
    250,10,144,198,132,19,240,193,250,10,144,176,206,19,240,215,
    176,10,144,176,206,19,240,215,176,10,144,176,206,19,240,193,
    250,10,144,198,132,19,240,193,250,10,144,198,132,19,240,193,
    250,10,144,198,132,19,240,193,250,10,144,176,206,19,240,215,
    176,10,144,176,206,19,240,215,176,10,144,176,206,19,240,193,
    250,10,144,198,132,19,240,193,250,10,144,198,132,19,240,193,
    250,10,144,176,206,19,240,215,176,10,144,176,206,19,240,215,
    176,10,144,176,206,19,240,215,176,10,144,176,206,19,240,193,
    250,10,144,198,132,19,240,193,250,10,144,198,132,19,240,193,
    250,10,144,176,206,19,240,215,176,10,144,228,129,175,1,224,
    211,183,5,160,132,189,138,2,224,151,206,4,18,49,18,49,
    18,49,18,49,18,49,18,49,18,49,18,49,18,49,18,49,
    18,49,18,49,18,49,18,49,18,49,18,49,18,49,18,49,
    18,49,18,49,18,49,18,49,18,49,18,49,18,67,68,18,
    49,18,49,18,49,18,49,18,49,18,49,18,49,18,49,18,
    49,18,49,18,49,18,49,18,49,18,49,18,49,18,49,18,
    49,18,49,18,49,18,49,18,49,18,69,18,69,18,3,0,
    33,0,120,4,0,0,32,199,255,255,28,0,0,0,208,213,
    255,255,250,3,1,0,192,199,255,255,254,3,0,0,137,0,
    0,0,191,128,172,149,13,160,224,166,150,4,128,219,239,14,
    160,206,159,15,224,255,233,14,160,232,209,245,3,128,176,154,
    11,128,158,239,18,224,221,251,9,160,240,141,20,224,163,134,
    10,160,240,141,20,224,227,180,7,160,178,158,196,2,224,249,
    234,6,160,152,216,27,224,233,237,4,160,182,152,20,224,227,
    180,7,160,182,152,20,224,151,241,9,160,182,152,20,224,221,
    251,9,160,194,240,147,4,224,165,250,10,160,248,186,18,224,
    231,156,9,160,230,236,20,224,253,210,8,160,248,215,222,2,
    224,249,141,12,160,248,186,18,224,177,73,18,65,18,65,18,
    65,18,65,18,65,18,65,18,65,18,65,18,65,18,65,18,
    65,18,65,18,65,18,65,18,65,18,65,18,4,0,4,0,
    109,4,0,0,144,186,255,255,28,0,0,0,144,186,255,255,
    32,0,0,0,192,199,255,255,254,3,1,0,176,185,255,255,
    116,4,0,0,19,0,0,0,159,172,158,150,20,128,130,225,
    155,7,192,247,216,154,18,224,215,136,23,17,19,66,19,7,
    0,90,0,10,2,0,0,15,147,255,255,28,0,0,0,144,
    157,255,255,172,2,1,0,128,143,255,255,176,2,0,0,160,
    171,255,255,6,2,1,0,160,171,255,255,33,2,1,0,144,
    157,255,255,2,2,0,0,160,171,255,255,254,1,1,0,108,
    1,0,0,255,148,223,159,20,192,183,145,138,8,224,179,166,
    17,160,212,216,12,224,179,166,17,160,210,218,106,224,129,150,
    180,4,192,159,215,105,160,142,233,3,160,244,186,137,5,224,
    139,255,14,160,252,255,14,224,139,255,14,160,252,255,14,224,
    139,255,14,160,252,255,14,224,139,255,14,160,252,255,14,224,
    245,200,15,160,252,255,14,224,139,255,14,160,252,255,14,224,
    139,255,14,160,132,138,8,224,131,245,21,160,194,231,9,224,
    197,151,20,160,252,255,14,224,245,200,15,160,146,182,14,224,
    245,200,15,160,252,255,14,224,139,255,14,160,252,255,14,224,
    139,255,14,160,252,255,14,224,139,255,14,160,252,255,14,224,
    139,255,14,160,252,255,14,224,245,200,15,160,146,182,14,224,
    245,200,15,160,252,255,14,224,139,255,14,160,252,255,14,224,
    139,255,14,160,252,255,14,224,139,255,14,160,190,162,13,224,
    201,220,16,160,190,162,13,224,179,166,17,160,212,216,12,224,
    179,166,17,160,212,216,12,224,179,166,17,160,190,162,13,224,
    201,220,16,160,190,162,13,224,201,220,16,160,190,162,13,224,
    179,166,17,160,212,216,12,224,179,166,17,160,212,216,12,224,
    179,166,17,160,190,162,13,224,201,220,16,160,190,162,13,224,
    201,220,16,160,190,162,13,224,201,220,16,160,190,162,13,224,
    179,166,17,160,212,216,12,224,179,166,17,160,212,216,12,224,
    179,166,17,160,190,162,13,224,201,220,16,160,190,162,13,224,
    201,220,16,160,190,162,13,224,179,166,17,160,212,216,12,224,
    179,166,17,160,212,216,12,224,179,166,17,160,150,251,10,18,
    65,18,65,18,21,67,68,21,70,21,70,21,70,21,70,21,
    70,21,70,21,70,21,70,21,70,21,70,21,70,21,70,21,
    70,21,70,21,70,21,70,21,70,21,70,21,70,21,70,21,
    70,21,70,21,70,21,70,21,70,21,70,21,70,21,70,21,
    70,21,70,21,70,21,70,21,70,21,70,21,70,21,70,21,
    70,21,70,21,70,21,70,21,70,6,0,61,0,243,3,0,
    0,52,201,255,255,28,0,0,0,208,195,255,255,175,0,0,
    0,192,199,255,255,254,3,0,0,208,213,255,255,250,3,1,
    0,224,227,255,255,177,3,1,0,208,213,255,255,250,3,0,
    0,252,0,0,0,231,222,154,214,17,200,155,175,255,5,160,
    140,198,190,2,224,221,251,9,160,150,158,16,224,131,175,11,
    160,182,152,20,224,151,241,9,160,182,152,20,224,151,241,9,
    160,182,152,20,224,151,241,9,160,182,152,20,224,221,251,9,
    160,182,152,20,224,151,241,9,160,182,152,20,224,151,241,9,
    160,182,152,20,224,151,241,9,160,182,152,20,224,221,251,9,
    160,148,135,10,224,181,224,28,160,148,135,10,224,225,251,53,
    160,186,151,6,224,159,194,71,160,188,209,17,224,141,205,255,
    3,160,186,151,6,224,213,171,6,160,144,229,18,224,189,164,
    11,160,144,229,18,224,189,164,11,160,144,229,18,224,253,245,
    13,160,252,255,14,224,245,200,15,160,252,255,14,224,139,255,
    14,160,252,255,14,224,217,184,129,1,224,147,137,8,160,152,
    130,183,3,224,251,222,7,160,248,186,18,224,143,196,11,160,
    226,132,19,224,165,250,10,160,226,132,19,224,165,250,10,160,
    226,132,19,224,143,196,11,160,190,235,197,1,128,144,195,12,
    128,252,190,235,1,224,213,171,6,160,142,241,17,224,249,141,
    12,17,18,67,18,67,18,67,18,67,18,67,18,67,18,67,
    18,67,18,67,18,67,18,67,18,67,18,67,18,67,18,67,
    18,67,18,67,18,67,18,67,18,67,18,21,68,21,68,21,
    68,21,68,21,68,21,68,21,67,21,68,21,68,21,8,0,
    76,0,10,2,0,0,0,0,0,0,38,1,0,0,160,171,
    255,255,6,2,1,0,160,171,255,255,33,2,1,0,144,157,
    255,255,2,2,0,0,160,171,255,255,254,1,1,0,176,185,
    255,255,77,0,1,0,160,171,255,255,81,0,0,0,176,185,
    255,255,85,0,0,0,50,1,0,0,255,201,233,224,11,160,
    252,177,153,5,192,159,215,105,160,142,233,3,160,134,128,160,
    6,224,139,255,14,160,252,255,14,224,139,255,14,160,252,255,
    14,224,139,255,14,160,252,255,14,224,139,255,14,160,252,255,
    14,224,245,200,15,160,146,182,14,224,245,200,15,160,252,255,
    14,224,139,255,14,160,252,255,14,224,139,255,14,160,252,255,
    14,224,139,255,14,160,252,255,14,224,139,255,14,160,252,255,
    14,224,245,200,15,160,146,182,14,224,245,200,15,160,252,255,
    14,224,139,255,14,160,252,255,14,224,139,255,14,160,252,255,
    14,224,139,255,14,160,190,162,13,224,201,220,16,160,190,162,
    13,224,179,166,17,160,212,216,12,224,179,166,17,160,212,216,
    12,224,179,166,17,160,190,162,13,224,201,220,16,160,190,162,
    13,224,201,220,16,160,190,162,13,224,179,166,17,160,212,216,
    12,224,179,166,17,160,212,216,12,224,179,166,17,160,190,162,
    13,224,201,220,16,160,190,162,13,224,201,220,16,160,190,162,
    13,224,201,220,16,160,190,162,13,224,179,166,17,128,156,216,
    12,224,179,166,17,192,249,72,128,147,144,12,224,179,166,17,
    160,190,162,13,224,201,220,16,160,190,162,13,224,201,220,16,
    160,190,162,13,224,179,166,17,160,212,216,12,224,179,166,17,
    160,212,216,12,224,179,166,17,160,150,251,10,19,65,66,19,
    68,19,68,19,68,19,68,19,68,19,68,19,68,19,68,19,
    68,19,68,19,68,19,68,19,68,19,68,19,68,19,68,19,
    68,19,68,19,68,19,68,19,68,19,68,19,68,19,68,19,
    68,19,68,19,68,19,68,22,69,23,22,68,19,68,19,68,
    19,68,19,68,19,68,19,68,3,0,91,0,120,4,0,0,
    204,204,255,255,28,0,0,0,208,213,255,255,250,3,1,0,
    192,199,255,255,254,3,0,0,113,1,0,0,151,151,172,149,
    13,248,246,166,150,4,128,219,239,14,160,206,159,15,224,255,
    233,14,160,232,209,245,3,128,176,154,11,128,158,239,18,224,
    221,251,9,160,240,141,20,224,163,134,10,160,240,141,20,224,
    227,180,7,160,178,158,196,2,224,249,234,6,160,152,216,27,
    224,233,237,4,160,182,152,20,224,227,180,7,160,182,152,20,
    224,151,241,9,160,182,152,20,224,221,251,9,160,194,240,147,
    4,224,165,250,10,160,248,186,18,224,231,156,9,160,230,236,
    20,224,253,210,8,160,160,226,20,224,253,210,8,160,138,172,
    21,224,209,230,9,160,160,226,20,224,209,230,9,160,182,152,
    20,224,231,156,9,160,138,172,21,224,147,137,8,160,138,172,
    21,224,187,176,10,160,204,206,19,224,187,176,10,160,204,206,
    19,224,209,230,9,160,204,206,19,224,165,250,10,160,168,143,
    19,224,179,131,12,160,248,186,18,224,165,250,10,160,248,186,
    18,224,249,141,12,160,248,186,18,224,165,250,10,160,204,206,
    19,224,187,176,10,160,138,172,21,224,253,210,8,160,182,152,
    20,224,209,230,9,160,150,193,21,224,219,135,9,160,204,206,
    19,224,187,176,10,160,138,172,21,224,231,156,9,160,226,132,
    19,224,187,176,10,160,182,152,20,224,209,230,9,160,182,152,
    20,224,187,176,10,160,204,206,19,224,187,176,10,160,204,206,
    19,224,165,250,10,160,204,206,19,224,209,230,9,160,182,152,
    20,224,209,230,9,160,182,152,20,224,187,176,10,160,204,206,
    19,224,187,176,10,160,204,206,19,224,187,176,10,160,204,206,
    19,224,187,176,10,160,138,172,21,224,253,210,8,18,65,18,
    65,18,65,18,65,18,65,18,65,18,65,18,65,18,65,18,
    65,18,65,18,65,18,65,18,65,18,65,18,65,18,65,18,
    65,18,65,18,65,18,65,18,65,18,65,18,65,18,65,18,
    65,18,65,18,65,18,65,18,65,18,65,18,65,18,65,18,
    65,18,65,18,65,18,65,18,65,18,65,18,65,18,65,18,
    65,18,65,18,65,18,65,18,5,0,43,0,170,0,0,0,
    168,174,255,255,28,0,0,0,160,171,255,255,81,0,0,0,
    176,185,255,255,85,0,0,0,176,185,255,255,77,0,1,0,
    192,199,255,255,202,0,1,0,175,0,0,0,191,150,201,164,
    11,192,174,160,141,14,160,155,231,30,224,164,253,142,3,224,
    201,220,16,160,190,162,13,224,201,220,16,128,134,162,13,224,
    209,230,9,160,176,246,6,160,190,162,13,224,179,166,17,160,
    212,216,12,224,179,166,17,160,230,201,15,224,249,141,12,160,
    230,201,15,224,201,220,16,160,190,162,13,224,201,220,16,160,
    190,162,13,224,179,166,17,160,212,216,12,224,179,166,17,160,
    212,216,12,224,179,166,17,160,212,216,12,224,179,166,17,160,
    190,162,13,224,201,220,16,160,190,162,13,224,201,220,16,160,
    190,162,13,224,179,166,17,160,212,216,12,224,179,166,17,160,
    212,216,12,224,179,166,17,160,190,162,13,224,201,220,16,160,
    190,162,13,224,201,220,16,160,132,138,8,17,18,17,67,17,
    67,18,68,67,17,67,17,67,17,67,17,67,17,67,17,67,
    17,67,17,67,17,67,17,67,17,67,17,67,17,67,17,67,
    17,67,17,67,17,18,4,0,5,0,120,4,0,0,64,193,
    255,255,28,0,0,0,68,193,255,255,175,0,0,0,184,192,
    255,255,171,5,0,0,192,199,255,255,254,3,0,0,25,0,
    0,0,255,150,199,231,18,248,199,184,153,5,152,128,214,183,
    12,208,152,149,140,10,128,220,208,252,1,17,18,19,18,19,
    6,0,61,0,243,3,0,0,84,194,255,255,28,0,0,0,
    208,195,255,255,175,0,0,0,192,199,255,255,254,3,0,0,
    208,213,255,255,250,3,1,0,224,227,255,255,177,3,1,0,
    208,213,255,255,250,3,0,0,251,0,0,0,167,195,154,214,
    17,136,128,175,255,5,160,140,198,190,2,224,221,251,9,160,
    150,158,16,224,131,175,11,160,182,152,20,224,151,241,9,160,
    182,152,20,224,151,241,9,160,182,152,20,224,151,241,9,160,
    182,152,20,224,221,251,9,160,182,152,20,224,151,241,9,160,
    182,152,20,224,151,241,9,160,182,152,20,224,151,241,9,160,
    182,152,20,224,221,251,9,160,148,135,10,224,181,224,28,160,
    148,135,10,224,225,251,53,160,186,151,6,224,159,194,71,160,
    188,209,17,224,141,205,255,3,160,186,151,6,224,213,171,6,
    160,144,229,18,224,189,164,11,160,144,229,18,224,189,164,11,
    160,144,229,18,224,253,245,13,160,252,255,14,224,245,200,15,
    160,252,255,14,224,139,255,14,160,252,255,14,224,217,184,129,
    1,224,147,137,8,160,152,130,183,3,224,251,222,7,160,248,
    186,18,224,143,196,11,160,226,132,19,224,165,250,10,192,154,
    133,19,192,237,249,10,160,226,132,19,224,143,196,11,160,190,
    235,197,1,128,144,195,12,128,154,230,127,160,234,200,1,224,
    247,143,106,224,213,171,6,17,18,67,18,67,18,67,18,67,
    18,67,18,67,18,67,18,67,18,67,18,67,18,67,18,67,
    18,67,18,67,18,67,18,67,18,67,18,67,18,67,18,67,
    18,21,68,21,68,21,68,21,68,18,68,21,68,21,67,21,
    18,21,68,21,3,0,2,0,243,3,0,0,240,206,255,255,
    28,0,0,0,192,199,255,255,254,3,0,0,208,213,255,255,
    250,3,0,0,10,0,0,0,223,209,222,224,13,224,168,248,
    156,13,17,18,5,0,60,0,154,5,0,0,140,156,255,255,
    28,0,0,0,144,157,255,255,2,2,0,0,160,171,255,255,
    81,0,0,0,160,171,255,255,254,1,1,0,176,185,255,255,
    77,0,1,0,243,0,0,0,159,222,200,164,11,128,140,210,
    163,1,224,171,169,103,160,156,215,13,224,227,215,12,160,194,
    138,15,160,188,207,134,15,224,201,220,16,160,190,162,13,224,
    201,220,16,192,246,162,13,224,201,220,16,160,190,162,13,224,
    179,166,17,160,212,216,12,224,179,166,17,160,230,201,15,224,
    249,141,12,160,230,201,15,224,201,220,16,160,190,162,13,224,
    201,220,16,160,190,162,13,224,179,166,17,160,212,216,12,224,
    179,166,17,160,212,216,12,224,179,166,17,160,212,216,12,224,
    179,166,17,160,190,162,13,224,201,220,16,160,190,162,13,224,
    201,220,16,160,190,162,13,224,179,166,17,160,212,216,12,224,
    179,166,17,160,212,216,12,224,179,166,17,160,190,162,13,224,
    201,220,16,160,190,162,13,224,201,220,16,160,190,162,13,224,
    201,220,16,160,190,162,13,224,179,166,17,160,212,216,12,224,
    179,166,17,160,212,216,12,224,179,166,17,160,190,162,13,224,
    201,220,16,160,190,162,13,224,201,220,16,160,190,162,13,224,
    179,166,17,160,212,216,12,224,179,166,17,17,18,17,67,17,
    18,68,18,68,18,67,17,67,17,67,17,67,17,67,17,67,
    17,67,17,67,17,67,17,67,17,67,17,67,17,67,17,67,
    17,67,17,67,17,67,17,67,17,67,17,67,17,67,17,67,
    17,67,17,67,17,67,18,5,0,61,0,10,2,0,0,44,
    156,255,255,28,0,0,0,144,157,255,255,2,2,0,0,160,
    171,255,255,81,0,0,0,160,171,255,255,254,1,1,0,176,
    185,255,255,77,0,1,0,247,0,0,0,159,222,200,164,11,
    128,140,210,163,1,224,171,169,103,160,156,215,13,224,227,215,
    12,160,194,138,15,160,188,207,134,15,224,201,220,16,160,190,
    162,13,224,201,220,16,192,246,162,13,224,201,220,16,160,190,
    162,13,224,179,166,17,160,212,216,12,224,179,166,17,160,230,
    201,15,224,249,141,12,160,230,201,15,224,201,220,16,160,190,
    162,13,224,201,220,16,160,190,162,13,224,179,166,17,160,212,
    216,12,224,179,166,17,160,212,216,12,224,179,166,17,160,212,
    216,12,224,179,166,17,160,190,162,13,224,201,220,16,160,190,
    162,13,224,201,220,16,160,128,197,11,224,219,205,19,160,172,
    177,10,224,219,205,19,160,172,177,10,224,219,205,19,160,172,
    177,10,224,219,205,19,160,172,177,10,224,219,205,19,160,172,
    177,10,224,219,205,19,160,150,251,10,224,219,205,19,160,172,
    177,10,224,219,205,19,160,172,177,10,224,219,205,19,160,172,
    177,10,224,219,205,19,160,172,177,10,224,219,205,19,160,150,
    251,10,224,219,205,19,160,172,177,10,224,241,131,19,192,137,
    198,2,17,18,17,67,17,18,68,18,68,18,67,17,67,17,
    67,17,67,17,67,17,67,17,67,17,67,17,67,17,67,17,
    67,17,67,17,67,17,67,17,67,17,67,17,67,17,67,17,
    67,17,67,17,67,17,67,17,67,17,67,17,67,18,17,6,
    0,61,0,243,3,0,0,208,195,255,255,28,0,0,0,208,
    195,255,255,175,0,0,0,192,199,255,255,254,3,0,0,208,
    213,255,255,250,3,1,0,224,227,255,255,177,3,1,0,208,
    213,255,255,250,3,0,0,252,0,0,0,159,201,154,214,17,
    128,134,175,255,5,160,140,198,190,2,224,221,251,9,160,150,
    158,16,224,131,175,11,160,182,152,20,224,151,241,9,160,182,
    152,20,224,151,241,9,160,182,152,20,224,151,241,9,160,182,
    152,20,224,221,251,9,160,182,152,20,224,151,241,9,160,182,
    152,20,224,151,241,9,160,182,152,20,224,151,241,9,160,182,
    152,20,224,221,251,9,160,148,135,10,224,181,224,28,160,148,
    135,10,224,225,251,53,160,186,151,6,224,159,194,71,160,188,
    209,17,224,141,205,255,3,160,186,151,6,224,213,171,6,160,
    144,229,18,224,189,164,11,160,144,229,18,224,189,164,11,160,
    144,229,18,224,253,245,13,160,252,255,14,224,245,200,15,160,
    252,255,14,224,139,255,14,160,252,255,14,224,217,184,129,1,
    224,147,137,8,160,152,130,183,3,224,251,222,7,160,248,186,
    18,224,143,196,11,160,226,132,19,224,165,250,10,192,154,133,
    19,192,237,249,10,160,226,132,19,224,143,196,11,160,190,235,
    197,1,128,144,195,12,128,252,190,235,1,224,213,171,6,160,
    142,241,17,224,249,141,12,17,18,67,18,67,18,67,18,67,
    18,67,18,67,18,67,18,67,18,67,18,67,18,67,18,67,
    18,67,18,67,18,67,18,67,18,67,18,67,18,67,18,67,
    18,21,68,21,68,21,68,21,68,18,68,21,68,21,67,21,
    68,21,68,21,4,0,10,0,154,5,0,0,51,177,255,255,
    28,0,0,0,51,177,255,255,177,5,0,0,176,185,255,255,
    77,0,1,0,160,171,255,255,81,0,0,0,44,0,0,0,
    229,214,198,231,18,128,176,135,166,7,166,204,241,212,13,224,
    147,137,8,160,244,245,21,224,147,137,8,160,192,132,192,2,
    224,217,182,13,160,174,200,16,224,221,216,4,17,19,66,19,
    66,19,66,19,66,19,7,0,133,0,243,3,0,0,112,188,
    255,255,28,0,0,0,187,189,255,255,245,2,0,0,176,185,
    255,255,116,4,0,0,192,199,255,255,254,3,0,0,192,199,
    255,255,254,3,1,0,208,213,255,255,250,3,1,0,208,213,
    255,255,250,3,0,0,26,2,0,0,223,131,199,231,18,234,
    160,201,218,4,150,248,228,194,1,234,245,255,65,246,187,156,
    24,138,152,240,245,1,246,149,198,17,160,142,206,12,224,191,
    187,17,160,142,206,12,224,191,187,17,160,142,206,12,224,191,
    187,17,160,142,206,12,224,133,198,17,160,142,206,12,224,183,
    170,165,2,160,230,131,5,224,237,215,122,128,202,219,17,128,
    242,153,4,128,168,213,133,5,224,249,141,12,160,204,206,19,
    224,187,176,10,160,208,147,16,224,227,215,12,160,164,167,17,
    224,227,215,12,160,142,241,17,224,249,141,12,160,186,221,16,
    224,205,161,13,160,142,241,17,224,249,141,12,160,142,241,17,
    224,227,215,12,160,164,167,17,224,227,215,12,160,164,167,17,
    224,227,215,12,160,142,241,17,224,249,141,12,160,142,241,17,
    224,249,141,12,160,142,241,17,224,227,215,12,160,164,167,17,
    224,227,215,12,160,164,167,17,224,227,215,12,160,164,167,17,
    224,227,215,12,160,142,241,17,224,249,141,12,160,142,241,17,
    224,249,141,12,160,142,241,17,224,139,255,14,160,252,255,14,
    224,227,215,12,160,164,167,17,224,227,215,12,160,142,241,17,
    224,249,141,12,160,230,201,15,224,161,181,14,160,142,241,17,
    224,227,215,12,160,164,167,17,224,227,215,12,160,164,167,17,
    224,227,215,12,160,164,167,17,224,227,215,12,160,142,241,17,
    224,249,141,12,160,142,241,17,224,183,235,13,160,208,147,16,
    224,227,215,12,160,208,147,16,224,245,200,15,160,230,201,15,
    224,227,215,12,160,142,241,17,224,249,141,12,160,142,241,17,
    224,249,141,12,160,142,241,17,224,249,141,12,160,142,241,17,
    224,227,215,12,160,164,167,17,224,227,215,12,160,164,167,17,
    224,227,215,12,160,142,241,17,224,249,141,12,160,142,241,17,
    224,183,235,13,160,208,147,16,224,227,215,12,160,164,167,17,
    224,161,181,14,160,230,201,15,224,179,166,17,160,238,211,8,
    224,175,225,20,160,172,177,10,224,219,205,19,160,150,251,10,
    224,241,131,19,160,150,251,10,224,183,224,50,160,154,192,7,
    224,237,190,22,160,154,192,7,224,237,190,22,160,154,192,7,
    224,219,205,19,160,212,216,12,224,179,166,17,160,212,216,12,
    224,179,166,17,160,212,216,12,224,179,166,17,160,190,162,13,
    224,201,220,16,160,212,216,12,224,157,240,17,160,212,216,12,
    224,141,243,15,17,18,17,19,17,68,18,68,18,68,18,68,
    18,68,18,19,18,19,68,18,19,69,19,69,19,69,19,69,
    19,69,19,69,19,69,19,69,19,69,19,69,19,69,19,69,
    19,69,19,69,19,69,19,69,19,69,19,69,19,69,19,69,
    19,69,19,69,19,69,19,69,19,69,19,69,19,69,19,69,
    19,69,19,69,19,69,19,69,19,69,19,69,19,69,19,69,
    19,69,19,69,19,69,19,69,19,69,19,69,19,69,19,69,
    19,69,19,69,19,69,19,69,19,69,19,69,19,69,19,69,
    19,69,19,69,19,69,19,69,22,3,0,89,0,120,4,0,
    0,108,203,255,255,28,0,0,0,208,213,255,255,250,3,1,
    0,192,199,255,255,254,3,0,0,105,1,0,0,215,145,172,
    149,13,184,241,166,150,4,128,219,239,14,160,206,159,15,224,
    255,233,14,160,232,209,245,3,128,176,154,11,128,158,239,18,
    224,221,251,9,160,240,141,20,224,163,134,10,160,240,141,20,
    224,227,180,7,160,178,158,196,2,224,249,234,6,160,152,216,
    27,224,233,237,4,160,182,152,20,224,227,180,7,160,182,152,
    20,224,151,241,9,160,182,152,20,224,221,251,9,160,194,240,
    147,4,224,165,250,10,160,248,186,18,224,231,156,9,160,230,
    236,20,224,253,210,8,160,160,226,20,224,253,210,8,160,138,
    172,21,224,209,230,9,160,160,226,20,224,209,230,9,160,182,
    152,20,224,231,156,9,160,138,172,21,224,147,137,8,160,138,
    172,21,224,187,176,10,160,204,206,19,224,187,176,10,160,204,
    206,19,224,209,230,9,160,204,206,19,224,165,250,10,160,168,
    143,19,224,179,131,12,160,248,186,18,224,165,250,10,160,248,
    186,18,224,249,141,12,160,248,186,18,224,165,250,10,160,204,
    206,19,224,187,176,10,160,138,172,21,224,253,210,8,160,158,
    192,51,224,219,135,9,160,204,206,19,224,187,176,10,160,138,
    172,21,224,231,156,9,160,226,132,19,224,187,176,10,160,182,
    152,20,224,209,230,9,160,182,152,20,224,187,176,10,160,204,
    206,19,224,187,176,10,160,204,206,19,224,165,250,10,160,204,
    206,19,224,209,230,9,160,182,152,20,224,209,230,9,160,182,
    152,20,224,187,176,10,160,204,206,19,224,187,176,10,160,204,
    206,19,224,187,176,10,160,204,206,19,224,187,176,10,160,138,
    172,21,224,253,210,8,18,65,18,65,18,65,18,65,18,65,
    18,65,18,65,18,65,18,65,18,65,18,65,18,65,18,65,
    18,65,18,65,18,65,18,65,18,65,18,65,18,65,18,65,
    18,65,18,65,18,65,18,65,18,65,18,65,18,65,18,65,
    18,65,18,65,18,65,18,65,18,65,18,65,18,65,18,65,
    18,65,18,65,18,65,18,65,18,65,18,65,18,65,18,4,
    0,34,0,72,1,0,0,128,238,255,255,28,0,0,0,208,
    213,255,255,250,3,0,0,224,227,255,255,177,3,1,0,0,
    0,0,0,27,1,0,0,138,0,0,0,255,219,253,199,12,
    160,205,233,252,14,128,249,179,14,128,196,255,14,128,196,255,
    14,128,196,255,14,128,196,255,14,128,196,255,14,128,196,255,
    14,128,196,255,14,128,174,201,15,128,196,255,14,128,196,255,
    14,128,196,255,14,128,196,255,14,128,196,255,14,128,196,255,
    14,128,196,255,14,128,196,255,14,128,196,255,14,128,196,255,
    14,128,196,255,14,128,174,201,15,128,196,255,14,128,196,255,
    14,128,196,255,14,128,196,255,14,128,196,255,14,128,196,255,
    14,128,196,255,14,128,196,255,14,128,196,255,14,128,196,255,
    14,192,130,149,8,17,66,17,66,17,66,17,66,17,66,17,
    66,17,66,17,66,17,66,17,66,17,66,17,66,17,66,17,
    66,17,66,17,66,17,19,9,0,93,0,249,1,0,0,76,
    125,255,255,28,0,0,0,128,143,255,255,182,5,1,0,112,
    129,255,255,45,4,0,0,128,143,255,255,186,5,1,0,128,
    143,255,255,190,5,1,0,144,157,255,255,194,5,1,0,128,
    143,255,255,176,2,0,0,144,157,255,255,172,2,1,0,144,
    157,255,255,2,2,0,0,122,1,0,0,151,197,203,167,16,
    248,243,145,147,4,224,223,146,16,160,164,167,17,160,151,150,
    13,224,216,178,158,5,128,175,214,105,224,254,233,3,224,137,
    242,204,4,128,174,201,15,128,170,194,240,1,160,150,196,195,
    1,224,139,255,14,160,252,255,14,224,139,255,14,160,252,255,
    14,224,245,200,15,160,146,182,14,224,245,200,15,160,252,255,
    14,224,139,255,14,160,252,255,14,224,139,255,14,160,252,255,
    14,224,139,255,14,160,190,162,13,224,201,220,16,160,190,162,
    13,224,179,166,17,160,212,216,12,224,179,166,17,160,212,216,
    12,224,179,166,17,160,190,162,13,224,201,220,16,160,190,162,
    13,224,201,220,16,160,190,162,13,224,179,166,17,160,212,216,
    12,224,179,166,17,160,212,216,12,224,179,166,17,160,190,162,
    13,224,201,220,16,160,190,162,13,224,201,220,16,160,190,162,
    13,224,201,220,16,160,190,162,13,224,179,166,17,160,212,216,
    12,224,179,166,17,160,212,216,12,224,179,166,17,160,190,162,
    13,224,201,220,16,160,190,162,13,224,201,220,16,160,190,162,
    13,224,179,166,17,160,212,216,12,224,179,166,17,160,212,216,
    12,224,179,166,17,160,150,251,10,224,219,205,19,160,172,177,
    10,224,219,205,19,160,172,177,10,224,219,205,19,160,150,251,
    10,224,219,205,19,160,172,177,10,224,219,205,19,160,172,177,
    10,224,219,205,19,160,172,177,10,224,219,205,19,160,172,177,
    10,224,219,205,19,160,172,177,10,224,219,205,19,160,150,251,
    10,224,219,205,19,160,172,177,10,224,219,205,19,160,172,177,
    10,224,219,205,19,160,172,177,10,224,219,205,19,160,172,177,
    10,160,235,204,19,18,65,18,65,18,67,68,18,101,18,22,
    71,22,71,22,71,22,71,22,71,22,71,22,71,22,71,22,
    71,22,71,22,71,22,71,22,71,22,71,22,71,22,71,22,
    71,22,71,22,71,22,71,22,71,22,71,22,71,22,71,22,
    71,22,71,22,71,22,71,22,71,22,71,22,71,22,71,22,
    71,22,71,22,71,22,71,22,71,22,71,22,71,22,71,22,
    71,24,6,0,58,0,249,1,0,0,72,143,255,255,28,0,
    0,0,144,157,255,255,172,2,1,0,128,143,255,255,176,2,
    0,0,144,157,255,255,180,2,1,0,144,157,255,255,184,2,
    1,0,144,157,255,255,2,2,0,0,235,0,0,0,143,175,
    148,156,20,208,165,218,135,8,224,223,146,16,160,148,240,188,
    5,160,231,214,105,192,198,233,3,160,172,166,47,224,227,215,
    12,160,164,167,17,224,227,215,12,160,164,167,17,224,227,215,
    12,160,142,241,17,224,249,141,12,160,142,241,17,224,227,215,
    12,160,164,167,17,224,227,215,12,160,164,167,17,224,227,215,
    12,160,164,167,17,224,227,215,12,160,164,167,17,224,227,215,
    12,160,142,241,17,224,227,215,12,160,164,167,17,224,227,215,
    12,160,164,167,17,224,227,215,12,160,164,167,17,224,227,215,
    12,160,164,167,17,224,227,215,12,160,142,241,17,224,249,141,
    12,160,142,241,17,224,139,255,14,160,252,255,14,224,139,255,
    14,160,252,255,14,224,139,255,14,160,252,255,14,224,245,200,
    15,160,146,182,14,224,245,200,15,160,252,255,14,224,139,255,
    14,160,252,255,14,224,139,255,14,160,252,255,14,224,139,255,
    14,160,252,255,14,224,139,255,14,160,252,255,14,224,245,200,
    15,160,252,255,14,224,163,134,10,18,65,18,67,68,18,65,
    18,65,18,65,18,65,18,65,18,65,18,65,18,65,18,65,
    18,65,18,65,18,65,18,65,18,65,18,65,18,65,18,65,
    18,65,18,65,18,65,18,65,18,65,18,65,18,65,18,65,
    18,65,21,6,0,128,0,154,5,0,0,160,149,255,255,28,
    0,0,0,160,171,255,255,254,1,1,0,144,157,255,255,2,
    2,0,0,160,171,255,255,6,2,1,0,160,171,255,255,33,
    2,1,0,160,171,255,255,81,0,0,0,4,2,0,0,191,
    196,137,242,14,224,130,207,221,2,224,223,146,16,160,168,236,
    13,224,207,207,3,160,140,195,27,224,245,200,15,160,146,182,
    14,224,227,215,12,160,142,241,17,224,249,141,12,160,142,241,
    17,224,227,215,12,160,170,210,168,4,192,159,215,105,160,142,
    233,3,160,172,166,47,224,227,215,12,160,246,129,228,5,224,
    139,255,14,160,252,255,14,224,139,255,14,160,252,255,14,224,
    139,255,14,160,252,255,14,224,139,255,14,160,252,255,14,224,
    245,200,15,160,146,182,14,224,245,200,15,160,252,255,14,224,
    139,255,14,160,252,255,14,224,139,255,14,160,252,255,14,224,
    139,255,14,160,252,255,14,224,139,255,14,160,252,255,14,224,
    245,200,15,160,146,182,14,224,245,200,15,160,252,255,14,224,
    139,255,14,160,252,255,14,224,139,255,14,160,252,255,14,224,
    139,255,14,160,190,162,13,224,201,220,16,160,190,162,13,224,
    179,166,17,160,212,216,12,224,179,166,17,160,212,216,12,224,
    179,166,17,160,190,162,13,224,201,220,16,160,190,162,13,224,
    201,220,16,160,190,162,13,224,179,166,17,160,212,216,12,224,
    179,166,17,160,212,216,12,224,179,166,17,160,190,162,13,224,
    201,220,16,160,190,162,13,224,201,220,16,160,190,162,13,224,
    201,220,16,160,190,162,13,224,179,166,17,160,212,216,12,224,
    179,166,17,160,212,216,12,224,179,166,17,160,190,162,13,224,
    201,220,16,160,190,162,13,224,201,220,16,160,190,162,13,224,
    179,166,17,160,212,216,12,224,179,166,17,160,212,216,12,224,
    179,166,17,160,150,251,10,224,219,205,19,160,172,177,10,224,
    219,205,19,160,172,177,10,224,219,205,19,160,150,251,10,224,
    219,205,19,160,172,177,10,224,219,205,19,160,172,177,10,224,
    219,205,19,160,172,177,10,224,219,205,19,160,172,177,10,224,
    219,205,19,160,172,177,10,224,219,205,19,160,150,251,10,224,
    219,205,19,160,172,177,10,224,219,205,19,160,172,177,10,224,
    219,205,19,160,172,177,10,224,219,205,19,160,172,177,10,224,
    219,205,19,160,150,251,10,224,219,205,19,160,172,177,10,224,
    219,205,19,160,172,177,10,224,219,205,19,160,172,177,10,224,
    219,205,19,160,172,177,10,224,219,205,19,160,172,177,10,224,
    219,205,19,18,65,18,65,18,65,18,65,18,65,18,65,18,
    67,68,18,65,18,65,18,65,18,65,18,65,18,65,18,65,
    18,65,18,65,18,65,18,65,18,65,18,65,18,65,18,65,
    18,65,18,65,18,65,18,65,18,65,18,65,18,65,18,65,
    18,65,18,65,18,65,18,65,18,65,18,65,18,65,18,65,
    18,65,18,65,18,65,18,65,18,65,18,65,18,65,18,65,
    18,65,18,65,18,65,18,65,18,65,18,65,18,65,18,65,
    18,65,18,65,18,65,18,65,18,65,18,65,18,65,18,65,
    18,65,21,4,0,33,0,109,4,0,0,128,190,255,255,28,
    0,0,0,192,199,255,255,254,3,1,0,176,185,255,255,116,
    4,0,0,192,199,255,255,254,3,0,0,140,0,0,0,255,
    221,171,149,13,128,246,166,150,4,128,219,239,14,160,206,159,
    15,224,255,233,14,160,232,209,245,3,128,176,154,11,128,158,
    239,18,224,221,251,9,160,240,141,20,224,163,134,10,160,240,
    141,20,224,227,180,7,160,178,158,196,2,224,249,234,6,160,
    152,216,27,224,233,237,4,160,182,152,20,224,227,180,7,160,
    182,152,20,224,151,241,9,160,182,152,20,224,221,251,9,160,
    194,240,147,4,224,165,250,10,160,248,186,18,224,231,156,9,
    160,230,236,20,224,253,210,8,160,178,167,171,1,224,187,176,
    10,160,252,204,175,3,224,149,244,161,1,18,65,18,65,18,
    65,18,65,18,65,18,65,18,65,18,65,18,65,18,65,18,
    65,18,65,18,65,18,65,18,65,18,19,18,3,0,5,0,
    154,5,0,0,96,172,255,255,28,0,0,0,176,185,255,255,
    77,0,1,0,160,171,255,255,81,0,0,0,22,0,0,0,
    191,231,210,194,11,128,219,169,204,15,224,249,141,12,160,142,
    241,17,224,249,141,12,18,65,18,65,18,6,0,132,0,149,
    2,0,0,76,146,255,255,28,0,0,0,144,157,255,255,2,
    2,0,0,128,143,255,255,176,2,0,0,144,157,255,255,172,
    2,1,0,144,157,255,255,180,2,1,0,144,157,255,255,184,
    2,1,0,18,2,0,0,159,222,200,164,11,128,156,147,60,
    160,168,191,103,224,171,169,103,160,174,165,11,224,139,255,14,
    160,234,252,189,2,224,155,203,99,128,234,205,7,160,168,237,
    71,224,239,178,23,160,200,242,38,224,179,131,12,224,254,241,
    17,224,227,215,12,160,164,167,17,224,227,215,12,128,236,166,
    17,128,156,216,12,128,236,166,17,128,156,216,12,128,236,166,
    17,128,156,216,12,128,214,240,17,128,156,216,12,128,236,166,
    17,128,156,216,12,128,236,166,17,128,156,216,12,128,236,166,
    17,128,156,216,12,128,236,166,17,128,156,216,12,128,214,240,
    17,128,178,142,12,128,214,240,17,128,196,255,14,128,196,255,
    14,128,196,255,14,128,196,255,14,128,196,255,14,128,196,255,
    14,128,174,201,15,128,218,181,14,128,174,201,15,160,252,255,
    14,224,139,255,14,160,252,255,14,224,139,255,14,160,252,255,
    14,224,139,255,14,160,252,255,14,224,139,255,14,160,252,255,
    14,224,245,200,15,160,252,255,14,224,139,255,14,160,252,255,
    14,224,139,255,14,160,220,226,5,224,171,156,24,160,194,231,
    9,224,197,151,20,160,252,255,14,224,245,200,15,160,146,182,
    14,224,245,200,15,160,252,255,14,224,139,255,14,160,252,255,
    14,224,139,255,14,160,252,255,14,224,139,255,14,160,252,255,
    14,224,139,255,14,160,252,255,14,224,245,200,15,160,146,182,
    14,224,245,200,15,160,252,255,14,224,139,255,14,160,252,255,
    14,224,139,255,14,160,252,255,14,224,139,255,14,160,190,162,
    13,224,201,220,16,160,190,162,13,224,179,166,17,160,212,216,
    12,224,179,166,17,160,212,216,12,224,179,166,17,160,190,162,
    13,224,201,220,16,160,190,162,13,224,201,220,16,160,190,162,
    13,224,179,166,17,160,212,216,12,224,179,166,17,160,212,216,
    12,224,179,166,17,160,190,162,13,224,201,220,16,160,190,162,
    13,224,201,220,16,160,190,162,13,224,201,220,16,160,190,162,
    13,224,179,166,17,160,212,216,12,224,179,166,17,160,212,216,
    12,224,179,166,17,160,190,162,13,224,201,220,16,160,190,162,
    13,224,201,220,16,160,190,162,13,224,179,166,17,160,212,216,
    12,224,179,166,17,160,212,216,12,224,179,166,17,160,212,216,
    12,224,179,166,17,160,190,162,13,224,201,220,16,160,190,162,
    13,224,201,220,16,224,223,204,5,17,18,17,18,67,18,68,
    69,18,67,18,67,18,67,18,67,18,67,18,67,18,67,18,
    67,18,67,18,67,18,67,18,67,18,67,18,67,18,67,18,
    67,18,67,18,67,18,67,18,67,18,67,18,67,18,67,18,
    67,18,67,18,67,18,67,18,67,18,67,18,67,18,67,18,
    67,18,67,18,67,18,67,18,67,18,67,18,67,18,67,18,
    67,18,67,18,67,18,67,18,67,18,67,18,67,18,67,18,
    67,18,67,18,67,18,67,18,67,18,67,18,67,18,67,18,
    67,18,67,18,67,18,67,18,67,18,67,18,18,6,0,143,
    0,249,1,0,0,249,140,255,255,28,0,0,0,144,157,255,
    255,172,2,1,0,128,143,255,255,176,2,0,0,144,157,255,
    255,180,2,1,0,144,157,255,255,184,2,1,0,144,157,255,
    255,2,2,0,0,63,2,0,0,241,165,148,156,20,178,156,
    218,135,8,224,223,146,16,160,148,240,188,5,160,231,214,105,
    192,198,233,3,160,172,166,47,224,227,215,12,160,164,167,17,
    224,227,215,12,160,164,167,17,224,227,215,12,160,142,241,17,
    224,249,141,12,160,142,241,17,224,227,215,12,160,164,167,17,
    224,227,215,12,160,164,167,17,224,227,215,12,160,164,167,17,
    224,227,215,12,160,164,167,17,224,227,215,12,160,142,241,17,
    224,227,215,12,160,164,167,17,224,227,215,12,160,164,167,17,
    224,227,215,12,160,164,167,17,224,227,215,12,160,164,167,17,
    224,227,215,12,160,142,241,17,224,249,141,12,160,142,241,17,
    224,139,255,14,160,252,255,14,224,139,255,14,160,252,255,14,
    224,139,255,14,160,252,255,14,224,245,200,15,160,146,182,14,
    224,245,200,15,160,252,255,14,224,139,255,14,160,252,255,14,
    224,139,255,14,160,252,255,14,224,139,255,14,160,252,255,14,
    224,139,255,14,160,252,255,14,224,245,200,15,160,252,255,14,
    224,139,255,14,160,252,255,14,224,139,255,14,160,252,255,14,
    224,139,255,14,160,252,255,14,224,139,255,14,160,252,255,14,
    224,245,200,15,160,146,182,14,224,245,200,15,160,252,255,14,
    224,139,255,14,160,252,255,14,224,139,255,14,160,252,255,14,
    224,139,255,14,160,252,255,14,224,139,255,14,160,252,255,14,
    224,245,200,15,160,146,182,14,224,245,200,15,160,252,255,14,
    224,139,255,14,160,252,255,14,224,139,255,14,160,252,255,14,
    224,139,255,14,160,190,162,13,224,201,220,16,160,190,162,13,
    224,179,166,17,160,212,216,12,224,179,166,17,160,212,216,12,
    224,179,166,17,160,190,162,13,224,201,220,16,160,190,162,13,
    224,201,220,16,160,190,162,13,224,179,166,17,160,212,216,12,
    224,179,166,17,160,212,216,12,224,179,166,17,160,190,162,13,
    224,201,220,16,160,190,162,13,224,201,220,16,160,190,162,13,
    224,201,220,16,160,190,162,13,224,179,166,17,160,212,216,12,
    224,179,166,17,160,212,216,12,224,179,166,17,160,190,162,13,
    224,201,220,16,160,190,162,13,224,201,220,16,160,190,162,13,
    224,179,166,17,160,212,216,12,224,179,166,17,160,212,216,12,
    224,179,166,17,160,150,251,10,224,219,205,19,160,172,177,10,
    224,219,205,19,160,172,177,10,224,219,205,19,160,150,251,10,
    224,219,205,19,160,172,177,10,224,219,205,19,160,172,177,10,
    224,219,205,19,160,172,177,10,224,219,205,19,160,172,177,10,
    224,219,205,19,160,172,177,10,18,65,18,67,68,18,65,18,
    65,18,65,18,65,18,65,18,65,18,65,18,65,18,65,18,
    65,18,65,18,65,18,65,18,65,18,65,18,65,18,65,18,
    65,18,65,18,65,18,65,18,65,18,65,18,65,18,65,18,
    65,18,65,18,65,18,65,18,65,18,65,18,65,18,65,18,
    65,18,65,18,65,18,65,18,65,18,65,18,65,18,65,18,
    65,18,65,18,65,18,65,18,65,18,65,18,65,18,65,18,
    65,18,65,18,65,18,65,18,65,18,65,18,65,18,65,18,
    65,18,65,18,65,18,65,18,65,18,65,18,65,18,65,18,
    65,18,65,18,65,18,21,3,0,39,0,243,3,0,0,232,
    219,255,255,28,0,0,0,224,227,255,255,177,3,1,0,208,
    213,255,255,250,3,0,0,162,0,0,0,207,211,172,149,13,
    144,251,166,150,4,128,219,239,14,160,206,159,15,224,255,233,
    14,160,232,209,245,3,128,176,154,11,128,158,239,18,224,221,
    251,9,160,240,141,20,224,163,134,10,160,240,141,20,224,227,
    180,7,160,178,158,196,2,224,249,234,6,160,152,216,27,224,
    233,237,4,160,182,152,20,224,227,180,7,160,182,152,20,224,
    151,241,9,160,182,152,20,224,221,251,9,160,194,240,147,4,
    224,165,250,10,160,248,186,18,224,231,156,9,160,230,236,20,
    224,253,210,8,160,160,226,20,224,253,210,8,160,138,172,21,
    224,209,230,9,160,254,143,162,2,224,249,141,12,160,248,186,
    18,224,155,147,1,160,214,181,29,224,187,176,10,18,65,18,
    65,18,65,18,65,18,65,18,65,18,65,18,65,18,65,18,
    65,18,65,18,65,18,65,18,65,18,65,18,65,18,65,18,
    65,18,65,18,5,0,79,0,185,3,0,0,204,199,255,255,
    28,0,0,0,208,213,255,255,208,3,1,0,192,199,255,255,
    212,3,0,0,208,213,255,255,27,4,1,0,208,213,255,255,
    31,4,1,0,65,1,0,0,151,223,242,240,15,216,244,182,
    220,3,224,223,146,16,160,148,240,188,5,160,200,216,105,192,
    229,231,3,160,198,234,227,1,224,227,215,12,160,220,189,175,
    4,224,139,255,14,160,252,255,14,224,139,255,14,160,252,255,
    14,224,139,255,14,160,252,255,14,224,139,255,14,160,252,255,
    14,224,245,200,15,160,146,182,14,224,245,200,15,160,252,255,
    14,224,139,255,14,160,252,255,14,224,139,255,14,160,252,255,
    14,224,139,255,14,160,252,255,14,224,139,255,14,160,252,255,
    14,224,245,200,15,160,146,182,14,224,245,200,15,160,252,255,
    14,224,139,255,14,160,252,255,14,224,139,255,14,160,252,255,
    14,224,139,255,14,160,190,162,13,224,201,220,16,160,190,162,
    13,224,179,166,17,160,212,216,12,224,179,166,17,160,212,216,
    12,224,179,166,17,160,190,162,13,224,201,220,16,160,190,162,
    13,224,201,220,16,160,190,162,13,224,179,166,17,160,212,216,
    12,224,179,166,17,160,212,216,12,224,179,166,17,160,190,162,
    13,224,201,220,16,160,190,162,13,224,201,220,16,160,190,162,
    13,224,201,220,16,160,190,162,13,224,179,166,17,160,212,216,
    12,224,179,166,17,160,212,216,12,224,179,166,17,160,190,162,
    13,224,201,220,16,160,190,162,13,224,201,220,16,160,190,162,
    13,224,179,166,17,160,212,216,12,224,179,166,17,160,212,216,
    12,224,179,166,17,160,150,251,10,18,65,18,67,68,18,65,
    18,65,18,65,18,65,18,65,18,65,18,65,18,65,18,65,
    18,65,18,65,18,65,18,65,18,65,18,65,18,65,18,65,
    18,65,18,65,18,65,18,65,18,65,18,65,18,65,18,65,
    18,65,18,65,18,65,18,65,18,65,18,65,18,65,18,65,
    18,65,18,65,18,65,18,65,4,0,89,0,199,5,0,0,
    128,207,255,255,28,0,0,0,208,213,255,255,250,3,0,0,
    224,227,255,255,177,3,1,0,224,227,255,255,177,3,0,0,
    102,1,0,0,255,223,252,199,12,160,209,232,252,14,128,249,
    179,14,128,196,255,14,128,196,255,14,128,196,255,14,128,196,
    255,14,128,196,255,14,128,196,255,14,128,196,255,14,128,174,
    201,15,128,196,255,14,128,196,255,14,128,196,255,14,128,196,
    255,14,128,196,255,14,128,196,255,14,128,196,255,14,128,196,
    255,14,128,196,255,14,128,196,255,14,128,196,255,14,128,174,
    201,15,128,196,255,14,128,196,255,14,128,196,255,14,128,196,
    255,14,128,196,255,14,128,196,255,14,128,196,255,14,128,196,
    255,14,128,196,255,14,128,196,255,14,128,174,201,15,128,236,
    166,17,128,156,216,12,128,236,166,17,128,156,216,12,128,236,
    166,17,128,156,216,12,128,214,240,17,128,178,142,12,128,214,
    240,17,128,178,142,12,128,214,240,17,128,156,216,12,128,236,
    166,17,128,156,216,12,128,236,166,17,128,156,216,12,128,214,
    240,17,128,178,142,12,128,214,240,17,128,178,142,12,128,214,
    240,17,128,178,142,12,128,214,240,17,128,156,216,12,128,236,
    166,17,128,156,216,12,128,236,166,17,128,156,216,12,128,214,
    240,17,128,178,142,12,128,214,240,17,128,178,142,12,128,214,
    240,17,128,156,216,12,128,236,166,17,128,156,216,12,128,236,
    166,17,128,156,216,12,128,236,166,17,128,156,216,12,128,214,
    240,17,128,178,142,12,128,214,240,17,128,178,142,12,128,214,
    240,17,128,156,216,12,128,236,166,17,128,156,216,12,128,236,
    166,17,128,156,216,12,128,214,240,17,128,178,142,12,128,214,
    240,17,128,178,142,12,128,214,240,17,17,66,17,66,17,66,
    17,66,17,66,17,66,17,66,17,66,17,66,17,66,17,66,
    17,66,17,66,17,66,17,66,17,66,17,66,17,66,17,66,
    17,66,17,66,17,66,17,66,17,66,17,66,17,66,17,66,
    17,66,17,66,17,66,17,66,17,66,17,66,17,66,17,66,
    17,66,17,66,17,66,17,66,17,66,17,66,17,66,17,66,
    17,19,19,10,0,152,0,185,3,0,0,92,199,255,255,28,
    0,0,0,148,206,255,255,83,4,0,0,164,220,255,255,231,
    5,1,0,200,206,255,255,83,4,0,0,216,220,255,255,231,
    5,1,0,216,220,255,255,91,4,1,0,216,220,255,255,87,
    4,1,0,208,213,255,255,208,3,1,0,192,199,255,255,212,
    3,0,0,224,227,255,255,235,5,1,0,99,2,0,0,183,
    143,150,156,20,208,137,218,135,8,224,223,146,16,224,219,155,
    238,3,152,143,207,33,224,249,141,12,160,142,241,17,224,249,
    141,12,160,142,241,17,224,249,141,12,160,248,186,18,224,143,
    196,11,160,248,186,18,224,249,141,12,160,142,241,17,224,249,
    141,12,160,142,241,17,240,242,153,98,176,201,231,3,160,248,
    186,18,224,249,141,12,160,142,241,17,224,249,141,12,160,142,
    241,17,224,249,141,12,160,142,241,17,224,249,141,12,160,248,
    186,18,224,249,141,12,160,186,221,16,224,227,215,12,160,164,
    167,17,224,227,215,12,160,164,167,17,224,227,215,12,160,164,
    167,17,224,227,215,12,160,164,167,17,224,227,215,12,160,142,
    241,17,224,227,215,12,160,164,167,17,224,227,215,12,160,164,
    167,17,224,227,215,12,160,164,167,17,224,227,215,12,160,164,
    167,17,224,245,200,15,160,252,255,14,224,139,255,14,160,252,
    255,14,224,139,255,14,160,252,255,14,224,139,255,14,160,252,
    255,14,224,139,255,14,160,252,255,14,224,245,200,15,160,162,
    144,11,144,140,166,3,224,245,200,15,160,252,255,14,224,139,
    255,14,160,252,255,14,224,139,255,14,160,252,255,14,224,139,
    255,14,160,252,255,14,224,139,255,14,160,252,255,14,224,245,
    200,15,160,252,255,14,224,139,255,14,160,252,255,14,224,139,
    255,14,160,252,255,14,224,139,255,14,160,252,255,14,224,139,
    255,14,160,252,255,14,224,245,200,15,160,146,182,14,224,245,
    200,15,160,252,255,14,224,139,255,14,160,252,255,14,224,139,
    255,14,160,252,255,14,224,139,255,14,160,252,255,14,224,139,
    255,14,160,252,255,14,224,245,200,15,160,146,182,14,224,245,
    200,15,160,252,255,14,224,139,255,14,160,252,255,14,224,139,
    255,14,160,252,255,14,224,139,255,14,216,206,161,13,224,201,
    220,16,160,190,162,13,192,251,165,17,192,140,217,12,224,179,
    166,17,160,212,216,12,224,179,166,17,160,190,162,13,224,201,
    220,16,160,190,162,13,224,201,220,16,160,190,162,13,224,179,
    166,17,160,212,216,12,224,179,166,17,160,212,216,12,224,179,
    166,17,160,190,162,13,224,201,220,16,160,190,162,13,224,201,
    220,16,160,190,162,13,224,201,220,16,160,190,162,13,224,179,
    166,17,160,212,216,12,224,179,166,17,160,212,216,12,224,179,
    166,17,160,190,162,13,224,201,220,16,160,190,162,13,224,201,
    220,16,160,190,162,13,224,179,166,17,160,212,216,12,224,179,
    166,17,160,212,216,12,224,179,166,17,160,150,251,10,224,219,
    205,19,160,172,177,10,224,219,205,19,160,172,177,10,224,219,
    205,19,160,150,251,10,224,219,205,19,160,172,177,10,232,252,
    152,19,17,66,17,19,68,19,68,19,68,19,68,19,68,19,
    68,19,70,69,19,68,19,68,19,68,19,68,19,68,19,68,
    19,68,19,68,19,68,19,68,19,68,19,68,19,68,19,68,
    19,68,19,68,19,68,19,68,19,68,19,68,19,24,71,24,
    71,24,71,24,71,24,71,24,71,24,71,24,71,24,71,24,
    71,24,71,24,71,24,71,24,71,24,71,24,71,24,71,24,
    71,24,71,24,71,24,71,24,71,24,105,24,71,24,71,24,
    71,24,71,24,71,24,71,24,71,24,71,24,71,24,71,24,
    71,24,71,24,71,24,71,24,71,24,71,24,71,24,71,24,
    71,24,71,24,71,24,71,24,71,71,5,0,76,0,179,0,
    0,0,80,189,255,255,28,0,0,0,2,184,255,255,200,1,
    0,0,176,185,255,255,85,0,0,0,192,199,255,255,202,0,
    1,0,192,199,255,255,212,3,0,0,51,1,0,0,159,135,
    199,231,18,156,219,196,152,5,228,195,205,231,15,224,139,255,
    14,160,252,255,14,224,139,255,14,160,252,255,14,224,139,255,
    14,160,252,255,14,224,245,200,15,160,146,182,14,224,245,200,
    15,160,252,255,14,224,139,255,14,160,252,255,14,224,139,255,
    14,160,252,255,14,224,139,255,14,160,190,162,13,224,201,220,
    16,160,190,162,13,224,179,166,17,160,212,216,12,224,179,166,
    17,160,212,216,12,224,179,166,17,160,190,162,13,224,201,220,
    16,160,190,162,13,224,201,220,16,160,190,162,13,224,179,166,
    17,160,212,216,12,224,179,166,17,160,212,216,12,224,179,166,
    17,160,190,162,13,224,201,220,16,160,190,162,13,224,201,220,
    16,160,190,162,13,224,201,220,16,160,190,162,13,224,179,166,
    17,160,212,216,12,224,179,166,17,160,212,216,12,224,179,166,
    17,160,190,162,13,224,201,220,16,160,190,162,13,224,201,220,
    16,160,190,162,13,224,179,166,17,160,212,216,12,224,179,166,
    17,160,212,216,12,224,179,166,17,160,150,251,10,224,219,205,
    19,160,172,177,10,224,219,205,19,160,172,177,10,224,219,205,
    19,160,150,251,10,224,219,205,19,160,172,177,10,224,219,205,
    19,160,172,177,10,224,219,205,19,160,172,177,10,224,219,205,
    19,160,172,177,10,224,219,205,19,160,172,177,10,128,130,199,
    90,17,18,67,18,67,18,67,18,67,18,67,18,67,18,67,
    18,67,18,67,18,67,18,67,18,67,18,67,18,67,18,67,
    18,67,18,67,18,67,18,67,18,67,18,67,18,67,18,67,
    18,67,18,67,18,67,18,67,18,67,18,67,18,67,18,67,
    18,67,18,67,18,67,18,67,18,67,18,20,67,3,0,9,
    0,154,5,0,0,36,171,255,255,28,0,0,0,176,185,255,
    255,77,0,1,0,160,171,255,255,81,0,0,0,41,0,0,
    0,199,212,144,134,12,136,134,190,251,12,224,169,191,7,160,
    134,247,149,2,224,175,155,10,160,170,216,225,1,224,183,235,
    13,160,214,223,184,3,224,227,215,12,18,65,18,65,18,65,
    18,65,18,4,0,4,0,109,4,0,0,40,181,255,255,28,
    0,0,0,104,182,255,255,240,5,0,0,192,199,255,255,254,
    3,1,0,176,185,255,255,116,4,0,0,19,0,0,0,207,
    230,198,231,18,128,239,232,209,9,240,234,149,199,14,224,165,
    215,5,17,19,66,19,4,0,4,0,120,4,0,0,121,201,
    255,255,28,0,0,0,192,199,255,255,254,3,0,0,68,203,
    255,255,244,5,0,0,208,213,255,255,250,3,0,0,19,0,
    0,0,241,193,151,222,13,242,174,227,107,248,169,172,154,14,
    136,236,177,245,3,17,18,19,17,5,0,167,0,185,3,0,
    0,96,196,255,255,28,0,0,0,208,213,255,255,208,3,1,
    0,192,199,255,255,212,3,0,0,208,213,255,255,27,4,1,
    0,208,213,255,255,31,4,1,0,158,2,0,0,191,209,242,
    240,15,192,204,153,159,3,224,209,137,15,224,200,147,46,224,
    223,146,16,224,231,145,46,224,231,156,9,160,148,205,20,224,
    163,134,10,160,134,196,19,224,199,197,10,160,170,131,20,224,
    221,251,9,160,170,131,20,224,235,132,11,160,156,250,18,224,
    191,152,12,160,156,250,18,224,151,241,9,160,156,250,18,224,
    191,152,12,160,156,250,18,224,209,230,9,160,182,152,20,224,
    243,177,9,160,148,205,20,224,129,187,10,160,134,196,19,224,
    213,206,11,160,200,230,17,224,191,152,12,160,200,230,17,224,
    169,226,12,160,156,250,18,224,209,230,9,160,138,172,21,224,
    151,241,9,160,182,152,20,224,253,210,8,160,156,250,18,224,
    191,152,12,160,200,230,17,224,191,152,12,160,240,141,20,224,
    151,241,9,160,178,176,18,224,191,152,12,160,200,230,17,224,
    191,152,12,224,134,252,10,160,200,216,105,192,229,231,3,160,
    164,167,17,224,227,215,12,160,164,167,17,224,227,215,12,160,
    164,167,17,224,227,215,12,160,164,167,17,224,227,215,12,160,
    150,240,47,224,227,215,12,160,164,167,17,224,227,215,12,160,
    164,167,17,224,227,215,12,160,164,167,17,224,227,215,12,160,
    150,240,47,224,227,215,12,160,164,167,17,224,227,215,12,160,
    164,167,17,224,227,215,12,160,164,167,17,224,227,215,12,160,
    158,239,77,224,139,255,14,160,252,255,14,224,139,255,14,160,
    252,255,14,224,139,255,14,160,252,255,14,224,245,200,15,160,
    146,182,14,224,245,200,15,160,252,255,14,224,139,255,14,160,
    252,255,14,224,139,255,14,160,252,255,14,224,139,255,14,160,
    252,255,14,224,139,255,14,160,252,255,14,224,245,200,15,160,
    252,255,14,224,139,255,14,160,252,255,14,224,139,255,14,160,
    252,255,14,224,139,255,14,160,252,255,14,224,139,255,14,160,
    252,255,14,224,245,200,15,160,146,182,14,224,245,200,15,160,
    252,255,14,224,139,255,14,160,252,255,14,224,139,255,14,160,
    252,255,14,224,139,255,14,160,252,255,14,224,139,255,14,160,
    252,255,14,224,245,200,15,160,146,182,14,224,245,200,15,160,
    252,255,14,224,139,255,14,160,252,255,14,224,139,255,14,160,
    252,255,14,224,139,255,14,160,190,162,13,224,201,220,16,160,
    190,162,13,224,179,166,17,160,212,216,12,224,179,166,17,160,
    212,216,12,224,179,166,17,160,190,162,13,224,201,220,16,160,
    190,162,13,224,201,220,16,160,190,162,13,224,179,166,17,160,
    212,216,12,224,179,166,17,160,212,216,12,224,179,166,17,160,
    190,162,13,224,201,220,16,160,190,162,13,224,201,220,16,160,
    190,162,13,224,201,220,16,160,190,162,13,224,179,166,17,160,
    212,216,12,224,179,166,17,160,212,216,12,224,179,166,17,160,
    190,162,13,224,201,220,16,160,190,162,13,224,201,220,16,160,
    190,162,13,224,179,166,17,160,212,216,12,224,179,166,17,160,
    212,216,12,224,179,166,17,160,150,251,10,18,65,18,65,18,
    65,18,65,18,65,18,65,18,65,18,65,18,65,18,65,18,
    65,18,65,18,65,18,65,18,65,18,65,18,65,18,65,18,
    65,18,65,18,65,18,65,18,65,18,65,18,67,68,18,65,
    18,65,18,65,18,65,18,65,18,65,18,65,18,65,18,65,
    18,65,18,65,18,65,18,65,18,65,18,65,18,65,18,65,
    18,65,18,65,18,65,18,65,18,65,18,65,18,65,18,65,
    18,65,18,65,18,65,18,65,18,65,18,65,18,65,18,65,
    18,65,18,65,18,65,18,65,18,65,18,65,18,65,18,65,
    18,65,18,65,18,65,18,65,18,65,18,65,18,65,18,65,
    18,65,18,65,18,65,18,65,18,65,18,65,18,65,18,65,
    18,65,4,0,13,0,249,1,0,0,248,151,255,255,28,0,
    0,0,144,157,255,255,2,2,0,0,160,171,255,255,81,0,
    0,0,160,171,255,255,254,1,1,0,56,0,0,0,159,222,
    200,164,11,128,140,210,163,1,224,171,169,103,160,156,215,13,
    224,227,215,12,160,194,138,15,224,169,231,174,2,224,202,232,
    215,12,224,201,220,16,160,190,162,13,224,201,220,16,160,190,
    162,13,224,201,220,16,17,18,17,67,17,18,17,67,17,67,
    17,67,17,5,0,72,0,10,2,0,0,0,0,0,0,38,
    1,0,0,144,157,255,255,172,2,1,0,128,143,255,255,176,
    2,0,0,144,157,255,255,2,2,0,0,160,171,255,255,254,
    1,1,0,34,1,0,0,255,197,205,255,3,192,228,214,197,
    4,224,139,255,14,160,252,255,14,224,139,255,14,160,252,255,
    14,224,139,255,14,160,252,255,14,224,139,255,14,160,252,255,
    14,224,245,200,15,160,146,182,14,224,245,200,15,160,252,255,
    14,224,139,255,14,160,252,255,14,192,211,254,14,160,252,255,
    14,224,139,255,14,160,252,255,14,224,139,255,14,160,252,255,
    14,224,245,200,15,160,146,182,14,224,245,200,15,160,252,255,
    14,224,139,255,14,160,252,255,14,224,139,255,14,160,252,255,
    14,224,139,255,14,160,190,162,13,224,201,220,16,160,190,162,
    13,224,179,166,17,160,212,216,12,224,179,166,17,160,212,216,
    12,224,179,166,17,160,190,162,13,224,201,220,16,160,190,162,
    13,224,201,220,16,160,190,162,13,224,179,166,17,160,212,216,
    12,224,179,166,17,160,212,216,12,224,179,166,17,160,190,162,
    13,224,201,220,16,160,190,162,13,224,201,220,16,160,190,162,
    13,224,201,220,16,160,190,162,13,224,179,166,17,160,212,216,
    12,224,179,166,17,160,212,216,12,224,179,166,17,160,190,162,
    13,224,201,220,16,160,190,162,13,224,201,220,16,160,190,162,
    13,224,179,166,17,160,212,216,12,224,179,166,17,160,212,216,
    12,224,179,166,17,160,150,251,10,18,65,18,65,18,65,18,
    65,18,65,18,65,18,65,18,68,19,68,19,68,19,68,19,
    68,19,68,19,68,19,68,19,68,19,68,19,68,19,68,19,
    68,19,68,19,68,19,68,19,68,19,68,19,68,19,68,19,
    68,19,68,19,68,19,68,19,68,19,68,19,68,19,68,19,
    68,7,0,74,0,179,0,0,0,0,0,0,0,38,1,0,
    0,192,199,255,255,210,0,1,0,176,185,255,255,85,0,0,
    0,192,199,255,255,202,0,1,0,192,199,255,255,206,0,1,
    0,160,171,255,255,81,0,0,0,176,185,255,255,77,0,1,
    0,42,1,0,0,255,249,154,185,6,224,203,186,91,224,157,
    232,3,160,134,128,160,6,224,139,255,14,160,252,255,14,224,
    139,255,14,160,252,255,14,224,139,255,14,160,252,255,14,224,
    139,255,14,160,252,255,14,224,245,200,15,160,146,182,14,224,
    245,200,15,160,252,255,14,224,139,255,14,160,252,255,14,224,
    139,255,14,160,252,255,14,224,139,255,14,160,252,255,14,224,
    139,255,14,160,252,255,14,224,245,200,15,160,146,182,14,224,
    245,200,15,160,252,255,14,224,139,255,14,160,252,255,14,224,
    139,255,14,160,252,255,14,224,139,255,14,160,190,162,13,224,
    201,220,16,160,190,162,13,224,179,166,17,160,212,216,12,224,
    179,166,17,160,212,216,12,224,179,166,17,160,190,162,13,224,
    201,220,16,160,190,162,13,224,201,220,16,160,190,162,13,224,
    179,166,17,160,212,216,12,224,179,166,17,160,212,216,12,224,
    179,166,17,160,190,162,13,224,201,220,16,160,190,162,13,224,
    201,220,16,160,190,162,13,224,201,220,16,160,190,162,13,224,
    179,166,17,192,140,217,12,224,179,166,17,128,156,216,12,224,
    179,166,17,160,190,162,13,224,201,220,16,160,190,162,13,224,
    201,220,16,160,190,162,13,224,179,166,17,160,212,216,12,224,
    179,166,17,160,212,216,12,224,179,166,17,160,150,251,10,68,
    65,18,67,18,67,18,67,18,67,18,67,18,67,18,67,18,
    67,18,67,18,67,18,67,18,67,18,67,18,67,18,67,18,
    67,18,67,18,67,18,67,18,67,18,67,18,67,18,67,18,
    67,18,67,18,67,18,67,18,67,21,70,18,67,18,67,18,
    67,18,67,18,67,18,67,18,67,6,0,59,0,243,3,0,
    0,200,194,255,255,28,0,0,0,208,195,255,255,175,0,0,
    0,192,199,255,255,254,3,0,0,208,213,255,255,250,3,1,
    0,224,227,255,255,177,3,1,0,208,213,255,255,250,3,0,
    0,244,0,0,0,143,197,154,214,17,240,129,175,255,5,160,
    140,198,190,2,224,221,251,9,160,150,158,16,224,131,175,11,
    160,182,152,20,224,151,241,9,160,182,152,20,224,151,241,9,
    160,182,152,20,224,151,241,9,160,182,152,20,224,221,251,9,
    160,182,152,20,224,151,241,9,160,182,152,20,224,151,241,9,
    160,182,152,20,224,151,241,9,160,182,152,20,224,221,251,9,
    160,148,135,10,224,181,224,28,160,148,135,10,224,225,251,53,
    160,186,151,6,224,159,194,71,160,188,209,17,224,141,205,255,
    3,160,186,151,6,224,213,171,6,160,144,229,18,224,189,164,
    11,160,144,229,18,224,189,164,11,160,144,229,18,224,253,245,
    13,160,252,255,14,224,245,200,15,160,252,255,14,224,139,255,
    14,160,252,255,14,224,217,184,129,1,224,147,137,8,160,152,
    130,183,3,224,251,222,7,160,248,186,18,224,143,196,11,192,
    132,207,19,224,143,196,11,160,186,221,16,192,193,141,12,160,
    226,132,19,224,143,196,11,160,190,235,197,1,128,144,195,12,
    128,252,190,235,1,224,213,171,6,17,18,67,18,67,18,67,
    18,67,18,67,18,67,18,67,18,67,18,67,18,67,18,67,
    18,67,18,67,18,67,18,67,18,67,18,67,18,67,18,67,
    18,67,18,21,68,21,68,21,68,18,67,18,68,21,68,21,
    67,21,68,21,10,0,83,0,2,4,0,0,123,211,0,0,
    28,0,0,0,251,129,255,255,28,0,0,0,128,143,255,255,
    176,2,0,0,144,157,255,255,180,2,1,0,144,157,255,255,
    184,2,1,0,144,157,255,255,172,2,1,0,128,143,255,255,
    182,5,1,0,112,129,255,255,45,4,0,0,128,143,255,255,
    49,4,1,0,112,129,255,255,54,4,0,0,80,1,0,0,
    221,136,232,131,24,232,211,161,220,7,182,159,143,224,9,160,
    231,214,105,192,198,233,3,160,132,185,197,5,224,139,255,14,
    160,252,255,14,224,139,255,14,160,252,255,14,224,245,200,15,
    160,252,255,14,224,139,255,14,160,252,255,14,224,139,255,14,
    160,220,226,5,224,171,156,24,160,194,231,9,224,197,151,20,
    160,252,255,14,224,245,200,15,160,146,182,14,224,245,200,15,
    160,252,255,14,224,139,255,14,160,252,255,14,224,139,255,14,
    160,252,255,14,128,196,255,14,128,196,255,14,224,139,255,14,
    160,252,255,14,224,245,200,15,160,146,182,14,224,245,200,15,
    128,250,198,2,192,186,185,12,224,139,255,14,160,252,255,14,
    224,139,255,14,160,252,255,14,224,139,255,14,160,190,162,13,
    224,201,220,16,160,190,162,13,224,179,166,17,160,212,216,12,
    224,179,166,17,160,212,216,12,224,179,166,17,160,190,162,13,
    224,201,220,16,160,190,162,13,224,201,220,16,160,190,162,13,
    224,179,166,17,160,212,216,12,224,179,166,17,160,212,216,12,
    224,179,166,17,160,190,162,13,224,201,220,16,160,190,162,13,
    224,201,220,16,160,190,162,13,224,201,220,16,160,190,162,13,
    224,179,166,17,160,212,216,12,224,179,166,17,160,212,216,12,
    224,179,166,17,160,190,162,13,224,201,220,16,160,190,162,13,
    224,201,220,16,160,190,162,13,224,179,166,17,160,212,216,12,
    224,179,166,17,160,212,216,12,224,179,166,17,160,150,251,10,
    17,18,67,68,18,69,18,69,18,69,18,69,18,69,18,69,
    18,69,18,69,18,69,18,69,18,69,18,70,18,69,18,69,
    18,69,23,25,72,25,72,25,72,25,72,25,72,25,72,25,
    72,25,72,25,72,25,72,25,72,25,72,25,72,25,72,25,
    72,25,72,25,72,25,72,25,72,25,72,25,72,25,72,25,
    72,25,72,4,0,3,0,120,4,0,0,28,192,255,255,28,
    0,0,0,28,192,255,255,175,0,0,0,44,206,255,255,23,
    1,1,0,192,199,255,255,254,3,0,0,14,0,0,0,183,
    146,199,231,18,128,238,187,233,9,224,251,129,13,17,66,19,
    4,0,16,0,109,4,0,0,196,183,255,255,28,0,0,0,
    172,183,255,255,28,0,0,0,192,199,255,255,254,3,1,0,
    176,185,255,255,116,4,0,0,68,0,0,0,135,241,198,231,
    18,176,244,232,174,4,248,165,216,245,6,224,227,180,7,160,
    158,203,14,224,139,255,14,160,252,255,14,224,139,255,14,160,
    210,205,225,10,224,227,180,7,160,234,212,22,224,227,180,7,
    160,204,242,82,224,227,180,7,160,154,252,112,224,227,180,7,
    17,19,66,19,66,19,66,19,66,19,66,19,66,19,66,19,
    7,0,117,0,179,0,0,0,154,175,255,255,28,0,0,0,
    176,185,255,255,77,0,1,0,160,171,255,255,81,0,0,0,
    176,185,255,255,89,0,1,0,176,185,255,255,93,0,1,0,
    176,185,255,255,85,0,0,0,192,199,255,255,202,0,1,0,
    216,1,0,0,191,133,224,159,20,192,183,145,138,8,224,179,
    166,17,160,212,216,12,224,179,166,17,160,238,200,45,224,233,
    144,10,160,244,185,207,4,224,227,215,12,160,220,133,11,224,
    215,215,105,128,214,232,3,216,180,166,17,168,201,241,2,160,
    176,213,117,224,249,141,12,160,142,241,17,224,227,215,12,160,
    164,167,17,224,227,215,12,160,164,167,17,224,227,215,12,160,
    164,167,17,224,227,215,12,160,164,167,17,224,227,215,12,160,
    142,241,17,224,139,255,14,160,252,255,14,224,139,255,14,160,
    252,255,14,224,139,255,14,160,252,255,14,224,139,255,14,160,
    252,255,14,224,245,200,15,160,252,255,14,224,191,245,6,128,
    170,205,203,1,224,139,255,14,160,252,255,14,224,139,255,14,
    160,252,255,14,224,139,255,14,160,252,255,14,224,245,200,15,
    160,252,255,14,224,139,255,14,160,252,255,14,224,139,255,14,
    160,220,226,5,128,228,156,24,128,138,231,9,224,197,151,20,
    160,252,255,14,224,245,200,15,160,146,182,14,224,245,200,15,
    160,252,255,14,224,139,255,14,160,252,255,14,224,139,255,14,
    160,252,255,14,224,139,255,14,160,252,255,14,224,139,255,14,
    160,252,255,14,224,245,200,15,160,146,182,14,224,245,200,15,
    160,252,255,14,224,139,255,14,160,252,255,14,224,139,255,14,
    160,252,255,14,224,139,255,14,160,190,162,13,224,201,220,16,
    160,190,162,13,224,179,166,17,160,212,216,12,224,179,166,17,
    160,212,216,12,224,179,166,17,160,190,162,13,224,201,220,16,
    160,190,162,13,224,201,220,16,160,190,162,13,224,179,166,17,
    160,212,216,12,224,179,166,17,160,212,216,12,224,179,166,17,
    160,190,162,13,224,201,220,16,160,190,162,13,224,201,220,16,
    160,190,162,13,224,201,220,16,160,190,162,13,224,179,166,17,
    160,212,216,12,224,179,166,17,160,212,216,12,224,179,166,17,
    160,190,162,13,224,201,220,16,160,190,162,13,224,201,220,16,
    160,190,162,13,224,179,166,17,160,212,216,12,224,179,166,17,
    160,212,216,12,224,179,166,17,160,150,251,10,18,65,18,65,
    18,65,18,65,18,67,68,18,65,18,65,18,65,18,65,18,
    65,18,65,18,65,18,65,18,65,18,65,18,65,18,65,18,
    65,21,70,21,70,21,70,21,70,21,70,21,70,21,65,21,
    70,21,70,21,70,21,70,21,70,21,70,21,70,21,70,21,
    70,21,70,21,70,21,70,21,70,21,70,21,70,21,70,21,
    70,21,70,21,70,21,70,21,70,21,70,21,70,21,70,21,
    70,21,70,21,70,21,70,21,70,21,70,21,70,21,70,21,
    70,3,0,41,0,243,3,0,0,132,222,255,255,28,0,0,
    0,224,227,255,255,177,3,1,0,208,213,255,255,250,3,0,
    0,170,0,0,0,135,222,172,149,13,200,133,167,150,4,128,
    219,239,14,160,206,159,15,224,255,233,14,160,232,209,245,3,
    128,176,154,11,128,158,239,18,224,221,251,9,160,240,141,20,
    224,163,134,10,160,240,141,20,224,227,180,7,160,178,158,196,
    2,224,249,234,6,160,152,216,27,224,233,237,4,160,182,152,
    20,224,227,180,7,160,182,152,20,224,151,241,9,160,182,152,
    20,224,221,251,9,160,194,240,147,4,224,165,250,10,160,248,
    186,18,224,231,156,9,160,230,236,20,224,253,210,8,160,160,
    226,20,224,253,210,8,160,138,172,21,224,209,230,9,160,200,
    221,170,1,224,209,230,9,160,228,203,109,224,249,141,12,160,
    248,186,18,224,155,147,1,160,214,181,29,224,187,176,10,18,
    65,18,65,18,65,18,65,18,65,18,65,18,65,18,65,18,
    65,18,65,18,65,18,65,18,65,18,65,18,65,18,65,18,
    65,18,65,18,65,18,65,18,5,0,16,0,154,5,0,0,
    28,175,255,255,28,0,0,0,24,175,255,255,44,3,0,0,
    160,171,255,255,81,0,0,0,176,185,255,255,85,0,0,0,
    176,185,255,255,77,0,1,0,69,0,0,0,183,206,198,231,
    18,136,242,176,186,10,240,173,177,145,9,224,167,134,54,160,
    234,237,122,224,217,147,8,160,174,235,21,224,217,147,8,160,
    255,233,218,2,224,232,253,21,160,202,148,8,224,197,176,120,
    160,198,246,248,1,224,161,181,14,224,148,168,17,192,171,215,
    12,17,18,19,18,68,18,68,18,19,18,19,18,68,18,68,
    18,4,0,4,0,149,5,0,0,188,198,255,255,28,0,0,
    0,188,198,255,255,250,5,0,0,192,199,255,255,212,3,0,
    0,208,213,255,255,208,3,1,0,19,0,0,0,247,172,199,
    231,18,128,206,229,129,5,248,151,205,154,16,224,161,181,14,
    17,18,67,18,3,0,32,0,54,0,0,0,152,164,255,255,
    28,0,0,0,160,171,255,255,81,0,0,0,176,185,255,255,
    77,0,1,0,131,0,0,0,191,150,201,164,11,192,218,248,
    201,15,224,179,166,17,160,224,229,223,1,224,201,220,16,160,
    190,162,13,224,201,220,16,160,190,162,13,224,201,220,16,160,
    190,162,13,224,179,166,17,160,212,216,12,224,179,166,17,160,
    230,201,15,224,249,141,12,160,230,201,15,224,201,220,16,160,
    190,162,13,224,201,220,16,160,190,162,13,224,179,166,17,160,
    212,216,12,224,179,166,17,160,212,216,12,224,179,166,17,160,
    212,216,12,224,179,166,17,160,190,162,13,224,201,220,16,160,
    190,162,13,224,201,220,16,224,223,204,5,17,66,17,66,17,
    66,17,66,17,66,17,66,17,66,17,66,17,66,17,66,17,
    66,17,66,17,66,17,66,17,66,17,17,4,0,61,0,249,
    1,0,0,60,156,255,255,28,0,0,0,144,157,255,255,2,
    2,0,0,160,171,255,255,81,0,0,0,160,171,255,255,254,
    1,1,0,248,0,0,0,159,222,200,164,11,128,140,210,163,
    1,224,171,169,103,160,156,215,13,224,227,215,12,160,194,138,
    15,224,169,231,174,2,224,202,232,215,12,224,201,220,16,160,
    190,162,13,224,201,220,16,160,190,162,13,224,201,220,16,160,
    190,162,13,224,179,166,17,160,212,216,12,224,179,166,17,160,
    230,201,15,224,249,141,12,160,230,201,15,224,201,220,16,160,
    190,162,13,224,201,220,16,160,190,162,13,224,179,166,17,160,
    212,216,12,224,179,166,17,160,212,216,12,224,179,166,17,160,
    212,216,12,224,179,166,17,160,190,162,13,224,201,220,16,160,
    190,162,13,224,201,220,16,160,190,162,13,224,179,166,17,160,
    212,216,12,224,179,166,17,160,212,216,12,224,179,166,17,160,
    190,162,13,224,201,220,16,160,190,162,13,224,201,220,16,160,
    190,162,13,224,201,220,16,160,190,162,13,224,179,166,17,160,
    212,216,12,224,179,166,17,160,212,216,12,224,179,166,17,160,
    190,162,13,224,201,220,16,160,190,162,13,224,201,220,16,160,
    190,162,13,224,179,166,17,160,212,216,12,224,179,166,17,17,
    18,17,67,17,18,17,67,17,67,17,67,17,67,17,67,17,
    67,17,67,17,67,17,67,17,67,17,67,17,67,17,67,17,
    67,17,67,17,67,17,67,17,67,17,67,17,67,17,67,17,
    67,17,67,17,67,17,67,17,67,17,67,17,6,0,61,0,
    243,3,0,0,124,191,255,255,28,0,0,0,208,195,255,255,
    175,0,0,0,192,199,255,255,254,3,0,0,208,213,255,255,
    250,3,1,0,224,227,255,255,177,3,1,0,208,213,255,255,
    250,3,0,0,251,0,0,0,247,183,154,214,17,216,244,174,
    255,5,160,140,198,190,2,224,221,251,9,160,150,158,16,224,
    131,175,11,160,182,152,20,224,151,241,9,160,182,152,20,224,
    151,241,9,160,182,152,20,224,151,241,9,160,182,152,20,224,
    221,251,9,160,182,152,20,224,151,241,9,160,182,152,20,224,
    151,241,9,160,182,152,20,224,151,241,9,160,182,152,20,224,
    221,251,9,160,148,135,10,224,181,224,28,160,148,135,10,224,
    225,251,53,160,186,151,6,224,159,194,71,160,188,209,17,224,
    141,205,255,3,160,186,151,6,224,213,171,6,160,144,229,18,
    224,189,164,11,160,144,229,18,224,189,164,11,160,144,229,18,
    224,253,245,13,160,252,255,14,224,245,200,15,160,252,255,14,
    224,139,255,14,160,252,255,14,224,217,184,129,1,224,147,137,
    8,160,152,130,183,3,224,251,222,7,160,248,186,18,224,143,
    196,11,192,246,197,18,224,189,164,11,160,144,229,18,224,131,
    175,11,160,226,132,19,192,215,195,11,160,190,235,197,1,128,
    144,195,12,128,164,135,127,160,172,177,10,224,171,134,98,224,
    213,171,6,17,18,67,18,67,18,67,18,67,18,67,18,67,
    18,67,18,67,18,67,18,67,18,67,18,67,18,67,18,67,
    18,67,18,67,18,67,18,67,18,67,18,67,18,21,68,21,
    68,21,68,18,67,18,67,18,68,21,67,21,18,21,68,21,
    6,0,82,0,54,0,0,0,221,173,255,255,28,0,0,0,
    176,185,255,255,77,0,1,0,160,171,255,255,81,0,0,0,
    176,185,255,255,89,0,1,0,176,185,255,255,93,0,1,0,
    176,185,255,255,85,0,0,0,76,1,0,0,185,218,197,232,
    19,186,140,247,210,7,224,179,166,17,160,212,216,12,224,179,
    166,17,160,140,241,158,5,224,215,215,105,128,214,232,3,160,
    164,167,17,224,227,215,12,160,250,242,204,4,224,245,200,15,
    160,140,254,74,224,209,197,120,128,196,255,14,160,220,226,5,
    224,171,156,24,160,194,231,9,224,197,151,20,160,252,255,14,
    224,245,200,15,160,146,182,14,224,245,200,15,160,252,255,14,
    224,139,255,14,160,252,255,14,224,139,255,14,160,252,255,14,
    224,139,255,14,160,252,255,14,224,139,255,14,160,252,255,14,
    224,245,200,15,160,146,182,14,224,245,200,15,160,252,255,14,
    224,139,255,14,160,252,255,14,224,139,255,14,160,252,255,14,
    224,139,255,14,160,190,162,13,224,201,220,16,160,190,162,13,
    224,179,166,17,160,212,216,12,224,179,166,17,160,212,216,12,
    224,179,166,17,160,190,162,13,224,201,220,16,160,190,162,13,
    224,201,220,16,160,190,162,13,224,179,166,17,160,212,216,12,
    224,179,166,17,160,212,216,12,224,179,166,17,160,190,162,13,
    224,201,220,16,160,190,162,13,224,201,220,16,160,190,162,13,
    224,201,220,16,160,190,162,13,224,179,166,17,160,212,216,12,
    224,179,166,17,160,212,216,12,224,179,166,17,160,190,162,13,
    224,201,220,16,160,190,162,13,224,201,220,16,160,190,162,13,
    224,179,166,17,160,212,216,12,224,179,166,17,160,212,216,12,
    224,179,166,17,160,150,251,10,18,65,18,65,18,67,68,18,
    65,18,65,18,21,65,18,65,18,65,18,65,18,65,18,65,
    18,65,18,65,18,65,18,65,18,65,18,65,18,65,18,65,
    18,65,18,65,18,65,18,65,18,65,18,65,18,65,18,65,
    18,65,18,65,18,65,18,65,18,65,18,65,18,65,18,65,
    18,65,18,65,18,65,18,65,18,65,4,0,57,0,154,5,
    0,0,252,171,255,255,28,0,0,0,160,171,255,255,81,0,
    0,0,176,185,255,255,85,0,0,0,176,185,255,255,77,0,
    1,0,231,0,0,0,191,150,201,164,11,192,174,160,141,14,
    224,209,207,25,160,238,148,148,3,224,201,220,16,160,190,162,
    13,224,201,220,16,160,190,162,13,224,201,220,16,160,190,162,
    13,224,179,166,17,160,212,216,12,224,179,166,17,160,230,201,
    15,224,249,141,12,160,230,201,15,224,201,220,16,160,190,162,
    13,224,201,220,16,160,190,162,13,224,179,166,17,160,212,216,
    12,224,179,166,17,160,212,216,12,224,179,166,17,160,212,216,
    12,224,179,166,17,160,190,162,13,224,201,220,16,160,190,162,
    13,224,201,220,16,160,190,162,13,224,179,166,17,160,212,216,
    12,224,179,166,17,160,212,216,12,224,179,166,17,160,190,162,
    13,224,201,220,16,160,190,162,13,224,201,220,16,160,190,162,
    13,224,201,220,16,160,190,162,13,224,179,166,17,160,212,216,
    12,224,179,166,17,160,212,216,12,224,179,166,17,160,190,162,
    13,224,201,220,16,160,190,162,13,224,201,220,16,160,190,162,
    13,224,179,166,17,160,212,216,12,224,179,166,17,17,18,17,
    67,17,67,17,67,17,67,17,67,17,67,17,67,17,67,17,
    67,17,67,17,67,17,67,17,67,17,67,17,67,17,67,17,
    67,17,67,17,67,17,67,17,67,17,67,17,67,17,67,17,
    67,17,67,17,67,17,8,0,43,0,2,4,0,0,38,214,
    0,0,28,0,0,0,166,132,255,255,28,0,0,0,128,143,
    255,255,176,2,0,0,144,157,255,255,180,2,1,0,144,157,
    255,255,184,2,1,0,144,157,255,255,172,2,1,0,112,129,
    255,255,54,4,0,0,128,143,255,255,49,4,1,0,177,0,
    0,0,221,136,232,131,24,146,201,161,220,7,140,170,143,224,
    9,160,231,214,105,192,198,233,3,160,132,185,197,5,224,139,
    255,14,160,252,255,14,224,139,255,14,160,252,255,14,224,245,
    200,15,160,252,255,14,224,139,255,14,160,252,255,14,224,139,
    255,14,160,220,226,5,224,171,156,24,160,194,231,9,224,197,
    151,20,160,252,255,14,224,245,200,15,160,146,182,14,224,245,
    200,15,160,252,255,14,224,139,255,14,160,252,255,14,224,139,
    255,14,160,252,255,14,224,139,255,14,160,252,255,14,224,139,
    255,14,160,252,255,14,224,245,200,15,160,146,182,14,224,245,
    200,15,160,180,157,195,7,160,150,251,10,224,219,205,19,160,
    172,177,10,224,219,205,19,160,172,177,10,224,219,205,19,128,
    142,172,6,17,18,67,68,18,69,18,69,18,69,18,69,18,
    69,18,69,18,69,18,69,18,69,18,69,18,69,18,69,18,
    69,18,69,18,69,18,22,71,22,71,22,71,18,22,6,0,
    68,0,154,5,0,0,12,163,255,255,28,0,0,0,144,157,
    255,255,2,2,0,0,160,171,255,255,81,0,0,0,160,171,
    255,255,254,1,1,0,176,185,255,255,77,0,1,0,176,185,
    255,255,89,0,1,0,21,1,0,0,159,222,200,164,11,128,
    140,210,163,1,224,171,169,103,160,156,215,13,224,227,215,12,
    160,194,138,15,224,165,137,206,1,224,143,196,11,160,246,245,
    43,224,173,167,9,160,166,191,81,224,189,164,11,160,254,141,
    174,1,224,183,235,13,224,200,135,223,10,224,201,220,16,160,
    190,162,13,224,201,220,16,160,190,162,13,224,201,220,16,160,
    190,162,13,224,179,166,17,160,212,216,12,224,179,166,17,160,
    230,201,15,224,249,141,12,160,230,201,15,224,201,220,16,160,
    190,162,13,224,201,220,16,160,190,162,13,224,179,166,17,160,
    212,216,12,224,179,166,17,160,212,216,12,224,179,166,17,160,
    212,216,12,224,179,166,17,160,190,162,13,224,201,220,16,160,
    190,162,13,224,201,220,16,160,190,162,13,224,179,166,17,160,
    212,216,12,224,179,166,17,160,212,216,12,224,179,166,17,160,
    190,162,13,224,201,220,16,160,190,162,13,224,201,220,16,160,
    190,162,13,224,201,220,16,160,190,162,13,224,179,166,17,160,
    212,216,12,224,179,166,17,160,212,216,12,224,179,166,17,160,
    190,162,13,224,201,220,16,160,190,162,13,224,201,220,16,160,
    190,162,13,224,179,166,17,160,212,216,12,224,179,166,17,17,
    18,17,67,17,18,68,18,68,18,69,18,68,18,68,18,68,
    18,68,18,68,18,68,18,68,18,68,18,68,18,68,18,68,
    18,68,18,68,18,68,18,68,18,68,18,68,18,68,18,68,
    18,68,18,68,18,68,18,68,18,68,18,68,18,68,18,68,
    18,68,18,4,0,43,0,255,5,0,0,88,203,255,255,28,
    0,0,0,192,199,255,255,212,3,0,0,208,213,255,255,250,
    3,0,0,224,227,255,255,177,3,1,0,175,0,0,0,175,
    163,135,226,13,176,178,250,152,16,160,132,188,208,1,224,201,
    220,16,160,190,162,13,224,179,166,17,160,212,216,12,224,179,
    166,17,160,212,216,12,224,179,166,17,160,190,162,13,224,201,
    220,16,160,190,162,13,224,201,220,16,160,190,162,13,224,179,
    166,17,160,212,216,12,224,179,166,17,160,212,216,12,224,179,
    166,17,160,190,162,13,224,201,220,16,160,190,162,13,224,201,
    220,16,160,190,162,13,224,201,220,16,160,190,162,13,224,179,
    166,17,160,212,216,12,224,179,166,17,160,212,216,12,224,179,
    166,17,160,190,162,13,224,201,220,16,160,190,162,13,224,201,
    220,16,160,190,162,13,224,179,166,17,160,212,216,12,224,179,
    166,17,160,212,216,12,224,179,166,17,160,150,251,10,17,18,
    67,18,67,18,67,18,67,18,67,18,67,18,67,18,67,18,
    67,18,67,18,67,18,67,18,67,18,67,18,67,18,67,18,
    67,18,67,18,67,18,67,18,67,6,0,146,0,185,3,0,
    0,68,195,255,255,28,0,0,0,176,185,255,255,85,0,0,
    0,208,213,255,255,208,3,1,0,192,199,255,255,212,3,0,
    0,208,213,255,255,27,4,1,0,208,213,255,255,31,4,1,
    0,76,2,0,0,135,201,136,158,20,168,162,150,173,4,160,
    188,182,220,3,224,223,146,16,128,238,138,184,3,224,169,191,
    7,160,222,191,22,224,169,191,7,160,222,191,22,224,169,191,
    7,160,222,191,22,224,169,191,7,160,222,191,22,224,169,191,
    7,160,222,191,22,224,169,191,7,160,174,235,21,224,209,230,
    9,160,146,217,19,224,245,165,10,160,190,197,18,224,179,131,
    12,192,218,144,11,160,200,216,105,192,229,231,3,160,164,167,
    17,224,227,215,12,160,164,167,17,224,227,215,12,160,164,167,
    17,224,227,215,12,160,164,167,17,224,227,215,12,160,142,241,
    17,224,249,141,12,160,142,241,17,224,227,215,12,160,164,167,
    17,224,227,215,12,160,164,167,17,224,227,215,12,160,164,167,
    17,224,227,215,12,160,164,167,17,224,227,215,12,160,142,241,
    17,224,227,215,12,160,164,167,17,224,139,255,14,160,252,255,
    14,224,139,255,14,160,252,255,14,224,139,255,14,160,252,255,
    14,224,245,200,15,160,252,255,14,224,139,255,14,160,252,255,
    14,224,139,255,14,160,252,255,14,224,139,255,14,160,252,255,
    14,224,139,255,14,160,252,255,14,224,245,200,15,160,146,182,
    14,224,245,200,15,160,252,255,14,224,139,255,14,160,252,255,
    14,224,139,255,14,160,252,255,14,224,139,255,14,160,252,255,
    14,224,139,255,14,160,252,255,14,224,245,200,15,160,252,255,
    14,224,139,255,14,160,132,255,44,224,139,255,14,160,252,255,
    14,224,139,255,14,160,252,255,14,224,245,200,15,160,146,182,
    14,224,245,200,15,160,252,255,14,224,139,255,14,160,252,255,
    14,224,139,255,14,160,252,255,14,224,139,255,14,160,252,255,
    14,224,139,255,14,160,252,255,14,224,245,200,15,160,146,182,
    14,224,245,200,15,160,252,255,14,224,139,255,14,160,252,255,
    14,224,139,255,14,160,252,255,14,224,139,255,14,160,190,162,
    13,224,201,220,16,160,190,162,13,224,179,166,17,160,212,216,
    12,224,179,166,17,160,212,216,12,224,179,166,17,160,190,162,
    13,224,201,220,16,160,190,162,13,224,201,220,16,216,206,161,
    13,224,179,166,17,160,212,216,12,224,179,166,17,160,212,216,
    12,224,179,166,17,160,190,162,13,224,201,220,16,160,190,162,
    13,224,201,220,16,160,190,162,13,224,201,220,16,160,190,162,
    13,224,179,166,17,160,212,216,12,224,179,166,17,160,212,216,
    12,224,179,166,17,160,190,162,13,224,201,220,16,160,190,162,
    13,224,201,220,16,160,190,162,13,224,179,166,17,160,212,216,
    12,224,179,166,17,160,212,216,12,224,179,166,17,168,183,163,
    5,17,19,66,19,66,19,66,19,66,19,66,19,66,19,66,
    19,66,19,66,19,66,19,68,69,19,66,19,66,19,66,19,
    66,19,66,19,66,19,66,19,66,19,66,19,66,19,66,19,
    66,19,66,19,66,19,66,19,66,19,66,19,66,19,66,19,
    66,19,66,19,66,19,66,19,66,19,66,19,66,19,66,19,
    66,19,66,19,66,19,66,19,66,19,66,19,66,19,66,19,
    66,19,66,19,66,19,66,19,66,19,66,19,66,19,66,19,
    66,19,66,19,66,19,66,19,66,19,66,19,66,19,66,19,
    66,19,66,19,66,19,66,19,66,19,66,19,66,19,66,19,
    66,19,19,5,0,62,0,154,5,0,0,244,161,255,255,28,
    0,0,0,144,157,255,255,2,2,0,0,160,171,255,255,81,
    0,0,0,160,171,255,255,254,1,1,0,176,185,255,255,77,
    0,1,0,252,0,0,0,191,150,201,164,11,160,196,210,163,
    1,224,171,169,103,160,156,215,13,224,227,215,12,160,194,138,
    15,160,168,195,149,13,224,179,166,17,160,224,229,223,1,224,
    201,220,16,160,190,162,13,224,201,220,16,160,190,162,13,224,
    201,220,16,160,190,162,13,224,179,166,17,160,212,216,12,224,
    179,166,17,160,230,201,15,224,249,141,12,160,230,201,15,224,
    201,220,16,160,190,162,13,224,201,220,16,160,190,162,13,224,
    179,166,17,160,212,216,12,224,179,166,17,160,212,216,12,224,
    179,166,17,160,212,216,12,224,179,166,17,160,190,162,13,224,
    201,220,16,160,190,162,13,224,201,220,16,160,190,162,13,224,
    179,166,17,160,212,216,12,224,179,166,17,160,212,216,12,224,
    179,166,17,160,190,162,13,224,201,220,16,160,190,162,13,224,
    201,220,16,160,190,162,13,224,201,220,16,160,190,162,13,224,
    179,166,17,160,212,216,12,224,179,166,17,160,212,216,12,224,
    179,166,17,160,190,162,13,224,201,220,16,160,190,162,13,224,
    201,220,16,160,190,162,13,224,179,166,17,160,212,216,12,224,
    179,166,17,17,18,17,67,17,18,68,18,68,18,68,18,68,
    18,68,18,68,18,68,18,68,18,68,18,68,18,68,18,68,
    18,68,18,68,18,68,18,68,18,68,18,68,18,68,18,68,
    18,68,18,68,18,68,18,68,18,68,18,68,18,68,18,68,
    18,9,0,86,0,243,3,0,0,77,203,255,255,28,0,0,
    0,77,203,255,255,44,3,0,0,192,199,255,255,254,3,0,
    0,200,206,255,255,159,5,0,0,208,213,255,255,250,3,1,
    0,208,213,255,255,250,3,0,0,216,220,255,255,26,6,1,
    0,224,227,255,255,177,3,1,0,232,234,255,255,32,6,1,
    0,95,1,0,0,153,235,216,188,14,128,138,237,229,2,154,
    206,234,102,224,209,137,15,144,166,138,15,240,167,255,14,144,
    166,138,15,240,167,255,14,144,252,137,228,1,240,255,215,12,
    144,136,167,17,240,255,215,12,144,136,167,17,240,255,215,12,
    144,136,167,17,240,255,215,12,144,242,240,17,240,149,142,12,
    144,242,240,17,240,149,142,12,144,202,201,15,240,167,255,14,
    144,136,167,17,240,255,215,12,144,132,156,10,240,155,153,41,
    240,255,180,7,144,254,176,231,3,240,189,181,14,144,214,152,
    5,224,173,132,4,160,242,236,152,1,224,161,181,14,160,140,
    161,80,240,203,190,15,144,144,131,42,224,243,142,4,160,226,
    249,55,224,191,245,6,160,132,255,44,208,251,205,4,160,146,
    182,14,144,188,157,9,224,147,137,8,160,252,244,51,224,213,
    171,6,160,222,191,22,224,169,191,7,160,178,211,23,224,213,
    171,6,160,136,207,4,224,211,195,26,160,198,141,233,1,224,
    143,161,6,160,178,211,23,224,191,245,6,160,204,206,19,224,
    209,230,9,160,204,206,19,224,165,250,10,160,204,206,19,224,
    187,176,10,160,226,132,19,224,165,250,10,160,230,230,219,2,
    160,230,201,15,160,208,147,16,224,227,215,12,160,186,221,16,
    224,205,161,13,160,164,167,17,224,227,215,12,160,164,167,17,
    224,227,215,12,160,164,167,17,224,205,161,13,160,186,221,16,
    224,205,161,13,160,186,221,16,224,205,161,13,160,164,167,17,
    224,227,215,12,160,164,167,17,224,227,215,12,160,164,167,17,
    224,227,215,12,17,18,52,19,52,19,52,19,52,19,52,19,
    52,19,52,19,52,19,52,19,52,19,52,19,52,54,21,54,
    21,71,21,71,21,54,21,71,21,71,21,88,54,21,71,21,
    71,21,71,21,71,21,71,21,71,21,71,21,71,21,71,21,
    71,21,71,21,71,21,71,21,71,21,71,21,71,21,71,21,
    71,21,71,21,71,21,71,21,71,21,5,0,172,0,179,0,
    0,0,148,181,255,255,28,0,0,0,192,199,255,255,202,0,
    1,0,176,185,255,255,85,0,0,0,192,199,255,255,206,0,
    1,0,192,199,255,255,210,0,1,0,178,2,0,0,167,156,
    140,209,17,136,234,208,188,5,224,223,146,16,208,141,226,12,
    240,137,156,17,224,214,202,15,160,137,141,12,224,210,133,19,
    224,233,144,10,160,158,238,19,224,187,176,10,160,204,206,19,
    224,187,176,10,160,226,132,19,224,143,196,11,160,248,186,18,
    224,143,196,11,160,248,186,18,224,143,196,11,160,248,186,18,
    224,249,141,12,160,142,241,17,224,227,215,12,160,164,167,17,
    224,227,215,12,160,164,167,17,224,227,215,12,160,164,167,17,
    224,227,215,12,160,142,241,17,224,249,141,12,160,142,241,17,
    224,227,215,12,160,164,167,17,224,227,215,12,160,164,167,17,
    224,227,215,12,160,164,167,17,224,227,215,12,160,164,167,17,
    224,227,215,12,160,164,167,17,224,227,215,12,160,142,241,17,
    224,249,141,12,160,142,241,17,128,200,220,53,128,144,216,105,
    224,157,232,3,160,164,167,17,224,227,215,12,160,164,167,17,
    224,227,215,12,160,164,167,17,224,227,215,12,160,164,167,17,
    224,157,240,17,160,212,216,12,224,179,166,17,160,212,216,12,
    224,227,215,12,160,164,167,17,224,227,215,12,160,164,167,17,
    224,227,215,12,160,164,167,17,224,227,215,12,160,164,167,17,
    224,227,215,12,160,142,241,17,224,227,215,12,160,164,167,17,
    224,139,255,14,160,252,255,14,224,139,255,14,160,252,255,14,
    224,139,255,14,160,252,255,14,224,245,200,15,160,252,255,14,
    224,139,255,14,160,252,255,14,224,139,255,14,160,252,255,14,
    224,139,255,14,160,252,255,14,224,139,255,14,160,252,255,14,
    224,245,200,15,160,146,182,14,224,245,200,15,160,252,255,14,
    224,139,255,14,160,252,255,14,224,139,255,14,160,252,255,14,
    224,139,255,14,160,252,255,14,224,139,255,14,160,252,255,14,
    224,245,200,15,160,252,255,14,224,139,255,14,160,252,255,14,
    224,139,255,14,160,252,255,14,224,139,255,14,160,252,255,14,
    224,139,255,14,160,252,255,14,224,245,200,15,160,146,182,14,
    224,245,200,15,160,252,255,14,224,139,255,14,160,252,255,14,
    224,139,255,14,160,252,255,14,224,139,255,14,160,252,255,14,
    224,139,255,14,160,252,255,14,224,245,200,15,160,146,182,14,
    224,245,200,15,160,252,255,14,224,139,255,14,160,252,255,14,
    224,139,255,14,160,252,255,14,224,139,255,14,160,190,162,13,
    224,201,220,16,160,190,162,13,224,179,166,17,160,212,216,12,
    224,179,166,17,160,212,216,12,224,179,166,17,160,190,162,13,
    224,201,220,16,160,190,162,13,224,201,220,16,160,190,162,13,
    224,179,166,17,160,212,216,12,224,179,166,17,160,212,216,12,
    224,179,166,17,160,190,162,13,224,201,220,16,160,190,162,13,
    224,201,220,16,160,190,162,13,224,201,220,16,160,190,162,13,
    224,179,166,17,160,212,216,12,224,179,166,17,160,212,216,12,
    224,179,166,17,160,190,162,13,224,201,220,16,160,190,162,13,
    224,201,220,16,160,190,162,13,224,179,166,17,160,212,216,12,
    224,179,166,17,160,212,216,12,224,179,166,17,160,150,251,10,
    18,65,18,65,18,65,18,65,18,65,18,65,18,65,18,65,
    18,65,18,65,18,65,18,65,18,65,18,65,18,65,18,65,
    18,65,18,65,18,65,18,65,18,65,18,65,18,65,67,68,
    18,65,18,65,18,65,18,65,18,65,18,65,18,65,18,65,
    18,65,18,65,18,65,18,65,18,65,18,65,18,65,18,65,
    18,65,18,65,18,65,18,65,18,65,18,65,18,65,18,65,
    18,65,18,65,18,65,18,65,18,65,18,65,18,65,18,65,
    18,65,18,65,18,65,18,65,18,65,18,65,18,65,18,65,
    18,65,18,65,18,65,18,65,18,65,18,65,18,65,18,65,
    18,65,18,65,18,65,18,65,18,65,18,65,18,65,18,65,
    18,65,18,65,18,65,18,65,18,65,18,65,10,0,84,0,
    2,4,0,0,110,182,0,0,28,0,0,0,238,100,255,255,
    28,0,0,0,80,101,255,255,83,4,0,0,96,115,255,255,
    87,4,1,0,96,115,255,255,91,4,1,0,80,101,255,255,
    23,1,0,0,96,115,255,255,95,4,1,0,112,129,255,255,
    45,4,0,0,128,143,255,255,49,4,1,0,112,129,255,255,
    54,4,0,0,84,1,0,0,221,136,232,131,24,130,200,162,
    220,7,252,211,143,224,9,192,190,213,105,160,239,234,3,224,
    149,136,135,5,192,238,176,62,224,139,255,14,160,252,255,14,
    224,139,255,14,160,252,255,14,224,245,200,15,160,252,255,14,
    224,139,255,14,160,252,255,14,224,139,255,14,160,220,226,5,
    224,171,156,24,160,194,231,9,224,197,151,20,160,252,255,14,
    224,245,200,15,160,146,182,14,224,245,200,15,160,252,255,14,
    224,139,255,14,160,252,255,14,224,139,255,14,160,252,255,14,
    224,139,255,14,160,252,255,14,224,139,255,14,160,252,255,14,
    224,245,200,15,160,146,182,14,224,245,200,15,160,209,197,2,
    192,186,185,12,224,139,255,14,160,252,255,14,224,139,255,14,
    160,252,255,14,224,139,255,14,160,190,162,13,224,201,220,16,
    160,190,162,13,224,179,166,17,160,212,216,12,224,179,166,17,
    160,212,216,12,224,179,166,17,160,190,162,13,224,201,220,16,
    160,190,162,13,224,201,220,16,160,190,162,13,224,179,166,17,
    160,212,216,12,224,179,166,17,160,212,216,12,224,179,166,17,
    160,190,162,13,224,201,220,16,160,190,162,13,224,201,220,16,
    160,190,162,13,224,201,220,16,160,190,162,13,224,179,166,17,
    160,212,216,12,224,179,166,17,160,212,216,12,224,179,166,17,
    160,190,162,13,224,201,220,16,160,190,162,13,224,201,220,16,
    160,190,162,13,224,179,166,17,160,212,216,12,224,179,166,17,
    160,212,216,12,224,179,166,17,160,150,251,10,17,18,67,68,
    18,21,70,21,70,21,70,21,70,21,70,21,70,21,70,21,
    70,21,70,21,70,21,70,21,70,21,70,21,70,21,70,23,
    25,72,25,72,25,72,25,72,25,72,25,72,25,72,25,72,
    25,72,25,72,25,72,25,72,25,72,25,72,25,72,25,72,
    25,72,25,72,25,72,25,72,25,72,25,72,25,72,25,72,
    5,0,61,0,54,0,0,0,28,158,255,255,28,0,0,0,
    144,157,255,255,2,2,0,0,160,171,255,255,81,0,0,0,
    160,171,255,255,254,1,1,0,176,185,255,255,77,0,1,0,
    247,0,0,0,159,222,200,164,11,128,140,210,163,1,224,171,
    169,103,160,156,215,13,224,227,215,12,160,194,138,15,160,188,
    207,134,15,224,201,220,16,160,190,162,13,224,201,220,16,192,
    246,162,13,224,201,220,16,160,190,162,13,224,179,166,17,160,
    212,216,12,224,179,166,17,160,230,201,15,224,249,141,12,160,
    230,201,15,224,201,220,16,160,190,162,13,224,201,220,16,160,
    190,162,13,224,179,166,17,160,212,216,12,224,179,166,17,160,
    212,216,12,224,179,166,17,160,212,216,12,224,179,166,17,160,
    190,162,13,224,201,220,16,160,190,162,13,224,201,220,16,160,
    128,197,11,224,219,205,19,160,172,177,10,224,219,205,19,160,
    172,177,10,224,219,205,19,160,172,177,10,224,219,205,19,160,
    172,177,10,224,219,205,19,160,172,177,10,224,219,205,19,160,
    150,251,10,224,219,205,19,160,172,177,10,224,219,205,19,160,
    172,177,10,224,219,205,19,160,172,177,10,224,219,205,19,160,
    172,177,10,224,219,205,19,160,150,251,10,224,219,205,19,160,
    172,177,10,224,241,131,19,192,137,198,2,17,18,17,67,17,
    18,68,18,68,18,67,17,67,17,67,17,67,17,67,17,67,
    17,67,17,67,17,67,17,67,17,67,17,67,17,67,17,67,
    17,67,17,67,17,67,17,67,17,67,17,67,17,67,17,67,
    17,67,17,67,17,67,18,18,5,0,4,0,243,3,0,0,
    72,204,255,255,28,0,0,0,60,204,255,255,38,6,0,0,
    76,204,255,255,38,6,0,0,200,206,255,255,159,5,0,0,
    208,213,255,255,250,3,0,0,20,0,0,0,143,197,211,239,
    13,152,244,165,210,5,224,131,191,195,2,136,148,224,149,9,
    17,18,19,20,4,0,45,0,179,0,0,0,48,188,255,255,
    28,0,0,0,68,188,255,255,42,6,0,0,192,199,255,255,
    202,0,1,0,176,185,255,255,85,0,0,0,185,0,0,0,
    223,130,199,231,18,216,202,186,174,6,168,211,230,202,15,224,
    161,181,14,160,252,255,14,224,139,255,14,160,252,255,14,224,
    139,255,14,160,252,255,14,224,139,255,14,160,252,255,14,224,
    139,255,14,192,246,162,13,128,236,166,17,128,156,216,12,128,
    236,166,17,128,156,216,12,128,236,166,17,128,134,162,13,128,
    130,221,16,128,134,162,13,128,130,221,16,128,134,162,13,128,
    236,166,17,128,156,216,12,128,236,166,17,128,156,216,12,128,
    236,166,17,128,134,162,13,128,130,221,16,128,134,162,13,128,
    130,221,16,224,239,228,223,1,224,179,166,17,160,212,216,12,
    224,179,166,17,224,152,193,161,1,224,219,205,19,160,172,177,
    10,224,219,205,19,160,172,177,10,224,219,205,19,160,172,177,
    10,224,219,205,19,160,158,250,40,17,19,66,19,66,19,66,
    19,66,19,66,19,66,19,66,19,66,19,66,19,66,19,66,
    19,66,19,66,19,66,19,66,19,66,19,66,19,66,19,66,
    19,66,19,66,19,66,3,0,29,0,120,4,0,0,24,196,
    255,255,28,0,0,0,208,213,255,255,250,3,1,0,192,199,
    255,255,254,3,0,0,121,0,0,0,175,244,171,149,13,144,
    212,166,150,4,128,219,239,14,160,206,159,15,224,255,233,14,
    160,232,209,245,3,128,176,154,11,128,158,239,18,224,221,251,
    9,160,240,141,20,224,163,134,10,160,240,141,20,224,227,180,
    7,160,178,158,196,2,224,249,234,6,160,152,216,27,224,233,
    237,4,160,182,152,20,224,227,180,7,160,182,152,20,224,151,
    241,9,160,182,152,20,224,221,251,9,160,194,240,147,4,224,
    165,250,10,160,248,186,18,224,231,156,9,160,230,236,20,224,
    253,210,8,18,65,18,65,18,65,18,65,18,65,18,65,18,
    65,18,65,18,65,18,65,18,65,18,65,18,65,18,65,18,
    7,0,117,0,243,3,0,0,132,189,255,255,28,0,0,0,
    187,189,255,255,245,2,0,0,176,185,255,255,116,4,0,0,
    192,199,255,255,254,3,0,0,192,199,255,255,254,3,1,0,
    208,213,255,255,250,3,1,0,208,213,255,255,250,3,0,0,
    218,1,0,0,135,136,199,231,18,146,165,201,218,4,150,248,
    228,194,1,234,245,255,65,246,187,156,24,138,152,240,245,1,
    246,149,198,17,160,142,206,12,224,191,187,17,160,142,206,12,
    224,191,187,17,160,142,206,12,224,191,187,17,160,142,206,12,
    224,133,198,17,160,142,206,12,224,183,170,165,2,160,230,131,
    5,224,237,215,122,128,202,219,17,128,242,153,4,128,168,213,
    133,5,224,249,141,12,160,204,206,19,224,187,176,10,160,208,
    147,16,224,227,215,12,160,164,167,17,224,227,215,12,160,142,
    241,17,224,249,141,12,160,186,221,16,224,205,161,13,160,142,
    241,17,224,249,141,12,160,142,241,17,224,227,215,12,160,164,
    167,17,224,227,215,12,160,164,167,17,224,227,215,12,160,142,
    241,17,224,249,141,12,160,142,241,17,224,249,141,12,160,142,
    241,17,224,227,215,12,160,164,167,17,224,227,215,12,160,164,
    167,17,224,227,215,12,160,164,167,17,224,227,215,12,160,142,
    241,17,224,249,141,12,160,142,241,17,224,249,141,12,160,142,
    241,17,224,139,255,14,160,252,255,14,224,227,215,12,160,164,
    167,17,224,227,215,12,160,142,241,17,224,249,141,12,160,230,
    201,15,224,161,181,14,160,142,241,17,224,227,215,12,160,164,
    167,17,224,227,215,12,160,164,167,17,224,227,215,12,160,164,
    167,17,224,227,215,12,160,142,241,17,224,249,141,12,160,142,
    241,17,224,183,235,13,160,208,147,16,224,227,215,12,160,208,
    147,16,224,245,200,15,160,230,201,15,224,227,215,12,160,142,
    241,17,224,249,141,12,160,142,241,17,224,249,141,12,160,142,
    241,17,224,249,141,12,160,142,241,17,224,227,215,12,160,164,
    167,17,224,227,215,12,160,164,167,17,224,227,215,12,160,142,
    241,17,224,249,141,12,160,142,241,17,224,183,235,13,160,208,
    147,16,224,227,215,12,160,164,167,17,224,161,181,14,160,230,
    201,15,224,179,166,17,160,238,211,8,224,175,225,20,160,172,
    177,10,224,219,205,19,160,150,251,10,224,241,131,19,160,150,
    251,10,224,183,224,50,160,154,192,7,224,231,156,9,17,18,
    17,19,17,68,18,68,18,68,18,68,18,68,18,19,18,19,
    68,18,19,69,19,69,19,69,19,69,19,69,19,69,19,69,
    19,69,19,69,19,69,19,69,19,69,19,69,19,69,19,69,
    19,69,19,69,19,69,19,69,19,69,19,69,19,69,19,69,
    19,69,19,69,19,69,19,69,19,69,19,69,19,69,19,69,
    19,69,19,69,19,69,19,69,19,69,19,69,19,69,19,69,
    19,69,19,69,19,69,19,69,19,69,19,69,19,69,19,69,
    19,69,22,5,0,125,0,54,0,0,0,236,164,255,255,28,
    0,0,0,176,185,255,255,77,0,1,0,160,171,255,255,81,
    0,0,0,176,185,255,255,89,0,1,0,176,185,255,255,93,
    0,1,0,248,1,0,0,215,189,218,177,19,152,173,234,225,
    6,224,249,141,12,224,156,167,47,224,223,146,16,160,136,170,
    174,4,224,165,250,10,160,230,203,131,1,224,215,215,105,128,
    214,232,3,160,248,186,18,224,227,215,12,160,208,147,16,224,
    227,215,12,160,164,167,17,224,227,215,12,160,164,167,17,224,
    227,215,12,160,212,251,17,224,215,194,12,160,234,177,17,224,
    227,215,12,160,164,167,17,224,227,215,12,160,164,167,17,224,
    227,215,12,160,164,167,17,224,227,215,12,160,164,167,17,224,
    227,215,12,160,142,241,17,224,227,215,12,160,164,167,17,224,
    227,215,12,160,164,167,17,224,227,215,12,160,164,167,17,224,
    139,255,14,160,252,255,14,224,227,215,12,160,158,239,77,224,
    249,141,12,160,158,239,77,128,174,201,15,128,196,255,14,128,
    196,255,14,128,196,255,14,128,196,255,14,128,196,255,14,128,
    196,255,14,128,196,255,14,128,196,255,14,128,196,255,14,128,
    174,201,15,128,196,255,14,128,196,255,14,128,196,255,14,128,
    196,255,14,128,196,255,14,128,196,255,14,128,196,255,14,128,
    196,255,14,128,196,255,14,128,174,201,15,128,218,181,14,128,
    174,201,15,128,196,255,14,128,196,255,14,128,196,255,14,128,
    196,255,14,128,196,255,14,128,196,255,14,128,196,255,14,128,
    196,255,14,128,196,255,14,128,174,201,15,128,218,181,14,128,
    174,201,15,128,196,255,14,128,196,255,14,128,196,255,14,128,
    196,255,14,128,196,255,14,128,196,255,14,128,134,162,13,128,
    130,221,16,128,134,162,13,128,236,166,17,128,156,216,12,128,
    236,166,17,128,156,216,12,128,236,166,17,128,134,162,13,128,
    130,221,16,128,134,162,13,128,130,221,16,128,134,162,13,128,
    236,166,17,128,156,216,12,128,236,166,17,128,156,216,12,128,
    236,166,17,128,134,162,13,128,130,221,16,128,134,162,13,128,
    130,221,16,128,134,162,13,128,130,221,16,128,134,162,13,128,
    236,166,17,128,156,216,12,128,236,166,17,128,156,216,12,128,
    236,166,17,128,134,162,13,128,130,221,16,128,134,162,13,128,
    130,221,16,128,134,162,13,128,236,166,17,128,156,216,12,128,
    236,166,17,128,156,216,12,224,179,166,17,160,150,251,10,18,
    65,18,65,18,65,18,67,68,18,65,18,65,18,65,18,65,
    18,65,18,65,18,65,18,65,18,65,18,65,18,65,18,65,
    18,65,18,65,18,65,18,65,18,65,18,65,18,65,18,65,
    18,65,18,65,18,65,18,65,18,65,18,65,18,65,18,65,
    18,65,18,65,18,65,18,65,18,65,18,65,18,65,18,65,
    18,65,18,65,18,65,18,65,18,65,18,65,18,65,18,65,
    18,65,18,65,18,65,18,65,18,65,18,65,18,65,18,65,
    18,65,18,65,18,65,18,65,18,65,18,65,4,0,72,0,
    54,0,0,0,0,0,0,0,38,1,0,0,176,185,255,255,
    77,0,1,0,160,171,255,255,81,0,0,0,176,185,255,255,
    85,0,0,0,34,1,0,0,255,199,156,135,3,128,246,164,
    205,3,224,139,255,14,160,252,255,14,224,139,255,14,160,252,
    255,14,224,139,255,14,160,252,255,14,224,139,255,14,160,252,
    255,14,224,245,200,15,160,146,182,14,224,245,200,15,160,252,
    255,14,224,139,255,14,160,252,255,14,224,139,255,14,160,252,
    255,14,224,139,255,14,160,252,255,14,224,139,255,14,160,252,
    255,14,224,245,200,15,160,146,182,14,224,245,200,15,160,252,
    255,14,224,139,255,14,160,252,255,14,224,139,255,14,160,252,
    255,14,224,139,255,14,160,190,162,13,224,201,220,16,160,190,
    162,13,224,179,166,17,160,212,216,12,224,179,166,17,160,212,
    216,12,224,179,166,17,160,190,162,13,224,201,220,16,160,190,
    162,13,224,201,220,16,160,190,162,13,224,179,166,17,160,212,
    216,12,224,179,166,17,160,212,216,12,224,179,166,17,160,190,
    162,13,224,201,220,16,160,190,162,13,224,201,220,16,160,190,
    162,13,224,201,220,16,160,190,162,13,224,179,166,17,160,212,
    216,12,224,179,166,17,160,212,216,12,224,179,166,17,160,190,
    162,13,224,201,220,16,160,190,162,13,224,201,220,16,160,190,
    162,13,224,179,166,17,160,212,216,12,224,179,166,17,160,212,
    216,12,224,179,166,17,160,150,251,10,18,65,18,65,18,65,
    18,65,18,65,18,65,18,65,18,65,18,65,18,65,18,65,
    18,65,18,65,18,65,18,65,18,65,18,65,18,65,18,65,
    18,65,18,65,18,65,18,65,18,65,18,65,18,65,18,65,
    18,65,18,65,19,65,18,65,18,65,18,65,18,65,18,65,
    18,65,3,0,39,0,243,3,0,0,72,223,255,255,28,0,
    0,0,224,227,255,255,177,3,1,0,208,213,255,255,250,3,
    0,0,161,0,0,0,143,225,172,149,13,208,136,167,150,4,
    128,219,239,14,160,206,159,15,224,255,233,14,160,232,209,245,
    3,128,176,154,11,128,158,239,18,224,221,251,9,160,240,141,
    20,224,163,134,10,160,240,141,20,224,227,180,7,160,178,158,
    196,2,224,249,234,6,160,152,216,27,224,233,237,4,160,182,
    152,20,224,227,180,7,160,182,152,20,224,151,241,9,160,182,
    152,20,224,221,251,9,160,194,240,147,4,224,165,250,10,160,
    248,186,18,224,231,156,9,160,230,236,20,224,253,210,8,160,
    160,226,20,224,253,210,8,160,138,172,21,224,209,230,9,160,
    254,143,162,2,224,249,141,12,160,248,186,18,224,177,73,160,
    192,255,29,224,187,176,10,18,65,18,65,18,65,18,65,18,
    65,18,65,18,65,18,65,18,65,18,65,18,65,18,65,18,
    65,18,65,18,65,18,65,18,65,18,65,18,65,18,6,0,
    53,0,154,5,0,0,228,157,255,255,28,0,0,0,160,171,
    255,255,254,1,1,0,144,157,255,255,2,2,0,0,160,171,
    255,255,6,2,1,0,160,171,255,255,33,2,1,0,160,171,
    255,255,81,0,0,0,215,0,0,0,199,179,147,144,15,232,
    241,216,251,2,224,223,146,16,224,161,210,218,2,224,227,215,
    12,160,164,167,17,224,227,215,12,160,164,167,17,224,227,215,
    12,160,142,241,17,224,249,141,12,160,142,241,17,224,227,215,
    12,160,246,199,75,224,139,255,14,160,252,255,14,224,161,181,
    14,160,230,201,15,224,139,255,14,160,230,201,15,224,139,255,
    14,160,252,255,14,224,139,255,14,224,248,242,9,192,159,215,
    105,160,142,233,3,160,208,147,16,224,139,255,14,160,208,147,
    16,224,227,215,12,160,164,167,17,224,227,215,12,160,164,167,
    17,224,227,215,12,160,142,241,17,224,249,141,12,160,142,241,
    17,224,227,215,12,160,164,167,17,224,227,215,12,160,164,167,
    17,224,227,215,12,160,164,167,17,224,227,215,12,160,164,167,
    17,224,227,215,12,160,142,241,17,224,227,215,12,160,164,167,
    17,224,227,215,12,160,172,166,47,224,139,255,14,160,252,255,
    14,18,65,18,65,18,65,18,65,18,65,18,65,18,65,18,
    65,18,65,18,65,18,65,18,67,68,18,65,18,65,18,65,
    18,65,18,65,18,65,18,65,18,65,18,65,18,65,18,65,
    18,65,18,65,18,21,4,0,72,0,54,0,0,0,0,0,
    0,0,38,1,0,0,176,185,255,255,77,0,1,0,160,171,
    255,255,81,0,0,0,176,185,255,255,85,0,0,0,34,1,
    0,0,255,249,163,160,5,128,168,172,230,5,224,139,255,14,
    160,252,255,14,224,139,255,14,160,252,255,14,224,139,255,14,
    160,252,255,14,224,139,255,14,160,252,255,14,224,245,200,15,
    160,146,182,14,224,245,200,15,160,252,255,14,224,139,255,14,
    160,252,255,14,224,139,255,14,160,252,255,14,224,139,255,14,
    160,252,255,14,224,139,255,14,160,252,255,14,224,245,200,15,
    160,146,182,14,224,245,200,15,160,252,255,14,224,139,255,14,
    160,252,255,14,224,139,255,14,160,252,255,14,224,139,255,14,
    160,190,162,13,224,201,220,16,160,190,162,13,224,179,166,17,
    160,212,216,12,224,179,166,17,160,212,216,12,224,179,166,17,
    160,190,162,13,224,201,220,16,160,190,162,13,224,201,220,16,
    160,190,162,13,224,179,166,17,160,212,216,12,224,179,166,17,
    160,212,216,12,224,179,166,17,160,190,162,13,224,201,220,16,
    160,190,162,13,224,201,220,16,160,190,162,13,224,201,220,16,
    160,190,162,13,224,179,166,17,160,212,216,12,224,179,166,17,
    160,212,216,12,224,179,166,17,160,190,162,13,224,201,220,16,
    160,190,162,13,224,201,220,16,160,190,162,13,224,179,166,17,
    160,212,216,12,224,179,166,17,160,212,216,12,224,179,166,17,
    160,150,251,10,18,65,18,65,18,65,18,65,18,65,18,65,
    18,65,18,65,18,65,18,65,18,65,18,65,18,65,18,65,
    18,65,18,65,18,65,18,65,18,65,18,65,18,65,18,65,
    18,65,18,65,18,65,18,65,18,65,18,65,18,65,19,65,
    18,65,18,65,18,65,18,65,18,65,19,65,4,0,30,0,
    243,3,0,0,184,204,255,255,28,0,0,0,208,213,255,255,
    250,3,1,0,192,199,255,255,254,3,0,0,208,213,255,255,
    250,3,0,0,126,0,0,0,239,150,172,149,13,208,246,166,
    150,4,128,219,239,14,160,206,159,15,224,255,233,14,160,232,
    209,245,3,128,176,154,11,128,158,239,18,224,221,251,9,160,
    240,141,20,224,163,134,10,160,240,141,20,224,227,180,7,160,
    178,158,196,2,224,249,234,6,160,152,216,27,224,233,237,4,
    160,182,152,20,224,227,180,7,160,182,152,20,224,151,241,9,
    160,182,152,20,224,221,251,9,160,194,240,147,4,224,165,250,
    10,160,248,186,18,224,231,156,9,160,230,236,20,224,253,210,
    8,160,234,164,229,4,18,65,18,65,18,65,18,65,18,65,
    18,65,18,65,18,65,18,65,18,65,18,65,18,65,18,65,
    18,65,18,19,6,0,130,0,47,6,0,0,187,189,255,255,
    28,0,0,0,187,189,255,255,245,2,0,0,176,185,255,255,
    116,4,0,0,192,199,255,255,254,3,0,0,192,199,255,255,
    254,3,1,0,208,213,255,255,250,3,1,0,14,2,0,0,
    245,136,199,231,18,128,166,201,218,4,150,248,228,194,1,234,
    245,255,65,246,187,156,24,138,152,240,245,1,246,149,198,17,
    160,142,206,12,224,191,187,17,160,142,206,12,224,191,187,17,
    160,142,206,12,224,191,187,17,160,142,206,12,224,133,198,17,
    160,142,206,12,224,183,170,165,2,160,230,131,5,224,159,253,
    118,224,149,218,3,160,130,220,17,128,242,153,4,128,168,213,
    133,5,224,249,141,12,160,204,206,19,224,187,176,10,160,208,
    147,16,224,227,215,12,160,164,167,17,224,227,215,12,160,142,
    241,17,224,249,141,12,160,186,221,16,224,205,161,13,160,142,
    241,17,224,249,141,12,160,142,241,17,224,227,215,12,160,164,
    167,17,224,227,215,12,160,164,167,17,224,227,215,12,160,142,
    241,17,224,249,141,12,160,142,241,17,224,249,141,12,160,142,
    241,17,224,227,215,12,160,164,167,17,224,227,215,12,160,164,
    167,17,224,227,215,12,160,164,167,17,224,227,215,12,160,142,
    241,17,224,249,141,12,160,142,241,17,224,249,141,12,160,142,
    241,17,224,139,255,14,160,252,255,14,224,227,215,12,160,164,
    167,17,224,227,215,12,160,142,241,17,224,249,141,12,160,230,
    201,15,224,161,181,14,160,142,241,17,224,227,215,12,160,164,
    167,17,224,227,215,12,160,164,167,17,224,227,215,12,160,164,
    167,17,224,227,215,12,160,142,241,17,224,249,141,12,160,142,
    241,17,224,183,235,13,160,208,147,16,224,227,215,12,160,208,
    147,16,224,245,200,15,160,230,201,15,224,227,215,12,160,142,
    241,17,224,249,141,12,160,142,241,17,224,249,141,12,160,142,
    241,17,224,249,141,12,160,142,241,17,224,227,215,12,160,164,
    167,17,224,227,215,12,160,164,167,17,224,227,215,12,160,142,
    241,17,224,249,141,12,160,142,241,17,224,183,235,13,160,208,
    147,16,224,227,215,12,160,164,167,17,224,161,181,14,160,230,
    201,15,224,179,166,17,160,238,211,8,224,175,225,20,160,172,
    177,10,224,219,205,19,160,150,251,10,224,241,131,19,160,150,
    251,10,224,183,224,50,160,154,192,7,224,237,190,22,160,154,
    192,7,224,237,190,22,160,154,192,7,224,219,205,19,160,212,
    216,12,224,179,166,17,160,212,216,12,224,179,166,17,160,212,
    216,12,224,179,166,17,160,190,162,13,224,201,220,16,17,18,
    17,19,17,68,18,68,18,68,18,68,18,68,18,19,18,19,
    69,68,18,19,69,19,69,19,69,19,69,19,69,19,69,19,
    69,19,69,19,69,19,69,19,69,19,69,19,69,19,69,19,
    69,19,69,19,69,19,69,19,69,19,69,19,69,19,69,19,
    69,19,69,19,69,19,69,19,69,19,69,19,69,19,69,19,
    69,19,69,19,69,19,69,19,69,19,69,19,69,19,69,19,
    69,19,69,19,69,19,69,19,69,19,69,19,69,19,69,19,
    69,19,69,19,69,19,69,19,69,19,69,19,69,19,69,19,
    6,0,17,0,149,5,0,0,120,190,255,255,28,0,0,0,
    96,190,255,255,79,6,0,0,192,199,255,255,202,0,1,0,
    176,185,255,255,85,0,0,0,184,192,255,255,171,5,1,0,
    192,199,255,255,212,3,0,0,72,0,0,0,239,139,199,231,
    18,176,149,193,149,10,224,165,200,242,7,224,221,251,9,160,
    186,129,80,240,167,220,9,144,224,162,20,240,173,149,7,144,
    196,179,23,240,207,224,6,144,184,158,23,240,219,245,6,144,
    172,137,23,240,161,128,7,144,230,254,22,160,154,217,142,6,
    128,146,241,2,17,19,66,19,52,19,52,19,52,19,52,19,
    52,19,21,19,21,5,0,90,0,199,5,0,0,104,235,255,
    255,28,0,0,0,224,227,255,255,177,3,0,0,240,241,255,
    255,173,3,1,0,240,241,255,255,173,3,0,0,0,0,0,
    0,181,3,1,0,106,1,0,0,207,207,253,199,12,208,136,
    233,252,14,128,218,181,14,192,211,254,14,224,139,255,14,128,
    196,255,14,128,196,255,14,128,196,255,14,128,196,255,14,128,
    196,255,14,128,174,201,15,128,196,255,14,128,196,255,14,128,
    196,255,14,128,196,255,14,128,196,255,14,128,196,255,14,128,
    196,255,14,128,196,255,14,128,196,255,14,128,196,255,14,128,
    196,255,14,128,174,201,15,128,196,255,14,128,196,255,14,128,
    196,255,14,128,196,255,14,128,196,255,14,128,196,255,14,128,
    196,255,14,128,196,255,14,128,196,255,14,128,196,255,14,128,
    174,201,15,128,236,166,17,128,156,216,12,128,236,166,17,128,
    156,216,12,128,236,166,17,128,156,216,12,128,214,240,17,128,
    178,142,12,128,214,240,17,128,178,142,12,128,214,240,17,128,
    156,216,12,128,236,166,17,128,156,216,12,128,236,166,17,128,
    156,216,12,128,214,240,17,128,178,142,12,128,214,240,17,128,
    178,142,12,128,214,240,17,128,178,142,12,128,214,240,17,128,
    156,216,12,128,236,166,17,128,156,216,12,128,236,166,17,128,
    156,216,12,128,214,240,17,128,178,142,12,128,214,240,17,128,
    178,142,12,128,214,240,17,128,156,216,12,128,236,166,17,128,
    156,216,12,128,236,166,17,128,156,216,12,128,236,166,17,128,
    156,216,12,128,214,240,17,128,178,142,12,128,214,240,17,128,
    178,142,12,128,214,240,17,128,156,216,12,128,236,166,17,128,
    156,216,12,128,236,166,17,128,156,216,12,128,214,240,17,128,
    178,142,12,128,214,240,17,128,178,142,12,128,214,240,17,128,
    156,216,12,17,66,17,68,19,68,19,68,19,68,19,68,19,
    68,19,68,19,68,19,68,19,68,19,68,19,68,19,68,19,
    68,19,68,19,68,19,68,19,68,19,68,19,68,19,68,19,
    68,19,68,19,68,19,68,19,68,19,68,19,68,19,68,19,
    68,19,68,19,68,19,68,19,68,19,68,19,68,19,68,19,
    68,19,68,19,68,19,68,19,68,19,68,19,66,9,0,83,
    0,2,4,0,0,167,210,0,0,28,0,0,0,39,129,255,
    255,28,0,0,0,128,143,255,255,176,2,0,0,144,157,255,
    255,180,2,1,0,144,157,255,255,184,2,1,0,144,157,255,
    255,172,2,1,0,112,129,255,255,45,4,0,0,128,143,255,
    255,49,4,1,0,112,129,255,255,54,4,0,0,80,1,0,
    0,221,136,232,131,24,144,215,161,220,7,142,156,143,224,9,
    160,231,214,105,192,198,233,3,160,132,185,197,5,224,139,255,
    14,160,252,255,14,224,139,255,14,160,252,255,14,224,245,200,
    15,160,252,255,14,224,139,255,14,160,252,255,14,224,139,255,
    14,160,220,226,5,224,171,156,24,160,194,231,9,224,197,151,
    20,160,252,255,14,224,245,200,15,160,146,182,14,224,245,200,
    15,160,252,255,14,224,139,255,14,160,252,255,14,224,139,255,
    14,160,252,255,14,224,139,255,14,160,252,255,14,224,139,255,
    14,160,252,255,14,224,245,200,15,160,146,182,14,224,245,200,
    15,128,250,198,2,192,186,185,12,224,139,255,14,160,252,255,
    14,224,139,255,14,160,252,255,14,224,139,255,14,160,190,162,
    13,224,201,220,16,160,190,162,13,224,179,166,17,160,212,216,
    12,224,179,166,17,160,212,216,12,224,179,166,17,160,190,162,
    13,224,201,220,16,160,190,162,13,224,201,220,16,160,190,162,
    13,224,179,166,17,160,212,216,12,224,179,166,17,160,212,216,
    12,224,179,166,17,160,190,162,13,224,201,220,16,160,190,162,
    13,224,201,220,16,160,190,162,13,224,201,220,16,160,190,162,
    13,224,179,166,17,160,212,216,12,224,179,166,17,160,212,216,
    12,224,179,166,17,160,190,162,13,224,201,220,16,160,190,162,
    13,224,201,220,16,160,190,162,13,224,179,166,17,160,212,216,
    12,224,179,166,17,160,212,216,12,224,179,166,17,160,150,251,
    10,17,18,67,68,18,69,18,69,18,69,18,69,18,69,18,
    69,18,69,18,69,18,69,18,69,18,69,18,69,18,69,18,
    69,18,69,22,24,71,24,71,24,71,24,71,24,71,24,71,
    24,71,24,71,24,71,24,71,24,71,24,71,24,71,24,71,
    24,71,24,71,24,71,24,71,24,71,24,71,24,71,24,71,
    24,71,24,71,8,0,187,0,84,6,0,0,148,206,255,255,
    28,0,0,0,164,220,255,255,231,5,1,0,148,206,255,255,
    83,4,0,0,216,220,255,255,231,5,1,0,200,206,255,255,
    83,4,0,0,216,220,255,255,91,4,1,0,216,220,255,255,
    87,4,1,0,232,234,255,255,110,6,1,0,238,2,0,0,
    167,172,150,156,20,192,180,145,233,7,224,147,172,13,160,222,
    156,17,224,223,146,16,192,201,221,15,224,217,147,8,160,232,
    224,21,224,139,255,14,160,252,255,14,224,139,255,14,160,230,
    201,15,224,161,181,14,160,230,201,15,224,161,181,14,160,230,
    201,15,224,161,181,14,160,230,201,15,224,161,181,14,160,230,
    201,15,224,139,255,14,160,252,255,14,224,139,255,14,160,230,
    201,15,224,161,181,14,160,230,201,15,224,161,181,14,160,230,
    201,15,224,161,181,14,160,230,201,15,224,161,181,14,160,230,
    201,15,224,139,255,14,160,230,201,15,224,161,181,14,160,230,
    201,15,224,161,181,14,192,128,196,12,248,228,133,3,224,161,
    181,14,192,136,148,16,224,249,141,12,160,142,241,17,224,249,
    141,12,160,142,241,17,224,249,141,12,160,248,186,18,224,143,
    196,11,160,248,186,18,224,249,141,12,160,142,241,17,224,249,
    141,12,160,142,241,17,240,242,153,98,176,201,231,3,160,248,
    186,18,224,249,141,12,160,142,241,17,224,249,141,12,160,142,
    241,17,224,249,141,12,160,142,241,17,224,249,141,12,160,248,
    186,18,224,249,141,12,160,186,221,16,224,227,215,12,160,164,
    167,17,224,227,215,12,160,164,167,17,224,227,215,12,160,164,
    167,17,224,227,215,12,160,164,167,17,224,227,215,12,160,142,
    241,17,224,227,215,12,160,164,167,17,224,227,215,12,160,164,
    167,17,224,227,215,12,160,164,167,17,224,227,215,12,160,164,
    167,17,224,245,200,15,160,252,255,14,224,139,255,14,160,252,
    255,14,224,139,255,14,160,252,255,14,224,139,255,14,160,252,
    255,14,224,139,255,14,160,252,255,14,224,245,200,15,160,146,
    182,14,224,245,200,15,160,252,255,14,224,139,255,14,160,252,
    255,14,224,139,255,14,160,252,255,14,224,139,255,14,160,252,
    255,14,224,139,255,14,160,252,255,14,224,245,200,15,160,252,
    255,14,224,139,255,14,160,252,255,14,224,139,255,14,160,252,
    255,14,224,139,255,14,160,252,255,14,224,139,255,14,160,252,
    255,14,224,245,200,15,160,146,182,14,224,245,200,15,160,252,
    255,14,224,139,255,14,160,252,255,14,224,139,255,14,160,252,
    255,14,224,139,255,14,160,252,255,14,224,139,255,14,160,252,
    255,14,224,245,200,15,160,146,182,14,224,245,200,15,160,252,
    255,14,224,139,255,14,160,252,255,14,224,139,255,14,160,252,
    255,14,224,139,255,14,216,206,161,13,224,201,220,16,160,190,
    162,13,192,251,165,17,192,140,217,12,224,179,166,17,160,212,
    216,12,224,179,166,17,160,190,162,13,224,201,220,16,160,190,
    162,13,224,201,220,16,160,190,162,13,224,179,166,17,160,212,
    216,12,224,179,166,17,160,212,216,12,224,179,166,17,160,190,
    162,13,224,201,220,16,160,190,162,13,224,201,220,16,160,190,
    162,13,224,201,220,16,160,190,162,13,224,179,166,17,160,212,
    216,12,224,179,166,17,160,212,216,12,224,179,166,17,160,190,
    162,13,224,201,220,16,160,190,162,13,224,201,220,16,160,190,
    162,13,224,179,166,17,160,212,216,12,224,179,166,17,160,212,
    216,12,224,179,166,17,160,150,251,10,224,219,205,19,160,172,
    177,10,224,219,205,19,160,172,177,10,224,219,205,19,160,150,
    251,10,224,219,205,19,160,172,177,10,232,252,152,19,18,65,
    18,65,18,65,18,65,18,65,18,65,18,65,18,65,18,65,
    18,65,18,65,18,65,18,65,18,65,18,65,18,65,18,65,
    18,65,18,20,67,20,67,20,67,20,67,20,67,20,67,20,
    67,20,70,69,20,67,20,67,20,67,20,67,20,67,20,67,
    20,67,20,67,20,67,20,67,20,67,20,67,20,67,20,67,
    20,67,20,67,20,67,20,67,20,67,20,67,20,67,20,67,
    20,67,20,67,20,67,20,67,20,67,20,67,20,67,20,67,
    20,67,20,67,20,67,20,67,20,67,20,67,20,67,20,67,
    20,67,20,67,20,67,20,67,20,103,20,67,20,67,20,67,
    20,67,20,67,20,67,20,67,20,67,20,67,20,67,20,67,
    20,67,20,67,20,67,20,67,20,67,20,67,20,67,20,67,
    20,67,20,67,20,67,20,67,67,6,0,23,0,154,5,0,
    0,232,154,255,255,28,0,0,0,160,171,255,255,254,1,1,
    0,144,157,255,255,2,2,0,0,160,171,255,255,6,2,1,
    0,160,171,255,255,33,2,1,0,160,171,255,255,81,0,0,
    0,97,0,0,0,207,167,147,144,15,240,229,216,251,2,224,
    223,146,16,160,148,240,188,5,192,159,215,105,160,142,233,3,
    160,164,167,17,224,183,235,13,160,208,147,16,224,227,215,12,
    160,164,167,17,224,227,215,12,160,164,167,17,224,227,215,12,
    160,176,180,228,1,224,139,255,14,160,132,255,44,224,139,255,
    14,160,252,255,14,224,227,215,12,160,142,241,17,224,249,141,
    12,160,178,251,190,2,18,65,18,67,68,18,65,18,65,18,
    65,18,65,18,65,18,65,18,65,18,65,18,21,3,0,7,
    0,154,5,0,0,60,174,255,255,28,0,0,0,176,185,255,
    255,77,0,1,0,160,171,255,255,81,0,0,0,31,0,0,
    0,247,210,157,187,11,184,198,244,196,15,224,249,141,12,160,
    142,241,17,224,249,141,12,160,190,136,146,4,224,239,201,7,
    18,65,18,65,18,65,18,3,0,34,0,185,3,0,0,132,
    191,255,255,28,0,0,0,208,213,255,255,208,3,1,0,192,
    199,255,255,212,3,0,0,138,0,0,0,135,160,252,199,12,
    200,139,168,199,17,224,139,255,14,160,252,255,14,224,139,255,
    14,160,230,201,15,224,179,166,17,160,212,216,12,224,179,166,
    17,160,212,216,12,224,179,166,17,160,190,162,13,224,201,220,
    16,160,190,162,13,224,201,220,16,160,190,162,13,224,201,220,
    16,160,190,162,13,224,179,166,17,160,212,216,12,224,179,166,
    17,160,212,216,12,224,179,166,17,160,190,162,13,224,201,220,
    16,160,190,162,13,224,201,220,16,160,190,162,13,224,179,166,
    17,160,212,216,12,224,179,166,17,160,212,216,12,224,179,166,
    17,160,150,251,10,18,65,18,65,18,65,18,65,18,65,18,
    65,18,65,18,65,18,65,18,65,18,65,18,65,18,65,18,
    65,18,65,18,65,18,65,6,0,168,0,249,1,0,0,148,
    140,255,255,28,0,0,0,144,157,255,255,172,2,1,0,128,
    143,255,255,176,2,0,0,144,157,255,255,180,2,1,0,144,
    157,255,255,184,2,1,0,144,157,255,255,2,2,0,0,163,
    2,0,0,167,164,148,156,20,232,154,218,135,8,224,223,146,
    16,160,148,240,188,5,160,231,214,105,192,198,233,3,160,164,
    167,17,224,227,215,12,160,164,167,17,224,227,215,12,160,164,
    167,17,224,227,215,12,160,164,167,17,224,227,215,12,160,142,
    241,17,224,249,141,12,160,142,241,17,224,227,215,12,160,164,
    167,17,224,227,215,12,160,164,167,17,224,227,215,12,160,164,
    167,17,224,227,215,12,160,164,167,17,224,227,215,12,160,142,
    241,17,224,227,215,12,160,164,167,17,224,227,215,12,160,164,
    167,17,224,227,215,12,160,164,167,17,224,227,215,12,160,164,
    167,17,224,227,215,12,160,142,241,17,224,249,141,12,160,142,
    241,17,224,139,255,14,160,252,255,14,224,139,255,14,160,252,
    255,14,224,139,255,14,160,252,255,14,224,245,200,15,160,146,
    182,14,224,245,200,15,160,252,255,14,224,139,255,14,160,252,
    255,14,224,139,255,14,160,252,255,14,224,139,255,14,160,252,
    255,14,224,139,255,14,160,252,255,14,224,245,200,15,160,252,
    255,14,224,139,255,14,160,252,255,14,224,139,255,14,160,252,
    255,14,224,139,255,14,160,252,255,14,224,139,255,14,160,252,
    255,14,224,245,200,15,160,146,182,14,224,245,200,15,160,252,
    255,14,224,139,255,14,160,252,255,14,224,139,255,14,160,252,
    255,14,224,139,255,14,160,252,255,14,224,139,255,14,160,252,
    255,14,224,245,200,15,160,146,182,14,224,245,200,15,160,252,
    255,14,224,139,255,14,160,252,255,14,224,139,255,14,160,252,
    255,14,224,139,255,14,160,190,162,13,224,201,220,16,160,190,
    162,13,224,179,166,17,160,212,216,12,224,179,166,17,160,212,
    216,12,224,179,166,17,160,190,162,13,224,201,220,16,160,190,
    162,13,224,201,220,16,160,190,162,13,224,179,166,17,160,212,
    216,12,224,179,166,17,160,212,216,12,224,179,166,17,160,190,
    162,13,224,201,220,16,160,190,162,13,224,201,220,16,160,190,
    162,13,224,201,220,16,160,190,162,13,224,179,166,17,160,212,
    216,12,224,179,166,17,160,212,216,12,224,179,166,17,160,190,
    162,13,224,201,220,16,160,190,162,13,224,201,220,16,160,190,
    162,13,224,179,166,17,160,212,216,12,224,179,166,17,160,212,
    216,12,224,179,166,17,160,150,251,10,224,219,205,19,160,172,
    177,10,224,219,205,19,160,172,177,10,224,219,205,19,160,150,
    251,10,224,219,205,19,160,172,177,10,224,219,205,19,160,172,
    177,10,224,219,205,19,160,172,177,10,224,219,205,19,160,172,
    177,10,224,219,205,19,160,172,177,10,224,219,205,19,160,150,
    251,10,224,219,205,19,160,172,177,10,224,219,205,19,160,172,
    177,10,224,219,205,19,160,172,177,10,224,219,205,19,160,172,
    177,10,224,219,205,19,160,150,251,10,224,219,205,19,160,172,
    177,10,224,219,205,19,160,172,177,10,224,219,205,19,160,172,
    177,10,224,219,205,19,160,172,177,10,224,219,205,19,160,172,
    177,10,224,219,205,19,18,65,18,67,68,18,65,18,65,18,
    65,18,65,18,65,18,65,18,65,18,65,18,65,18,65,18,
    65,18,65,18,65,18,65,18,65,18,65,18,65,18,65,18,
    65,18,65,18,65,18,65,18,65,18,65,18,65,18,65,18,
    65,18,65,18,65,18,65,18,65,18,65,18,65,18,65,18,
    65,18,65,18,65,18,65,18,65,18,65,18,65,18,65,18,
    65,18,65,18,65,18,65,18,65,18,65,18,65,18,65,18,
    65,18,65,18,65,18,65,18,65,18,65,18,65,18,65,18,
    65,18,65,18,65,18,65,18,65,18,65,18,65,18,65,18,
    65,18,65,18,65,18,65,18,65,18,65,18,65,18,65,18,
    65,18,65,18,65,18,65,18,65,18,65,18,65,21,9,0,
    93,0,249,1,0,0,100,129,255,255,28,0,0,0,128,143,
    255,255,182,5,1,0,112,129,255,255,45,4,0,0,128,143,
    255,255,186,5,1,0,128,143,255,255,190,5,1,0,144,157,
    255,255,194,5,1,0,128,143,255,255,176,2,0,0,144,157,
    255,255,172,2,1,0,144,157,255,255,2,2,0,0,121,1,
    0,0,199,213,203,167,16,168,132,146,147,4,224,223,146,16,
    160,164,167,17,160,151,150,13,224,216,178,158,5,128,175,214,
    105,224,254,233,3,224,137,242,204,4,128,174,201,15,128,138,
    231,9,160,182,159,170,3,224,139,255,14,160,252,255,14,224,
    139,255,14,160,252,255,14,224,245,200,15,160,146,182,14,224,
    245,200,15,160,252,255,14,224,139,255,14,160,252,255,14,224,
    139,255,14,160,252,255,14,224,139,255,14,160,190,162,13,224,
    201,220,16,160,190,162,13,224,179,166,17,160,212,216,12,224,
    179,166,17,160,212,216,12,224,179,166,17,160,190,162,13,224,
    201,220,16,160,190,162,13,224,201,220,16,160,190,162,13,224,
    179,166,17,160,212,216,12,224,179,166,17,160,212,216,12,224,
    179,166,17,160,190,162,13,224,201,220,16,160,190,162,13,224,
    201,220,16,160,190,162,13,224,201,220,16,160,190,162,13,224,
    179,166,17,160,212,216,12,224,179,166,17,160,212,216,12,224,
    179,166,17,160,190,162,13,224,201,220,16,160,190,162,13,224,
    201,220,16,160,190,162,13,224,179,166,17,160,212,216,12,224,
    179,166,17,160,212,216,12,224,179,166,17,160,150,251,10,224,
    219,205,19,160,172,177,10,224,219,205,19,160,172,177,10,224,
    219,205,19,160,150,251,10,224,219,205,19,160,172,177,10,224,
    219,205,19,160,172,177,10,224,219,205,19,160,172,177,10,224,
    219,205,19,160,172,177,10,224,219,205,19,160,172,177,10,224,
    219,205,19,160,150,251,10,224,219,205,19,160,172,177,10,224,
    219,205,19,160,172,177,10,224,219,205,19,160,172,177,10,224,
    219,205,19,160,172,177,10,160,235,204,19,18,65,18,65,18,
    67,68,18,101,18,22,71,22,71,22,71,22,71,22,71,22,
    71,22,71,22,71,22,71,22,71,22,71,22,71,22,71,22,
    71,22,71,22,71,22,71,22,71,22,71,22,71,22,71,22,
    71,22,71,22,71,22,71,22,71,22,71,22,71,22,71,22,
    71,22,71,22,71,22,71,22,71,22,71,22,71,22,71,22,
    71,22,71,22,71,22,71,24,8,0,83,0,2,4,0,0,
    129,206,0,0,28,0,0,0,1,125,255,255,28,0,0,0,
    112,129,255,255,45,4,0,0,128,143,255,255,186,5,1,0,
    128,143,255,255,190,5,1,0,128,143,255,255,182,5,1,0,
    128,143,255,255,49,4,1,0,112,129,255,255,54,4,0,0,
    80,1,0,0,221,136,232,131,24,220,231,161,220,7,226,195,
    143,224,9,128,175,214,105,224,254,233,3,160,132,185,197,5,
    224,139,255,14,160,252,255,14,224,139,255,14,160,252,255,14,
    224,245,200,15,160,252,255,14,224,139,255,14,160,252,255,14,
    224,139,255,14,160,220,226,5,224,171,156,24,160,194,231,9,
    224,197,151,20,160,252,255,14,224,245,200,15,160,146,182,14,
    224,245,200,15,160,252,255,14,224,139,255,14,160,252,255,14,
    224,139,255,14,160,252,255,14,224,139,255,14,160,252,255,14,
    224,139,255,14,160,252,255,14,224,245,200,15,160,146,182,14,
    224,245,200,15,224,193,198,2,192,186,185,12,224,139,255,14,
    160,252,255,14,224,139,255,14,160,252,255,14,224,139,255,14,
    160,190,162,13,224,201,220,16,160,190,162,13,224,179,166,17,
    160,212,216,12,224,179,166,17,160,212,216,12,224,179,166,17,
    160,190,162,13,224,201,220,16,160,190,162,13,224,201,220,16,
    160,190,162,13,224,179,166,17,160,212,216,12,224,179,166,17,
    160,212,216,12,224,179,166,17,160,190,162,13,224,201,220,16,
    160,190,162,13,224,201,220,16,160,190,162,13,224,201,220,16,
    160,190,162,13,224,179,166,17,160,212,216,12,224,179,166,17,
    160,212,216,12,224,179,166,17,160,190,162,13,224,201,220,16,
    160,190,162,13,224,201,220,16,160,190,162,13,224,179,166,17,
    160,212,216,12,224,179,166,17,160,212,216,12,224,179,166,17,
    160,150,251,10,17,18,67,68,18,69,18,69,18,69,18,69,
    18,69,18,69,18,69,18,69,18,69,18,69,18,69,18,69,
    18,69,18,69,18,69,18,23,70,23,70,23,70,23,70,23,
    70,23,70,23,70,23,70,23,70,23,70,23,70,23,70,23,
    70,23,70,23,70,23,70,23,70,23,70,23,70,23,70,23,
    70,23,70,23,70,23,70,7,0,42,0,179,0,0,0,13,
    175,255,255,28,0,0,0,176,185,255,255,77,0,1,0,160,
    171,255,255,81,0,0,0,176,185,255,255,89,0,1,0,176,
    185,255,255,93,0,1,0,176,185,255,255,85,0,0,0,192,
    199,255,255,202,0,1,0,174,0,0,0,191,133,224,159,20,
    192,183,145,138,8,224,179,166,17,160,212,216,12,224,179,166,
    17,160,140,241,158,5,224,215,215,105,128,214,232,3,160,182,
    236,167,1,224,227,215,12,160,180,165,77,224,227,215,12,160,
    164,167,17,224,227,215,12,160,142,241,17,224,227,215,12,160,
    164,167,17,224,227,215,12,160,164,167,17,224,227,215,12,160,
    164,167,17,224,227,215,12,160,164,167,17,224,227,215,12,160,
    142,241,17,224,241,193,240,1,224,139,255,14,160,252,255,14,
    224,139,255,14,160,252,255,14,224,245,200,15,160,252,255,14,
    224,139,255,14,160,252,255,14,224,139,255,14,160,220,226,5,
    128,228,156,24,128,138,231,9,224,197,151,20,160,192,247,147,
    7,224,179,166,17,160,150,251,10,18,65,18,65,18,67,68,
    18,65,18,65,18,65,18,65,18,65,18,65,18,65,18,65,
    18,21,70,21,70,21,70,21,70,21,70,21,65,21,70,21,
    70,21,70,6,0,56,0,179,0,0,0,45,174,255,255,28,
    0,0,0,176,185,255,255,77,0,1,0,160,171,255,255,81,
    0,0,0,176,185,255,255,89,0,1,0,176,185,255,255,93,
    0,1,0,176,185,255,255,85,0,0,0,229,0,0,0,191,
    133,224,159,20,192,183,145,138,8,224,179,166,17,160,212,216,
    12,224,179,166,17,160,140,241,158,5,224,215,215,105,128,214,
    232,3,224,207,177,160,2,160,234,142,12,160,142,241,17,224,
    227,215,12,160,164,167,17,224,227,215,12,160,164,167,17,224,
    227,215,12,160,164,167,17,224,227,215,12,160,164,167,17,224,
    227,215,12,160,142,241,17,224,139,255,14,160,252,255,14,224,
    139,255,14,160,252,255,14,224,139,255,14,160,252,255,14,224,
    139,255,14,160,252,255,14,224,253,199,45,160,252,255,14,224,
    139,255,14,160,252,255,14,224,139,255,14,160,252,255,14,224,
    139,255,14,160,252,255,14,224,139,255,14,160,252,255,14,224,
    245,200,15,160,252,255,14,224,139,255,14,160,252,255,14,224,
    139,255,14,160,220,226,5,224,171,156,24,160,194,231,9,224,
    197,151,20,160,252,255,14,224,245,200,15,160,146,182,14,224,
    245,200,15,128,142,175,215,6,128,236,166,17,160,150,251,10,
    224,219,205,19,18,65,18,65,18,67,68,18,65,18,65,18,
    65,18,65,18,65,18,65,18,65,18,65,18,65,18,65,18,
    21,18,65,18,65,18,65,18,65,18,65,18,65,18,65,18,
    65,18,65,18,65,18,65,21,65,18,65,21,7,0,37,0,
    54,0,0,0,169,174,255,255,28,0,0,0,176,185,255,255,
    77,0,1,0,160,171,255,255,81,0,0,0,176,185,255,255,
    89,0,1,0,176,185,255,255,93,0,1,0,176,185,255,255,
    85,0,0,0,192,199,255,255,202,0,1,0,153,0,0,0,
    191,133,224,159,20,192,183,145,138,8,224,179,166,17,160,212,
    216,12,224,179,166,17,160,140,241,158,5,224,215,215,105,128,
    214,232,3,224,207,177,160,2,160,234,142,12,160,142,241,17,
    224,227,215,12,160,164,167,17,224,227,215,12,160,164,167,17,
    224,227,215,12,160,164,167,17,224,227,215,12,160,164,167,17,
    224,227,215,12,160,142,241,17,224,139,255,14,160,252,255,14,
    224,139,255,14,160,252,255,14,224,139,255,14,160,252,255,14,
    224,141,198,105,160,252,255,14,224,139,255,14,160,252,255,14,
    192,211,254,14,160,252,255,14,224,139,255,14,160,210,188,170,
    8,128,236,166,17,160,150,251,10,18,65,18,65,18,67,68,
    18,65,18,65,18,65,18,65,18,65,18,65,18,65,18,65,
    18,65,18,21,18,65,18,70,21,70,21,65,18,65,7,0,
    20,0,179,0,0,0,64,176,255,255,28,0,0,0,176,185,
    255,255,77,0,1,0,160,171,255,255,81,0,0,0,176,185,
    255,255,89,0,1,0,176,185,255,255,93,0,1,0,176,185,
    255,255,85,0,0,0,192,199,255,255,202,0,1,0,86,0,
    0,0,191,133,224,159,20,192,183,145,138,8,224,179,166,17,
    160,212,216,12,224,179,166,17,160,140,241,158,5,224,215,215,
    105,128,214,232,3,160,206,233,129,2,224,253,206,195,3,224,
    139,255,14,160,252,255,14,224,139,255,14,160,252,255,14,224,
    245,200,15,160,252,255,14,224,139,255,14,160,216,244,237,7,
    224,179,166,17,160,150,251,10,18,65,18,65,18,67,68,18,
    21,70,21,70,21,70,21,70,21,70,21,70,7,0,41,0,
    179,0,0,0,241,173,255,255,28,0,0,0,176,185,255,255,
    77,0,1,0,160,171,255,255,81,0,0,0,176,185,255,255,
    89,0,1,0,176,185,255,255,93,0,1,0,176,185,255,255,
    85,0,0,0,192,199,255,255,202,0,1,0,170,0,0,0,
    191,133,224,159,20,192,183,145,138,8,224,179,166,17,160,212,
    216,12,224,179,166,17,160,140,241,158,5,224,215,215,105,128,
    214,232,3,160,164,167,17,224,227,215,12,160,190,235,197,1,
    224,227,215,12,160,164,167,17,224,227,215,12,224,157,240,17,
    160,234,142,12,160,142,241,17,224,227,215,12,160,164,167,17,
    224,227,215,12,160,164,167,17,224,227,215,12,160,164,167,17,
    224,227,215,12,160,164,167,17,224,245,200,15,160,252,255,14,
    224,249,141,12,160,142,241,17,224,139,255,14,160,252,255,14,
    224,139,255,14,160,252,255,14,224,217,196,150,1,224,139,255,
    14,160,252,255,14,224,139,255,14,160,210,188,170,8,128,236,
    166,17,160,150,251,10,224,219,205,19,18,65,18,65,18,67,
    68,18,65,18,65,18,65,18,65,18,65,18,65,18,65,18,
    65,18,65,18,65,18,65,18,65,18,21,70,21,70,21,65,
    18,65,21,7,0,46,0,179,0,0,0,207,174,255,255,28,
    0,0,0,176,185,255,255,77,0,1,0,160,171,255,255,81,
    0,0,0,176,185,255,255,89,0,1,0,176,185,255,255,93,
    0,1,0,176,185,255,255,85,0,0,0,192,199,255,255,202,
    0,1,0,189,0,0,0,191,133,224,159,20,192,183,145,138,
    8,224,179,166,17,160,212,216,12,224,179,166,17,160,140,241,
    158,5,224,215,215,105,128,214,232,3,160,164,167,17,224,227,
    215,12,160,164,167,17,224,227,215,12,160,164,167,17,224,227,
    215,12,160,164,167,17,224,227,215,12,160,142,241,17,224,249,
    141,12,160,142,241,17,224,227,215,12,160,164,167,17,224,227,
    215,12,160,164,167,17,224,227,215,12,160,164,167,17,224,227,
    215,12,160,164,167,17,224,245,200,15,160,252,255,14,224,139,
    255,14,160,252,255,14,224,227,215,12,160,164,167,17,224,227,
    215,12,160,164,167,17,224,227,215,12,160,164,167,17,224,227,
    215,12,160,142,241,17,224,241,193,240,1,224,139,255,14,160,
    252,255,14,224,139,255,14,160,210,188,170,8,128,236,166,17,
    160,150,251,10,18,65,18,65,18,67,68,18,65,18,65,18,
    65,18,65,18,65,18,65,18,65,18,65,18,65,18,65,18,
    65,18,65,18,65,18,65,18,65,18,21,70,21,70,21,65,
    18,70,6,0,62,0,243,3,0,0,84,193,255,255,28,0,
    0,0,208,195,255,255,175,0,0,0,192,199,255,255,254,3,
    0,0,208,213,255,255,250,3,1,0,224,227,255,255,177,3,
    1,0,208,213,255,255,250,3,0,0,255,0,0,0,167,191,
    154,214,17,136,252,174,255,5,160,140,198,190,2,224,221,251,
    9,160,150,158,16,224,131,175,11,160,182,152,20,224,151,241,
    9,160,182,152,20,224,151,241,9,160,182,152,20,224,151,241,
    9,160,182,152,20,224,221,251,9,160,182,152,20,224,151,241,
    9,160,182,152,20,224,151,241,9,160,182,152,20,224,151,241,
    9,160,182,152,20,224,221,251,9,160,148,135,10,224,181,224,
    28,160,148,135,10,224,225,251,53,160,186,151,6,224,159,194,
    71,160,188,209,17,224,141,205,255,3,160,186,151,6,224,213,
    171,6,160,144,229,18,224,189,164,11,160,144,229,18,224,189,
    164,11,160,144,229,18,224,253,245,13,160,252,255,14,224,245,
    200,15,160,252,255,14,224,139,255,14,160,252,255,14,224,217,
    184,129,1,224,147,137,8,160,152,130,183,3,224,251,222,7,
    160,248,186,18,224,143,196,11,160,226,132,19,224,153,229,10,
    192,194,195,5,224,171,214,13,224,165,250,10,160,226,132,19,
    224,143,196,11,160,190,235,197,1,128,144,195,12,128,154,230,
    127,160,234,200,1,224,247,143,106,224,213,171,6,17,18,67,
    18,67,18,67,18,67,18,67,18,67,18,67,18,67,18,67,
    18,67,18,67,18,67,18,67,18,67,18,67,18,67,18,67,
    18,67,18,67,18,67,18,21,68,21,68,21,68,21,68,18,
    21,68,21,68,21,67,21,18,21,68,21,6,0,61,0,243,
    3,0,0,28,191,255,255,28,0,0,0,208,195,255,255,175,
    0,0,0,192,199,255,255,254,3,0,0,208,213,255,255,250,
    3,1,0,224,227,255,255,177,3,1,0,208,213,255,255,250,
    3,0,0,251,0,0,0,183,182,154,214,17,152,243,174,255,
    5,160,140,198,190,2,224,221,251,9,160,150,158,16,224,131,
    175,11,160,182,152,20,224,151,241,9,160,182,152,20,224,151,
    241,9,160,182,152,20,224,151,241,9,160,182,152,20,224,221,
    251,9,160,182,152,20,224,151,241,9,160,182,152,20,224,151,
    241,9,160,182,152,20,224,151,241,9,160,182,152,20,224,221,
    251,9,160,148,135,10,224,181,224,28,160,148,135,10,224,225,
    251,53,160,186,151,6,224,159,194,71,160,188,209,17,224,141,
    205,255,3,160,186,151,6,224,213,171,6,160,144,229,18,224,
    189,164,11,160,144,229,18,224,189,164,11,160,144,229,18,224,
    253,245,13,160,252,255,14,224,245,200,15,160,252,255,14,224,
    139,255,14,160,252,255,14,224,217,184,129,1,224,147,137,8,
    160,152,130,183,3,224,251,222,7,160,248,186,18,224,143,196,
    11,160,226,132,19,224,165,250,10,160,226,132,19,224,165,250,
    10,160,226,132,19,224,143,196,11,160,190,235,197,1,128,144,
    195,12,128,154,230,127,160,234,200,1,224,247,143,106,224,213,
    171,6,17,18,67,18,67,18,67,18,67,18,67,18,67,18,
    67,18,67,18,67,18,67,18,67,18,67,18,67,18,67,18,
    67,18,67,18,67,18,67,18,67,18,67,18,21,68,21,68,
    21,68,21,68,21,68,21,68,21,67,21,18,21,68,21,6,
    0,59,0,243,3,0,0,172,194,255,255,28,0,0,0,208,
    195,255,255,175,0,0,0,192,199,255,255,254,3,0,0,208,
    213,255,255,250,3,1,0,224,227,255,255,177,3,1,0,208,
    213,255,255,250,3,0,0,244,0,0,0,215,196,154,214,17,
    184,129,175,255,5,160,140,198,190,2,224,221,251,9,160,150,
    158,16,224,131,175,11,160,182,152,20,224,151,241,9,160,182,
    152,20,224,151,241,9,160,182,152,20,224,151,241,9,160,182,
    152,20,224,221,251,9,160,182,152,20,224,151,241,9,160,182,
    152,20,224,151,241,9,160,182,152,20,224,151,241,9,160,182,
    152,20,224,221,251,9,160,148,135,10,224,181,224,28,160,148,
    135,10,224,225,251,53,160,186,151,6,224,159,194,71,160,188,
    209,17,224,141,205,255,3,160,186,151,6,224,213,171,6,160,
    144,229,18,224,189,164,11,160,144,229,18,224,189,164,11,160,
    144,229,18,224,253,245,13,160,252,255,14,224,245,200,15,160,
    252,255,14,224,139,255,14,160,252,255,14,224,217,184,129,1,
    224,147,137,8,160,152,130,183,3,224,251,222,7,160,248,186,
    18,224,143,196,11,160,226,132,19,224,165,250,10,192,154,133,
    19,192,237,249,10,160,226,132,19,224,143,196,11,160,190,235,
    197,1,128,144,195,12,128,252,190,235,1,224,213,171,6,17,
    18,67,18,67,18,67,18,67,18,67,18,67,18,67,18,67,
    18,67,18,67,18,67,18,67,18,67,18,67,18,67,18,67,
    18,67,18,67,18,67,18,67,18,21,68,21,68,21,68,21,
    68,18,68,21,68,21,67,21,68,21,6,0,62,0,243,3,
    0,0,196,191,255,255,28,0,0,0,208,195,255,255,175,0,
    0,0,192,199,255,255,254,3,0,0,208,213,255,255,250,3,
    1,0,224,227,255,255,177,3,1,0,208,213,255,255,250,3,
    0,0,255,0,0,0,135,185,154,214,17,232,245,174,255,5,
    160,140,198,190,2,224,221,251,9,160,150,158,16,224,131,175,
    11,160,182,152,20,224,151,241,9,160,182,152,20,224,151,241,
    9,160,182,152,20,224,151,241,9,160,182,152,20,224,221,251,
    9,160,182,152,20,224,151,241,9,160,182,152,20,224,151,241,
    9,160,182,152,20,224,151,241,9,160,182,152,20,224,221,251,
    9,160,148,135,10,224,181,224,28,160,148,135,10,224,225,251,
    53,160,186,151,6,224,159,194,71,160,188,209,17,224,141,205,
    255,3,160,186,151,6,224,213,171,6,160,144,229,18,224,189,
    164,11,160,144,229,18,224,189,164,11,160,144,229,18,224,253,
    245,13,160,252,255,14,224,245,200,15,160,252,255,14,224,139,
    255,14,160,252,255,14,224,217,184,129,1,224,147,137,8,160,
    152,130,183,3,224,251,222,7,160,248,186,18,224,143,196,11,
    160,226,132,19,224,153,229,10,192,194,195,5,224,171,214,13,
    224,165,250,10,160,226,132,19,224,143,196,11,160,190,235,197,
    1,128,144,195,12,128,212,219,127,160,194,196,4,224,229,158,
    103,224,213,171,6,17,18,67,18,67,18,67,18,67,18,67,
    18,67,18,67,18,67,18,67,18,67,18,67,18,67,18,67,
    18,67,18,67,18,67,18,67,18,67,18,67,18,67,18,21,
    68,21,68,21,68,21,68,18,21,68,21,68,21,67,21,18,
    21,68,21,6,0,62,0,243,3,0,0,204,193,255,255,28,
    0,0,0,208,195,255,255,175,0,0,0,192,199,255,255,254,
    3,0,0,208,213,255,255,250,3,1,0,224,227,255,255,177,
    3,1,0,208,213,255,255,250,3,0,0,255,0,0,0,151,
    193,154,214,17,248,253,174,255,5,160,140,198,190,2,224,221,
    251,9,160,150,158,16,224,131,175,11,160,182,152,20,224,151,
    241,9,160,182,152,20,224,151,241,9,160,182,152,20,224,151,
    241,9,160,182,152,20,224,221,251,9,160,182,152,20,224,151,
    241,9,160,182,152,20,224,151,241,9,160,182,152,20,224,151,
    241,9,160,182,152,20,224,221,251,9,160,148,135,10,224,181,
    224,28,160,148,135,10,224,225,251,53,160,186,151,6,224,159,
    194,71,160,188,209,17,224,141,205,255,3,160,186,151,6,224,
    213,171,6,160,144,229,18,224,189,164,11,160,144,229,18,224,
    189,164,11,160,144,229,18,224,253,245,13,160,252,255,14,224,
    245,200,15,160,252,255,14,224,139,255,14,160,252,255,14,224,
    217,184,129,1,224,147,137,8,160,152,130,183,3,224,251,222,
    7,160,248,186,18,224,203,173,12,192,186,220,17,224,189,164,
    11,160,224,202,7,224,171,253,250,1,128,144,195,12,128,212,
    219,127,160,194,196,4,224,229,158,103,224,203,231,1,160,216,
    250,3,160,142,241,17,224,249,141,12,160,142,241,17,17,18,
    67,18,67,18,67,18,67,18,67,18,67,18,67,18,67,18,
    67,18,67,18,67,18,67,18,67,18,67,18,67,18,67,18,
    67,18,67,18,67,18,67,18,21,68,21,68,21,68,18,67,
    18,21,67,21,18,21,68,67,18,67,18,21,6,0,63,0,
    243,3,0,0,220,194,255,255,28,0,0,0,208,195,255,255,
    175,0,0,0,192,199,255,255,254,3,0,0,208,213,255,255,
    250,3,1,0,224,227,255,255,177,3,1,0,208,213,255,255,
    250,3,0,0,2,1,0,0,183,197,154,214,17,152,130,175,
    255,5,160,140,198,190,2,224,221,251,9,160,150,158,16,224,
    131,175,11,160,182,152,20,224,151,241,9,160,182,152,20,224,
    151,241,9,160,182,152,20,224,151,241,9,160,182,152,20,224,
    221,251,9,160,182,152,20,224,151,241,9,160,182,152,20,224,
    151,241,9,160,182,152,20,224,151,241,9,160,182,152,20,224,
    221,251,9,160,148,135,10,224,181,224,28,160,148,135,10,224,
    225,251,53,160,186,151,6,224,159,194,71,160,188,209,17,224,
    141,205,255,3,160,186,151,6,224,213,171,6,160,144,229,18,
    224,189,164,11,160,144,229,18,224,189,164,11,160,144,229,18,
    224,253,245,13,160,252,255,14,224,245,200,15,160,252,255,14,
    224,139,255,14,160,252,255,14,224,217,184,129,1,224,147,137,
    8,160,152,130,183,3,224,251,222,7,160,248,186,18,224,143,
    196,11,160,226,132,19,224,165,250,10,192,154,133,19,192,237,
    249,10,160,226,132,19,224,143,196,11,160,190,235,197,1,128,
    144,195,12,128,154,230,127,160,128,127,224,225,217,106,224,213,
    171,6,160,142,241,17,224,249,141,12,17,18,67,18,67,18,
    67,18,67,18,67,18,67,18,67,18,67,18,67,18,67,18,
    67,18,67,18,67,18,67,18,67,18,67,18,67,18,67,18,
    67,18,67,18,21,68,21,68,21,68,21,68,18,68,21,68,
    21,67,21,18,21,68,21,68,21,6,0,61,0,243,3,0,
    0,248,191,255,255,28,0,0,0,208,195,255,255,175,0,0,
    0,192,199,255,255,254,3,0,0,208,213,255,255,250,3,1,
    0,224,227,255,255,177,3,1,0,208,213,255,255,250,3,0,
    0,251,0,0,0,239,185,154,214,17,208,246,174,255,5,160,
    140,198,190,2,224,221,251,9,160,150,158,16,224,131,175,11,
    160,182,152,20,224,151,241,9,160,182,152,20,224,151,241,9,
    160,182,152,20,224,151,241,9,160,182,152,20,224,221,251,9,
    160,182,152,20,224,151,241,9,160,182,152,20,224,151,241,9,
    160,182,152,20,224,151,241,9,160,182,152,20,224,221,251,9,
    160,148,135,10,224,181,224,28,160,148,135,10,224,225,251,53,
    160,186,151,6,224,159,194,71,160,188,209,17,224,141,205,255,
    3,160,186,151,6,224,213,171,6,160,144,229,18,224,189,164,
    11,160,144,229,18,224,189,164,11,160,144,229,18,224,253,245,
    13,160,252,255,14,224,245,200,15,160,252,255,14,224,139,255,
    14,160,252,255,14,224,217,184,129,1,224,147,137,8,160,152,
    130,183,3,224,251,222,7,160,248,186,18,224,143,196,11,160,
    226,132,19,224,165,250,10,160,226,132,19,224,165,250,10,160,
    226,132,19,224,143,196,11,160,190,235,197,1,128,144,195,12,
    128,142,209,127,160,246,221,1,224,247,143,106,224,213,171,6,
    17,18,67,18,67,18,67,18,67,18,67,18,67,18,67,18,
    67,18,67,18,67,18,67,18,67,18,67,18,67,18,67,18,
    67,18,67,18,67,18,67,18,67,18,21,68,21,68,21,68,
    21,68,21,68,21,68,21,67,21,18,21,68,21,7,0,87,
    0,179,0,0,0,116,176,255,255,28,0,0,0,176,185,255,
    255,77,0,1,0,160,171,255,255,81,0,0,0,176,185,255,
    255,89,0,1,0,176,185,255,255,93,0,1,0,192,199,255,
    255,202,0,1,0,176,185,255,255,85,0,0,0,96,1,0,
    0,191,133,224,159,20,192,183,145,138,8,224,179,166,17,160,
    212,216,12,224,179,166,17,160,140,241,158,5,224,215,215,105,
    128,214,232,3,160,252,185,167,5,224,139,255,14,160,252,255,
    14,224,139,255,14,160,252,255,14,224,139,255,14,160,252,255,
    14,224,245,200,15,160,252,255,14,224,139,255,14,160,252,255,
    14,224,139,255,14,160,220,226,5,224,171,156,24,160,194,231,
    9,224,197,151,20,160,252,255,14,224,245,200,15,160,146,182,
    14,224,245,200,15,160,252,255,14,224,139,255,14,160,252,255,
    14,224,139,255,14,160,252,255,14,224,139,255,14,160,252,255,
    14,224,139,255,14,160,252,255,14,224,245,200,15,160,146,182,
    14,224,245,200,15,160,252,255,14,224,139,255,14,160,252,255,
    14,224,139,255,14,160,252,255,14,224,139,255,14,160,190,162,
    13,224,201,220,16,160,190,162,13,224,179,166,17,160,212,216,
    12,224,179,166,17,160,212,216,12,224,179,166,17,160,190,162,
    13,224,201,220,16,160,190,162,13,224,201,220,16,160,190,162,
    13,224,179,166,17,160,212,216,12,224,179,166,17,160,212,216,
    12,224,179,166,17,160,190,162,13,224,201,220,16,160,190,162,
    13,224,201,220,16,160,190,162,13,224,201,220,16,160,190,162,
    13,224,179,166,17,160,212,216,12,224,179,166,17,128,156,216,
    12,224,179,166,17,160,190,162,13,224,201,220,16,160,190,162,
    13,224,201,220,16,160,190,162,13,224,179,166,17,160,212,216,
    12,224,179,166,17,160,212,216,12,224,179,166,17,160,150,251,
    10,18,65,18,65,18,67,68,18,65,18,65,18,65,18,65,
    18,65,18,65,18,65,18,65,18,65,18,65,18,65,18,65,
    18,65,18,65,18,65,18,65,18,65,18,65,18,65,18,65,
    18,65,18,65,18,65,18,65,18,65,18,65,18,65,18,65,
    18,65,18,65,18,65,18,65,18,65,22,69,22,69,22,69,
    22,69,22,69,22,69,22,69,6,0,96,0,54,0,0,0,
    149,160,255,255,28,0,0,0,160,171,255,255,254,1,1,0,
    144,157,255,255,2,2,0,0,160,171,255,255,6,2,1,0,
    160,171,255,255,33,2,1,0,160,171,255,255,81,0,0,0,
    132,1,0,0,159,205,223,159,20,192,183,145,138,8,224,179,
    166,17,160,212,216,12,224,179,166,17,160,140,241,158,5,192,
    159,215,105,160,142,233,3,160,244,186,137,5,224,139,255,14,
    160,252,255,14,224,139,255,14,160,252,255,14,224,139,255,14,
    160,252,255,14,224,139,255,14,160,252,255,14,224,245,200,15,
    160,252,255,14,224,139,255,14,160,252,255,14,224,139,255,14,
    160,220,226,5,224,171,156,24,160,194,231,9,224,197,151,20,
    160,252,255,14,224,245,200,15,160,146,182,14,224,245,200,15,
    160,252,255,14,224,139,255,14,160,252,255,14,224,139,255,14,
    160,252,255,14,224,139,255,14,160,252,255,14,224,139,255,14,
    160,252,255,14,224,245,200,15,160,146,182,14,224,245,200,15,
    160,252,255,14,224,139,255,14,160,252,255,14,224,139,255,14,
    160,252,255,14,224,139,255,14,160,190,162,13,224,201,220,16,
    160,190,162,13,224,179,166,17,160,212,216,12,224,179,166,17,
    160,212,216,12,224,179,166,17,160,190,162,13,224,201,220,16,
    160,190,162,13,224,201,220,16,160,190,162,13,224,179,166,17,
    160,212,216,12,224,179,166,17,160,212,216,12,224,179,166,17,
    160,190,162,13,224,201,220,16,160,190,162,13,224,201,220,16,
    160,190,162,13,224,201,220,16,160,190,162,13,224,179,166,17,
    160,212,216,12,224,179,166,17,160,212,216,12,224,179,166,17,
    160,190,162,13,224,201,220,16,160,190,162,13,224,201,220,16,
    160,190,162,13,224,179,166,17,160,212,216,12,224,179,166,17,
    160,212,216,12,224,179,166,17,160,150,251,10,224,219,205,19,
    160,172,177,10,224,219,205,19,160,172,177,10,224,219,205,19,
    160,150,251,10,224,219,205,19,18,65,18,65,18,67,68,18,
    65,18,65,18,65,18,65,18,65,18,65,18,65,18,65,18,
    65,18,65,18,65,18,65,18,65,18,65,18,65,18,65,18,
    65,18,65,18,65,18,65,18,65,18,65,18,65,18,65,18,
    65,18,65,18,65,18,65,18,65,18,65,18,65,18,65,18,
    65,18,65,18,65,18,65,18,65,18,65,18,65,18,65,18,
    65,18,65,18,65,18,65,21,7,0,89,0,54,0,0,0,
    8,161,255,255,28,0,0,0,160,171,255,255,254,1,1,0,
    144,157,255,255,2,2,0,0,160,171,255,255,6,2,1,0,
    160,171,255,255,33,2,1,0,176,185,255,255,77,0,1,0,
    160,171,255,255,81,0,0,0,104,1,0,0,159,205,223,159,
    20,192,183,145,138,8,224,179,166,17,160,212,216,12,224,179,
    166,17,160,140,241,158,5,192,159,215,105,160,142,233,3,160,
    244,186,137,5,224,139,255,14,160,252,255,14,224,139,255,14,
    160,252,255,14,224,139,255,14,160,252,255,14,224,139,255,14,
    160,252,255,14,224,245,200,15,160,252,255,14,224,139,255,14,
    160,252,255,14,224,139,255,14,160,220,226,5,224,171,156,24,
    160,194,231,9,224,197,151,20,160,252,255,14,224,245,200,15,
    160,146,182,14,224,245,200,15,160,252,255,14,224,139,255,14,
    160,252,255,14,224,139,255,14,160,252,255,14,224,139,255,14,
    160,252,255,14,224,139,255,14,160,252,255,14,224,245,200,15,
    160,146,182,14,224,245,200,15,160,252,255,14,224,139,255,14,
    160,252,255,14,224,139,255,14,160,252,255,14,224,139,255,14,
    160,190,162,13,224,201,220,16,160,190,162,13,224,179,166,17,
    160,212,216,12,224,179,166,17,160,212,216,12,224,179,166,17,
    160,190,162,13,224,201,220,16,160,190,162,13,224,201,220,16,
    128,134,162,13,224,179,166,17,160,212,216,12,224,179,166,17,
    160,212,216,12,224,179,166,17,160,190,162,13,224,201,220,16,
    160,190,162,13,224,201,220,16,160,190,162,13,224,201,220,16,
    160,190,162,13,224,179,166,17,160,212,216,12,224,179,166,17,
    160,212,216,12,224,179,166,17,160,190,162,13,224,201,220,16,
    160,190,162,13,224,201,220,16,160,190,162,13,224,179,166,17,
    160,212,216,12,224,179,166,17,160,212,216,12,224,179,166,17,
    160,150,251,10,18,65,18,65,18,67,68,18,65,18,65,18,
    65,18,65,18,65,18,65,18,65,18,65,18,65,18,65,18,
    65,18,65,18,65,18,65,18,65,18,65,18,65,18,65,18,
    65,18,65,18,65,18,65,18,65,18,65,18,65,18,65,22,
    69,22,69,22,69,22,69,22,69,22,69,22,69,22,69,22,
    69,22,69,22,69,22,69,22,69,22,69,22,69,7,0,89,
    0,54,0,0,0,237,160,255,255,28,0,0,0,160,171,255,
    255,254,1,1,0,144,157,255,255,2,2,0,0,160,171,255,
    255,6,2,1,0,160,171,255,255,33,2,1,0,176,185,255,
    255,77,0,1,0,160,171,255,255,81,0,0,0,104,1,0,
    0,159,205,223,159,20,192,183,145,138,8,224,179,166,17,160,
    212,216,12,224,179,166,17,160,140,241,158,5,192,159,215,105,
    160,142,233,3,160,244,186,137,5,224,139,255,14,160,252,255,
    14,224,139,255,14,160,252,255,14,224,139,255,14,160,252,255,
    14,224,139,255,14,160,252,255,14,224,245,200,15,160,252,255,
    14,224,139,255,14,160,252,255,14,224,139,255,14,160,220,226,
    5,224,171,156,24,160,194,231,9,224,197,151,20,160,252,255,
    14,224,245,200,15,160,146,182,14,224,245,200,15,160,252,255,
    14,224,139,255,14,160,252,255,14,224,139,255,14,160,252,255,
    14,224,139,255,14,160,252,255,14,224,139,255,14,160,252,255,
    14,224,245,200,15,160,146,182,14,224,245,200,15,160,252,255,
    14,224,139,255,14,160,252,255,14,224,139,255,14,160,252,255,
    14,224,139,255,14,160,190,162,13,224,201,220,16,160,190,162,
    13,224,179,166,17,160,212,216,12,224,179,166,17,160,212,216,
    12,224,179,166,17,160,190,162,13,224,201,220,16,160,190,162,
    13,224,201,220,16,160,190,162,13,224,179,166,17,160,212,216,
    12,224,179,166,17,160,212,216,12,224,179,166,17,160,190,162,
    13,224,201,220,16,160,190,162,13,224,201,220,16,160,190,162,
    13,224,201,220,16,160,190,162,13,224,179,166,17,160,212,216,
    12,224,179,166,17,160,212,216,12,224,179,166,17,160,190,162,
    13,224,201,220,16,160,190,162,13,224,201,220,16,128,134,162,
    13,224,179,166,17,160,212,216,12,224,179,166,17,160,212,216,
    12,224,179,166,17,160,150,251,10,18,65,18,65,18,67,68,
    18,65,18,65,18,65,18,65,18,65,18,65,18,65,18,65,
    18,65,18,65,18,65,18,65,18,65,18,65,18,65,18,65,
    18,65,18,65,18,65,18,65,18,65,18,65,18,65,18,65,
    18,65,18,65,18,65,18,65,18,65,18,65,18,65,18,65,
    18,65,18,65,18,65,18,65,18,65,22,69,22,69,22,69,
    22,69,3,0,83,0,115,6,0,0,196,141,0,0,28,0,
    0,0,176,154,0,0,144,6,1,0,160,140,0,0,149,6,
    0,0,80,1,0,0,135,131,204,206,17,136,141,194,147,5,
    128,178,235,6,128,144,196,233,5,128,202,149,7,128,196,255,
    14,128,196,255,14,128,174,201,15,128,218,181,14,128,192,200,
    190,6,128,138,231,9,128,254,151,20,128,244,176,10,128,148,
    206,19,128,244,176,10,128,148,206,19,128,244,176,10,128,148,
    206,19,128,222,250,10,128,148,206,19,128,244,176,10,128,148,
    206,19,128,244,176,10,128,148,206,19,128,244,176,10,128,148,
    206,19,128,244,176,10,128,148,206,19,128,244,176,10,128,148,
    206,19,128,134,162,13,128,236,166,17,128,244,176,10,128,148,
    206,19,128,244,176,10,128,148,206,19,128,244,176,10,128,148,
    206,19,128,200,196,11,128,214,240,17,128,178,142,12,128,192,
    186,18,128,178,142,12,128,192,186,18,128,200,196,11,128,192,
    186,18,128,244,176,10,128,148,206,19,128,244,176,10,128,148,
    206,19,128,244,176,10,128,148,206,19,128,222,250,10,128,148,
    206,19,128,244,176,10,128,148,206,19,128,244,176,10,128,148,
    206,19,128,156,216,12,128,236,166,17,128,156,216,12,128,236,
    166,17,128,156,216,12,128,236,166,17,128,156,216,12,128,214,
    240,17,128,178,142,12,128,156,216,12,128,236,166,17,128,214,
    240,17,128,156,216,12,128,236,166,17,128,156,216,12,128,236,
    166,17,128,156,216,12,128,214,240,17,128,178,142,12,128,214,
    240,17,128,156,216,12,128,236,166,17,128,178,142,12,128,214,
    240,17,128,134,162,13,18,65,18,65,18,65,18,65,18,65,
    18,65,18,65,18,65,18,65,18,65,18,65,18,65,18,65,
    18,65,18,65,18,65,18,65,18,65,18,65,18,65,18,65,
    18,65,18,65,18,65,18,65,18,65,18,65,18,65,18,65,
    18,65,18,65,18,65,18,65,18,65,18,65,18,65,18,65,
    18,65,18,65,18,65,18,65,18,4,0,84,0,154,6,0,
    0,236,129,0,0,28,0,0,0,144,126,0,0,185,6,0,
    0,168,147,0,0,190,6,1,0,152,133,0,0,185,6,0,
    0,84,1,0,0,215,211,203,206,17,184,225,219,127,176,152,
    230,147,4,128,178,235,6,128,144,196,233,5,128,202,149,7,
    128,196,255,14,128,196,255,14,128,174,201,15,128,218,181,14,
    128,192,200,190,6,128,138,231,9,128,254,151,20,128,244,176,
    10,128,148,206,19,128,244,176,10,128,148,206,19,128,244,176,
    10,128,148,206,19,128,222,250,10,128,148,206,19,128,244,176,
    10,128,148,206,19,128,244,176,10,128,148,206,19,128,244,176,
    10,128,148,206,19,128,244,176,10,128,148,206,19,128,244,176,
    10,128,148,206,19,128,222,250,10,128,148,206,19,128,244,176,
    10,128,148,206,19,128,244,176,10,128,148,206,19,128,244,176,
    10,128,148,206,19,128,200,196,11,128,214,240,17,128,178,142,
    12,128,192,186,18,128,178,142,12,128,192,186,18,128,200,196,
    11,128,192,186,18,128,200,196,11,128,192,186,18,128,244,176,
    10,128,148,206,19,128,178,142,12,128,214,240,17,128,222,250,
    10,128,148,206,19,128,200,196,11,128,192,186,18,128,178,142,
    12,128,214,240,17,128,156,216,12,128,236,166,17,128,156,216,
    12,128,236,166,17,128,156,216,12,128,236,166,17,128,156,216,
    12,128,214,240,17,128,178,142,12,128,214,240,17,128,178,142,
    12,128,214,240,17,128,156,216,12,128,236,166,17,128,156,216,
    12,128,236,166,17,128,156,216,12,128,214,240,17,128,178,142,
    12,128,214,240,17,128,156,216,12,128,236,166,17,128,178,142,
    12,128,214,240,17,128,134,162,13,17,19,66,19,66,19,66,
    19,66,19,66,19,66,19,66,19,66,19,66,19,66,19,66,
    19,66,19,66,19,66,19,66,19,66,19,66,19,66,19,66,
    19,66,19,66,19,66,19,66,19,66,19,66,19,66,19,66,
    19,66,19,66,19,66,19,66,19,66,19,66,19,66,19,66,
    19,66,19,66,19,66,19,66,19,66,19,66,19,3,0,17,
    0,195,6,0,0,120,143,0,0,28,0,0,0,176,154,0,
    0,144,6,1,0,160,140,0,0,149,6,0,0,73,0,0,
    0,239,131,147,209,17,240,141,137,150,5,128,178,235,6,128,
    144,196,233,5,128,202,149,7,128,196,255,14,128,196,255,14,
    128,174,201,15,128,218,181,14,128,192,200,190,6,128,138,231,
    9,128,196,229,147,4,128,244,176,10,128,148,206,19,128,244,
    176,10,128,148,206,19,128,244,176,10,18,65,18,65,18,65,
    18,65,18,65,18,65,18,65,18,65,18,5,0,85,0,154,
    6,0,0,156,132,0,0,28,0,0,0,160,140,0,0,149,
    6,0,0,144,126,0,0,185,6,0,0,168,147,0,0,190,
    6,1,0,152,133,0,0,185,6,0,0,88,1,0,0,183,
    222,203,206,17,248,245,240,46,160,246,234,80,176,152,230,147,
    4,128,178,235,6,128,144,196,233,5,128,202,149,7,128,196,
    255,14,128,196,255,14,128,174,201,15,128,218,181,14,128,192,
    200,190,6,128,138,231,9,128,254,151,20,128,244,176,10,128,
    148,206,19,128,244,176,10,128,148,206,19,128,244,176,10,128,
    148,206,19,128,222,250,10,128,148,206,19,128,244,176,10,128,
    148,206,19,128,244,176,10,128,148,206,19,128,244,176,10,128,
    148,206,19,128,244,176,10,128,148,206,19,128,244,176,10,128,
    148,206,19,128,134,162,13,128,236,166,17,128,244,176,10,128,
    148,206,19,128,244,176,10,128,148,206,19,128,244,176,10,128,
    148,206,19,128,200,196,11,128,214,240,17,128,178,142,12,128,
    192,186,18,128,178,142,12,128,192,186,18,128,200,196,11,128,
    192,186,18,128,244,176,10,128,148,206,19,128,244,176,10,128,
    148,206,19,128,244,176,10,128,148,206,19,128,222,250,10,128,
    148,206,19,128,244,176,10,128,148,206,19,128,244,176,10,128,
    148,206,19,128,156,216,12,128,236,166,17,128,156,216,12,128,
    236,166,17,128,156,216,12,128,236,166,17,128,156,216,12,128,
    214,240,17,128,178,142,12,128,214,240,17,128,178,142,12,128,
    214,240,17,128,156,216,12,128,236,166,17,128,156,216,12,128,
    236,166,17,128,156,216,12,128,214,240,17,128,178,142,12,128,
    214,240,17,128,156,216,12,128,236,166,17,128,178,142,12,128,
    214,240,17,128,134,162,13,17,18,20,67,20,67,20,67,20,
    67,20,67,20,67,20,67,20,67,20,67,20,67,20,67,20,
    67,20,67,20,67,20,67,20,67,20,67,20,67,20,67,20,
    67,20,67,20,67,20,67,20,67,20,67,20,67,20,67,20,
    67,20,67,20,67,20,67,20,67,20,67,20,67,20,67,20,
    67,20,67,20,67,20,67,20,67,20,67,20,3,0,94,0,
    115,6,0,0,28,138,0,0,28,0,0,0,176,154,0,0,
    144,6,1,0,160,140,0,0,149,6,0,0,124,1,0,0,
    183,252,143,189,17,184,222,187,250,4,128,218,181,14,128,214,
    240,17,128,244,176,10,128,148,206,19,128,244,176,10,128,190,
    163,175,5,128,202,149,7,128,196,255,14,128,196,255,14,128,
    174,201,15,128,218,181,14,128,142,219,195,5,128,196,255,14,
    128,236,166,17,128,222,250,10,128,170,132,19,128,222,250,10,
    128,170,132,19,128,200,196,11,128,170,132,19,128,138,231,9,
    128,254,151,20,128,244,176,10,128,148,206,19,128,244,176,10,
    128,148,206,19,128,244,176,10,128,148,206,19,128,222,250,10,
    128,148,206,19,128,244,176,10,128,148,206,19,128,244,176,10,
    128,148,206,19,128,244,176,10,128,148,206,19,128,244,176,10,
    128,148,206,19,128,244,176,10,128,148,206,19,128,156,216,12,
    128,214,240,17,128,178,142,12,128,214,240,17,128,244,176,10,
    128,148,206,19,128,244,176,10,128,148,206,19,128,244,176,10,
    128,170,132,19,128,178,142,12,128,192,186,18,128,178,142,12,
    128,192,186,18,128,200,196,11,128,192,186,18,128,200,196,11,
    128,192,186,18,128,156,216,12,128,174,201,15,128,218,181,14,
    128,174,201,15,128,218,181,14,128,174,201,15,128,218,181,14,
    128,174,201,15,128,218,181,14,128,174,201,15,128,196,255,14,
    128,174,201,15,128,218,181,14,128,174,201,15,128,218,181,14,
    128,174,201,15,128,218,181,14,128,174,201,15,128,218,181,14,
    128,156,216,12,128,236,166,17,128,152,147,16,128,218,181,14,
    128,174,201,15,128,218,181,14,128,174,201,15,128,218,181,14,
    128,174,201,15,128,218,181,14,128,174,201,15,128,196,255,14,
    128,196,255,14,128,218,181,14,128,152,147,16,18,65,18,65,
    18,65,18,65,18,65,18,65,18,65,18,65,18,65,18,65,
    18,65,18,65,18,65,18,65,18,65,18,65,18,65,18,65,
    18,65,18,65,18,65,18,65,18,65,18,65,18,65,18,65,
    18,65,18,65,18,65,18,65,18,65,18,65,18,65,18,65,
    18,65,18,65,18,65,18,65,18,65,18,65,18,65,18,65,
    18,65,18,65,18,65,18,65,18,65,4,0,10,0,203,6,
    0,0,168,122,0,0,28,0,0,0,144,126,0,0,185,6,
    0,0,168,147,0,0,190,6,1,0,152,133,0,0,185,6,
    0,0,43,0,0,0,207,182,203,206,17,176,196,219,127,176,
    152,230,147,4,128,178,235,6,128,144,196,233,5,128,202,149,
    7,128,196,255,14,128,196,255,14,128,174,201,15,128,218,181,
    14,17,19,66,19,66,19,66,19,66,19,3,0,19,0,213,
    6,0,0,208,120,0,0,28,0,0,0,28,137,0,0,226,
    6,1,0,12,123,0,0,232,6,0,0,83,0,0,0,159,
    213,207,181,17,200,165,198,250,4,128,178,235,6,128,144,196,
    233,5,128,202,149,7,128,196,255,14,128,196,255,14,128,224,
    196,182,7,128,244,176,10,128,168,218,132,2,128,244,176,10,
    128,244,238,231,1,128,182,211,8,128,212,143,188,3,128,160,
    157,9,128,214,240,17,128,156,216,12,128,236,166,17,128,156,
    216,12,18,65,18,65,18,65,18,65,18,65,18,65,18,65,
    18,65,18,65,18,5,0,56,0,238,6,0,0,36,149,0,
    0,28,0,0,0,160,140,0,0,149,6,0,0,184,161,0,
    0,41,5,1,0,168,147,0,0,19,7,0,0,176,154,0,
    0,223,1,1,0,226,0,0,0,199,160,204,206,17,136,188,
    191,158,20,176,232,206,19,224,165,250,10,160,204,206,19,224,
    187,176,10,160,204,206,19,224,187,176,10,160,204,206,19,224,
    187,176,10,160,204,206,19,240,171,196,11,144,242,240,17,240,
    149,142,12,144,220,186,18,240,149,142,12,144,220,186,18,240,
    171,196,11,144,220,186,18,240,215,176,10,144,176,206,19,240,
    215,176,10,144,176,206,19,240,215,176,10,144,176,206,19,240,
    193,250,10,144,176,206,19,240,215,176,10,144,176,206,19,240,
    215,176,10,144,176,206,19,240,255,215,12,144,136,167,17,240,
    255,215,12,144,136,167,17,240,255,215,12,144,136,167,17,240,
    255,215,12,144,242,240,17,240,149,142,12,144,184,216,12,240,
    207,166,17,144,242,240,17,240,255,215,12,144,136,167,17,240,
    255,215,12,144,136,167,17,240,255,215,12,144,242,240,17,240,
    149,142,12,144,242,240,17,240,255,215,12,144,136,167,17,240,
    149,142,12,144,242,240,17,240,233,161,13,17,19,66,19,66,
    19,66,19,66,19,52,19,52,19,52,19,52,19,52,19,52,
    19,52,19,52,19,52,19,52,19,52,19,52,19,52,19,52,
    19,52,19,52,19,52,19,52,19,52,19,52,19,52,19,52,
    19,52,19,3,0,21,0,195,6,0,0,172,139,0,0,28,
    0,0,0,176,154,0,0,144,6,1,0,160,140,0,0,149,
    6,0,0,89,0,0,0,215,244,146,209,17,216,254,136,150,
    5,128,178,235,6,128,144,196,233,5,128,202,149,7,128,196,
    255,14,128,196,255,14,128,174,201,15,128,218,181,14,128,192,
    200,190,6,128,138,231,9,128,196,229,147,4,128,244,176,10,
    128,148,206,19,128,244,176,10,128,148,206,19,128,244,176,10,
    128,148,206,19,128,222,250,10,128,148,206,19,128,244,176,10,
    18,65,18,65,18,65,18,65,18,65,18,65,18,65,18,65,
    18,65,18,65,18,3,0,83,0,115,6,0,0,232,135,0,
    0,28,0,0,0,176,154,0,0,144,6,1,0,160,140,0,
    0,149,6,0,0,80,1,0,0,207,235,203,206,17,208,245,
    193,147,5,128,178,235,6,128,144,196,233,5,128,202,149,7,
    128,196,255,14,128,196,255,14,128,174,201,15,128,218,181,14,
    128,192,200,190,6,128,138,231,9,128,254,151,20,128,244,176,
    10,128,148,206,19,128,244,176,10,128,148,206,19,128,244,176,
    10,128,148,206,19,128,222,250,10,128,148,206,19,128,244,176,
    10,128,148,206,19,128,244,176,10,128,148,206,19,128,244,176,
    10,128,148,206,19,128,244,176,10,128,148,206,19,128,244,176,
    10,128,148,206,19,128,222,250,10,128,148,206,19,128,244,176,
    10,128,148,206,19,128,244,176,10,128,148,206,19,128,244,176,
    10,128,148,206,19,128,200,196,11,128,214,240,17,128,178,142,
    12,128,214,240,17,128,156,216,12,128,192,186,18,128,200,196,
    11,128,192,186,18,128,200,196,11,128,192,186,18,128,244,176,
    10,128,148,206,19,128,244,176,10,128,148,206,19,128,222,250,
    10,128,148,206,19,128,244,176,10,128,148,206,19,128,178,142,
    12,128,214,240,17,128,156,216,12,128,236,166,17,128,156,216,
    12,128,236,166,17,128,156,216,12,128,236,166,17,128,156,216,
    12,128,214,240,17,128,178,142,12,128,156,216,12,128,236,166,
    17,128,214,240,17,128,156,216,12,128,236,166,17,128,156,216,
    12,128,236,166,17,128,156,216,12,128,214,240,17,128,178,142,
    12,128,214,240,17,128,156,216,12,128,236,166,17,128,178,142,
    12,128,214,240,17,128,134,162,13,18,65,18,65,18,65,18,
    65,18,65,18,65,18,65,18,65,18,65,18,65,18,65,18,
    65,18,65,18,65,18,65,18,65,18,65,18,65,18,65,18,
    65,18,65,18,65,18,65,18,65,18,65,18,65,18,65,18,
    65,18,65,18,65,18,65,18,65,18,65,18,65,18,65,18,
    65,18,65,18,65,18,65,18,65,18,65,18,3,0,19,0,
    25,7,0,0,156,108,0,0,28,0,0,0,144,126,0,0,
    32,7,1,0,128,112,0,0,37,7,0,0,83,0,0,0,
    183,164,207,181,17,248,158,198,250,4,128,178,235,6,128,144,
    196,233,5,128,202,149,7,128,196,255,14,128,196,255,14,128,
    224,196,182,7,128,244,176,10,128,168,218,132,2,128,244,176,
    10,128,244,238,231,1,128,182,211,8,128,212,143,188,3,128,
    160,157,9,128,214,240,17,128,156,216,12,128,236,166,17,128,
    156,216,12,18,65,18,65,18,65,18,65,18,65,18,65,18,
    65,18,65,18,65,18,1,0,0,0,216,3,0,0,240,241,
    255,255,173,3,0,0,0,0,0,0,1,0,0,0,129,5,
    0,0,96,115,255,255,142,4,0,0,0,0,0,0,1,0,
    0,0,47,5,0,0,80,101,255,255,146,4,0,0,0,0,
    0,0,1,0,0,0,42,7,0,0,64,87,255,255,235,1,
    0,0,0,0,0,0,1,0,0,0,236,3,0,0,224,227,
    255,255,177,3,0,0,0,0,0,0,1,0,0,0,243,3,
    0,0,208,213,255,255,250,3,0,0,0,0,0,0,1,0,
    0,0,120,4,0,0,192,199,255,255,254,3,0,0,0,0,
    0,0,1,0,0,0,109,4,0,0,176,185,255,255,116,4,
    0,0,0,0,0,0,1,0,0,0,225,4,0,0,160,171,
    255,255,217,4,0,0,0,0,0,0,1,0,0,0,50,7,
    0,0,144,157,255,255,221,4,0,0,0,0,0,0,1,0,
    0,0,112,5,0,0,128,143,255,255,125,5,0,0,0,0,
    0,0,1,0,0,0,232,4,0,0,112,129,255,255,239,4,
    0,0,0,0,0,0,1,0,0,0,57,7,0,0,16,14,
    0,0,232,3,0,0,0,0,0,0,1,0,0,0,172,4,
    0,0,160,140,0,0,227,1,0,0,0,0,0,0,1,0,
    0,0,158,4,0,0,176,154,0,0,223,1,0,0,0,0,
    0,0,1,0,0,0,214,1,0,0,192,168,0,0,239,1,
    0,0,0,0,0,0,1,0,0,0,127,4,0,0,208,182,
    0,0,150,4,0,0,0,0,0,0,1,0,0,0,8,5,
    0,0,224,196,0,0,154,4,0,0,0,0,0,0,1,0,
    0,0,65,7,0,0,32,28,0,0,73,7,0,0,0,0,
    0,0,1,0,0,0,13,3,0,0,48,42,0,0,25,3,
    0,0,0,0,0,0,1,0,0,0,134,3,0,0,64,56,
    0,0,156,1,0,0,0,0,0,0,1,0,0,0,126,3,
    0,0,80,70,0,0,152,1,0,0,0,0,0,0,1,0,
    0,0,83,3,0,0,96,84,0,0,91,3,0,0,0,0,
    0,0,1,0,0,0,95,3,0,0,112,98,0,0,249,2,
    0,0,0,0,0,0,1,0,0,0,237,2,0,0,128,112,
    0,0,9,3,0,0,0,0,0,0,1,0,0,0,104,5,
    0,0,144,126,0,0,231,1,0,0,0,0,0,0,2,0,
    1,0,13,3,0,0,204,43,0,0,28,0,0,0,48,42,
    0,0,25,3,0,0,5,0,0,0,151,165,166,174,5,17,
    5,0,52,0,126,3,0,0,36,72,0,0,28,0,0,0,
    80,70,0,0,152,1,0,0,112,98,0,0,249,2,1,0,
    96,84,0,0,91,3,0,0,96,84,0,0,91,3,1,0,
    212,0,0,0,199,144,180,222,10,168,205,211,184,1,224,185,
    156,248,11,224,209,137,15,160,252,255,14,224,209,137,15,160,
    252,255,14,224,209,137,15,160,194,138,15,192,180,128,15,128,
    196,255,14,128,196,255,14,128,196,255,14,128,196,255,14,128,
    196,255,14,128,196,255,14,128,196,255,14,128,196,255,14,128,
    196,255,14,128,196,255,14,128,196,255,14,128,174,201,15,128,
    196,255,14,160,252,255,14,128,160,157,9,224,235,225,5,128,
    196,255,14,128,196,255,14,128,196,255,14,128,196,255,14,128,
    196,255,14,128,196,255,14,128,196,255,14,128,174,201,15,128,
    236,166,17,128,156,216,12,128,236,166,17,128,156,216,12,128,
    236,166,17,128,156,216,12,128,214,240,17,128,178,142,12,128,
    214,240,17,128,178,142,12,128,214,240,17,128,156,216,12,128,
    236,166,17,128,156,216,12,128,236,166,17,128,156,216,12,128,
    214,240,17,192,205,230,197,4,17,19,66,19,66,19,66,19,
    66,19,66,19,66,19,66,19,66,19,66,19,66,19,68,17,
    19,66,19,66,19,66,19,66,19,66,19,66,19,66,19,66,
    19,66,19,66,19,66,19,66,19,66,19,17,4,0,87,0,
    13,3,0,0,176,33,0,0,28,0,0,0,48,42,0,0,
    161,0,1,0,32,28,0,0,166,0,0,0,48,42,0,0,
    25,3,0,0,95,1,0,0,223,164,225,149,9,160,140,245,
    252,9,224,197,209,9,160,176,188,17,224,157,205,12,160,176,
    188,17,224,157,205,12,160,246,198,17,224,151,148,15,160,182,
    245,14,224,157,205,12,160,234,177,17,224,157,205,12,160,162,
    217,195,1,224,209,137,15,160,206,159,15,224,139,255,14,160,
    252,255,14,224,139,255,14,160,252,255,14,224,245,200,15,160,
    246,198,17,224,145,184,12,160,186,221,16,224,205,161,13,160,
    196,254,15,224,217,182,13,160,208,147,16,224,161,181,14,160,
    252,255,14,224,139,255,14,160,252,255,14,224,183,235,13,160,
    186,221,16,128,134,162,13,128,130,221,16,128,240,235,13,128,
    152,147,16,128,240,235,13,128,152,147,16,128,240,235,13,128,
    180,200,23,128,190,128,7,128,232,190,15,128,138,138,15,128,
    254,244,14,128,138,138,15,128,196,255,14,128,196,255,14,128,
    196,255,14,128,236,166,17,128,156,216,12,128,130,221,16,128,
    240,235,13,128,196,255,14,128,196,255,14,128,236,166,17,128,
    156,216,12,128,236,166,17,128,156,216,12,128,214,240,17,128,
    178,142,12,128,214,240,17,128,178,142,12,128,214,240,17,128,
    156,216,12,128,236,166,17,128,156,216,12,224,139,244,51,160,
    132,138,8,128,214,240,17,128,178,142,12,128,214,240,17,128,
    156,216,12,128,236,166,17,128,156,216,12,128,236,166,17,128,
    156,216,12,128,236,166,17,128,156,216,12,128,236,166,17,128,
    156,216,12,128,214,240,17,128,178,142,12,128,214,240,17,128,
    138,231,9,128,254,151,20,18,65,18,65,18,65,18,65,18,
    65,18,65,18,65,18,65,18,65,18,65,18,65,18,65,18,
    65,18,65,18,65,18,65,18,65,18,65,18,65,18,65,18,
    65,18,65,18,65,18,65,18,65,18,65,18,65,18,65,18,
    65,18,65,18,65,18,65,18,65,18,65,18,65,18,65,18,
    65,18,65,18,65,18,65,18,65,18,65,18,65,19,7,0,
    64,0,214,1,0,0,100,166,0,0,28,0,0,0,192,168,
    0,0,239,1,0,0,224,196,0,0,154,4,1,0,208,182,
    0,0,150,4,0,0,208,182,0,0,150,4,1,0,192,168,
    0,0,239,1,1,0,176,154,0,0,223,1,0,0,3,1,
    0,0,199,137,183,222,10,200,188,211,184,1,224,185,156,248,
    11,224,209,137,15,160,252,255,14,128,138,138,15,160,252,255,
    14,224,209,137,15,160,194,138,15,192,180,128,15,128,196,255,
    14,128,196,255,14,128,196,255,14,128,196,255,14,128,196,255,
    14,128,196,255,14,128,196,255,14,128,196,255,14,128,196,255,
    14,128,196,255,14,128,196,255,14,128,174,201,15,128,196,255,
    14,160,252,255,14,128,160,157,9,224,235,225,5,128,196,255,
    14,128,196,255,14,128,196,255,14,128,196,255,14,128,196,255,
    14,128,196,255,14,128,196,255,14,128,174,201,15,128,236,166,
    17,128,156,216,12,128,236,166,17,128,156,216,12,128,236,166,
    17,128,156,216,12,128,214,240,17,128,178,142,12,128,214,240,
    17,128,178,142,12,128,214,240,17,128,156,216,12,128,236,166,
    17,128,156,216,12,128,236,166,17,128,156,216,12,128,214,240,
    17,128,178,142,12,128,214,240,17,128,178,142,12,128,214,240,
    17,128,178,142,12,128,214,240,17,128,156,216,12,128,236,166,
    17,128,156,216,12,128,236,166,17,128,156,216,12,160,142,241,
    17,128,178,142,12,17,19,66,19,68,17,68,17,68,17,68,
    17,68,17,68,17,68,17,68,17,68,17,69,22,17,68,17,
    68,17,68,17,68,17,68,17,68,17,68,17,68,17,68,17,
    68,17,68,17,68,17,68,17,68,17,68,17,68,17,68,17,
    68,17,69,22,17,6,0,50,0,126,3,0,0,32,47,0,
    0,28,0,0,0,64,56,0,0,156,1,0,0,80,70,0,
    0,152,1,0,0,96,84,0,0,91,3,0,0,96,84,0,
    0,91,3,1,0,80,70,0,0,152,1,1,0,203,0,0,
    0,191,172,179,222,10,192,161,211,184,1,224,195,166,135,12,
    224,139,255,14,128,138,138,15,160,252,255,14,224,209,137,15,
    160,194,138,15,192,180,128,15,128,196,255,14,128,196,255,14,
    128,196,255,14,128,196,255,14,128,196,255,14,128,196,255,14,
    128,196,255,14,128,196,255,14,128,196,255,14,128,196,255,14,
    128,196,255,14,128,174,201,15,128,196,255,14,160,252,255,14,
    128,160,157,9,224,235,225,5,128,196,255,14,128,196,255,14,
    128,196,255,14,128,196,255,14,128,196,255,14,160,252,255,14,
    128,196,255,14,128,174,201,15,128,236,166,17,128,156,216,12,
    128,236,166,17,128,156,216,12,128,236,166,17,128,156,216,12,
    128,214,240,17,128,178,142,12,128,214,240,17,128,178,142,12,
    128,214,240,17,128,156,216,12,128,236,166,17,128,156,216,12,
    128,236,166,17,128,156,216,12,128,214,240,17,17,18,19,68,
    18,68,18,68,18,68,18,68,18,68,18,68,18,68,18,68,
    18,69,17,18,68,18,68,18,68,17,69,17,69,17,69,17,
    69,17,69,17,69,17,69,17,69,17,69,17,69,18,6,0,
    51,0,126,3,0,0,152,53,0,0,28,0,0,0,64,56,
    0,0,156,1,0,0,80,70,0,0,152,1,0,0,96,84,
    0,0,91,3,1,0,96,84,0,0,91,3,0,0,80,70,
    0,0,152,1,1,0,207,0,0,0,175,198,179,222,10,176,
    187,211,184,1,224,185,156,248,11,224,209,137,15,128,196,255,
    14,128,138,138,15,160,252,255,14,224,209,137,15,160,194,138,
    15,192,180,128,15,128,196,255,14,128,196,255,14,128,196,255,
    14,128,196,255,14,128,196,255,14,128,196,255,14,128,196,255,
    14,128,196,255,14,128,196,255,14,128,196,255,14,128,196,255,
    14,128,174,201,15,128,196,255,14,160,252,255,14,128,160,157,
    9,224,235,225,5,128,196,255,14,128,196,255,14,128,196,255,
    14,128,196,255,14,128,196,255,14,128,196,255,14,128,196,255,
    14,128,174,201,15,128,236,166,17,128,156,216,12,128,236,166,
    17,128,156,216,12,128,236,166,17,128,156,216,12,128,214,240,
    17,128,178,142,12,128,214,240,17,128,178,142,12,128,214,240,
    17,128,156,216,12,128,236,166,17,128,156,216,12,128,236,166,
    17,128,156,216,12,128,214,240,17,17,18,67,20,67,18,67,
    18,67,18,67,18,67,18,67,18,67,18,67,18,67,18,69,
    17,18,67,18,67,18,67,18,67,18,67,18,67,18,67,18,
    67,18,67,18,67,18,67,18,67,18,67,18,5,0,25,0,
    126,3,0,0,188,54,0,0,28,0,0,0,64,56,0,0,
    156,1,0,0,96,84,0,0,91,3,1,0,80,70,0,0,
    152,1,0,0,80,70,0,0,152,1,1,0,103,0,0,0,
    247,202,179,222,10,248,191,211,184,1,224,185,156,248,11,224,
    209,137,15,160,252,255,14,224,209,137,15,160,252,255,14,224,
    209,137,15,160,194,138,15,192,180,128,15,128,196,255,14,128,
    196,255,14,128,196,255,14,128,196,255,14,128,196,255,14,128,
    196,255,14,128,196,255,14,128,196,255,14,128,196,255,14,128,
    196,255,14,128,196,255,14,128,174,201,15,128,196,255,14,160,
    252,255,14,128,160,157,9,17,19,66,19,66,19,66,19,66,
    19,66,19,66,19,66,19,66,19,66,19,66,19,68,17,19,
    7,0,50,0,126,3,0,0,176,48,0,0,28,0,0,0,
    48,42,0,0,25,3,0,0,80,70,0,0,152,1,0,0,
    96,84,0,0,91,3,0,0,96,84,0,0,91,3,1,0,
    80,70,0,0,152,1,1,0,64,56,0,0,156,1,0,0,
    203,0,0,0,223,178,179,222,10,128,224,211,184,1,192,139,
    166,135,12,224,139,255,14,128,138,138,15,160,252,255,14,224,
    209,137,15,160,194,138,15,192,180,128,15,128,196,255,14,128,
    196,255,14,128,196,255,14,128,196,255,14,128,196,255,14,128,
    196,255,14,128,196,255,14,128,196,255,14,128,196,255,14,128,
    196,255,14,128,196,255,14,128,174,201,15,128,196,255,14,160,
    252,255,14,128,160,157,9,224,235,225,5,128,196,255,14,128,
    196,255,14,128,196,255,14,128,196,255,14,128,196,255,14,128,
    196,255,14,128,196,255,14,128,174,201,15,128,236,166,17,128,
    156,216,12,128,236,166,17,128,156,216,12,128,236,166,17,128,
    156,216,12,160,142,241,17,128,178,142,12,128,214,240,17,128,
    178,142,12,128,214,240,17,128,156,216,12,128,236,166,17,128,
    156,216,12,128,236,166,17,128,156,216,12,128,214,240,17,17,
    18,19,68,18,68,18,68,18,68,18,68,18,68,18,68,18,
    68,18,68,18,69,22,18,68,18,68,18,68,18,68,18,68,
    18,68,18,68,18,69,22,69,22,69,22,69,22,69,22,69,
    18,4,0,54,0,13,3,0,0,164,41,0,0,28,0,0,
    0,160,41,0,0,32,0,0,0,48,42,0,0,25,3,0,
    0,64,56,0,0,156,1,1,0,219,0,0,0,199,184,202,
    231,18,136,172,204,202,6,224,173,129,144,15,224,157,205,12,
    160,182,245,14,224,151,148,15,160,194,138,15,224,209,137,15,
    160,252,255,14,160,182,245,14,128,196,255,14,128,196,255,14,
    128,196,255,14,128,196,255,14,128,196,255,14,128,196,255,14,
    128,196,255,14,128,196,255,14,128,196,255,14,128,174,201,15,
    192,250,138,15,128,138,138,15,128,138,138,15,128,138,138,15,
    128,196,255,14,128,138,138,15,128,196,255,14,128,138,138,15,
    128,196,255,14,128,138,138,15,128,138,138,15,128,138,138,15,
    128,196,255,14,128,138,138,15,128,196,255,14,128,138,138,15,
    128,196,255,14,128,138,138,15,128,138,138,15,128,138,138,15,
    128,196,255,14,128,138,138,15,128,196,255,14,128,138,138,15,
    128,196,255,14,128,138,138,15,128,138,138,15,128,138,138,15,
    128,196,255,14,128,138,138,15,128,196,255,14,128,138,138,15,
    128,196,255,14,128,138,138,15,17,18,67,18,67,18,67,18,
    67,18,67,18,67,18,67,18,67,18,67,18,67,18,67,18,
    67,18,67,18,67,18,67,18,67,18,67,18,67,18,67,18,
    67,18,67,18,67,18,67,18,67,18,67,18,67,18,3,0,
    2,0,13,3,0,0,80,48,0,0,28,0,0,0,64,56,
    0,0,156,1,0,0,48,42,0,0,25,3,0,0,10,0,
    0,0,159,139,235,224,11,160,214,191,169,12,17,18,5,0,
    66,0,134,3,0,0,188,46,0,0,28,0,0,0,48,42,
    0,0,25,3,0,0,80,70,0,0,152,1,1,0,64,56,
    0,0,156,1,0,0,64,56,0,0,156,1,1,0,11,1,
    0,0,247,170,179,222,10,152,220,131,220,7,224,181,236,212,
    5,224,209,137,15,160,252,255,14,224,209,137,15,160,252,255,
    14,224,209,137,15,160,194,138,15,192,180,128,15,128,196,255,
    14,128,196,255,14,128,196,255,14,128,196,255,14,128,196,255,
    14,128,196,255,14,128,196,255,14,128,196,255,14,128,196,255,
    14,128,196,255,14,128,196,255,14,128,174,201,15,128,196,255,
    14,160,252,255,14,128,196,255,14,128,196,255,14,192,182,199,
    105,128,236,166,17,224,227,215,12,128,236,166,17,128,156,216,
    12,128,236,166,17,128,156,216,12,128,214,240,17,128,178,142,
    12,128,214,240,17,128,178,142,12,128,214,240,17,128,156,216,
    12,128,236,166,17,128,156,216,12,128,236,166,17,128,156,216,
    12,128,214,240,17,128,178,142,12,128,214,240,17,128,178,142,
    12,128,214,240,17,128,178,142,12,128,214,240,17,128,156,216,
    12,128,236,166,17,128,156,216,12,128,236,166,17,128,156,216,
    12,128,214,240,17,128,178,142,12,128,214,240,17,128,178,142,
    12,128,214,240,17,128,156,216,12,128,236,166,17,128,156,216,
    12,128,236,166,17,128,156,216,12,128,236,166,17,17,19,66,
    19,66,19,66,19,66,19,66,19,66,19,66,19,66,19,66,
    19,66,19,68,17,68,19,66,19,66,19,66,19,66,19,66,
    19,66,19,66,19,66,19,66,19,66,19,66,19,66,19,66,
    19,66,19,66,19,66,19,66,19,66,19,66,19,66,19,5,
    0,67,0,95,3,0,0,132,78,0,0,28,0,0,0,96,
    84,0,0,91,3,0,0,128,112,0,0,9,3,1,0,112,
    98,0,0,249,2,0,0,112,98,0,0,249,2,1,0,15,
    1,0,0,135,136,212,226,11,200,140,243,188,2,224,185,156,
    248,11,224,209,137,15,160,252,255,14,224,209,137,15,160,252,
    255,14,224,209,137,15,160,194,138,15,192,180,128,15,128,196,
    255,14,128,196,255,14,128,196,255,14,128,196,255,14,128,196,
    255,14,128,196,255,14,128,196,255,14,128,196,255,14,128,196,
    255,14,128,196,255,14,128,196,255,14,128,174,201,15,128,196,
    255,14,160,252,255,14,128,160,157,9,224,235,225,5,128,196,
    255,14,128,196,255,14,128,196,255,14,128,196,255,14,128,196,
    255,14,128,196,255,14,160,145,151,5,128,235,232,9,128,174,
    201,15,128,236,166,17,128,156,216,12,128,236,166,17,128,156,
    216,12,128,236,166,17,128,156,216,12,128,214,240,17,128,178,
    142,12,128,214,240,17,128,178,142,12,128,214,240,17,128,156,
    216,12,128,236,166,17,128,156,216,12,128,236,166,17,128,156,
    216,12,128,214,240,17,128,178,142,12,128,214,240,17,128,178,
    142,12,128,214,240,17,128,178,142,12,128,214,240,17,128,156,
    216,12,128,236,166,17,128,156,216,12,128,236,166,17,128,156,
    216,12,128,214,240,17,128,178,142,12,224,181,237,107,160,220,
    215,42,17,19,66,19,66,19,66,19,66,19,66,19,66,19,
    66,19,66,19,66,19,66,19,68,17,19,66,19,66,19,66,
    19,66,68,17,68,17,68,17,68,17,68,17,68,17,68,17,
    68,17,68,17,68,17,68,17,68,17,68,17,68,17,68,17,
    68,17,19,17,19,3,0,64,0,77,7,0,0,72,33,0,
    0,28,0,0,0,48,42,0,0,161,0,1,0,32,28,0,
    0,166,0,0,0,5,1,0,0,143,245,201,148,21,208,132,
    245,186,9,224,249,176,17,160,248,151,13,224,209,137,15,160,
    204,171,14,224,223,146,16,160,208,147,16,224,249,141,12,160,
    206,246,243,7,224,157,205,12,160,176,188,17,224,157,205,12,
    160,176,188,17,224,157,205,12,160,246,198,17,224,157,205,12,
    160,176,188,17,224,157,205,12,160,198,224,194,2,224,229,168,
    8,160,176,188,17,224,157,205,12,160,176,188,17,224,157,205,
    12,160,176,188,17,224,157,205,12,160,246,198,17,224,157,205,
    12,160,176,188,17,224,157,205,12,160,234,177,17,224,157,205,
    12,160,136,140,168,1,224,183,235,13,160,150,158,16,224,183,
    235,13,160,150,158,16,224,183,235,13,160,150,158,16,224,183,
    235,13,160,214,239,18,224,189,164,11,160,140,253,16,224,193,
    140,13,160,150,158,16,224,183,235,13,160,150,158,16,224,183,
    235,13,160,220,168,16,224,239,236,12,160,146,182,14,224,139,
    255,14,160,252,255,14,224,139,255,14,160,252,255,14,224,139,
    255,14,160,230,201,15,224,139,255,14,160,252,255,14,224,139,
    255,14,160,252,255,14,224,139,255,14,160,252,255,14,18,65,
    18,65,18,65,18,65,18,65,18,65,18,65,18,65,18,65,
    18,65,18,65,18,65,18,65,18,65,18,65,18,65,18,65,
    18,65,18,65,18,65,18,65,18,65,18,65,18,65,18,65,
    18,65,18,65,18,65,18,65,18,65,18,65,18,65,5,0,
    52,0,83,3,0,0,240,69,0,0,28,0,0,0,80,70,
    0,0,152,1,0,0,112,98,0,0,249,2,1,0,96,84,
    0,0,91,3,0,0,96,84,0,0,91,3,1,0,211,0,
    0,0,223,135,180,222,10,192,196,211,184,1,224,185,156,248,
    11,224,209,137,15,160,252,255,14,224,209,137,15,160,252,255,
    14,224,209,137,15,160,194,138,15,192,180,128,15,128,196,255,
    14,128,196,255,14,128,196,255,14,128,196,255,14,128,196,255,
    14,128,196,255,14,128,196,255,14,128,196,255,14,128,196,255,
    14,128,196,255,14,128,196,255,14,128,174,201,15,128,196,255,
    14,128,214,205,12,224,205,196,18,224,183,235,13,160,208,147,
    16,224,183,235,13,160,208,147,16,224,183,235,13,160,208,147,
    16,224,183,235,13,160,208,147,16,224,161,181,14,240,136,129,
    15,224,179,166,17,160,212,216,12,224,179,166,17,160,212,216,
    12,224,157,240,17,160,234,142,12,224,157,240,17,160,234,142,
    12,224,157,240,17,160,212,216,12,224,179,166,17,160,212,216,
    12,224,179,166,17,160,212,216,12,224,157,240,17,160,234,142,
    12,144,247,173,11,17,19,66,19,66,19,66,19,66,19,66,
    19,66,19,66,19,66,19,66,19,66,19,68,17,68,17,68,
    17,68,17,68,17,68,17,68,17,68,17,68,17,68,17,68,
    17,68,17,68,17,68,17,68,19,5,0,18,0,237,2,0,
    0,112,103,0,0,28,0,0,0,120,105,0,0,3,3,0,
    0,48,117,0,0,106,7,1,0,128,112,0,0,9,3,0,
    0,144,126,0,0,231,1,0,0,74,0,0,0,223,229,175,
    167,10,240,131,234,205,1,240,255,158,81,160,207,191,7,224,
    196,212,22,160,207,191,7,224,254,201,22,160,207,191,7,224,
    254,201,22,160,207,191,7,224,254,201,22,160,207,191,7,224,
    196,212,22,160,207,191,7,224,254,201,22,160,207,191,7,224,
    146,163,5,224,215,184,107,17,19,34,19,34,19,34,19,34,
    19,34,19,34,19,34,19,20,19,5,0,7,0,112,7,0,
    0,216,82,0,0,28,0,0,0,208,82,0,0,124,0,0,
    0,70,75,0,0,44,3,0,0,88,77,0,0,19,1,0,
    0,104,91,0,0,120,3,1,0,32,0,0,0,175,159,175,
    148,27,144,204,238,210,3,148,198,174,187,8,220,189,238,179,
    8,224,147,207,18,160,134,254,8,224,255,246,93,17,18,19,
    68,19,68,19,6,0,66,0,104,5,0,0,96,106,0,0,
    28,0,0,0,128,112,0,0,9,3,0,0,160,140,0,0,
    227,1,1,0,144,126,0,0,231,1,0,0,144,126,0,0,
    231,1,1,0,160,140,0,0,227,1,0,0,11,1,0,0,
    191,153,160,226,11,192,173,190,188,2,224,185,156,248,11,224,
    209,137,15,160,252,255,14,224,209,137,15,160,252,255,14,224,
    209,137,15,160,194,138,15,192,180,128,15,128,196,255,14,128,
    196,255,14,128,196,255,14,128,196,255,14,128,196,255,14,128,
    196,255,14,128,196,255,14,128,196,255,14,128,196,255,14,128,
    196,255,14,128,196,255,14,128,174,201,15,128,196,255,14,160,
    252,255,14,128,160,157,9,224,235,225,5,128,196,255,14,128,
    196,255,14,128,196,255,14,128,196,255,14,128,196,255,14,128,
    196,255,14,128,196,255,14,128,174,201,15,128,236,166,17,128,
    156,216,12,128,236,166,17,128,156,216,12,128,236,166,17,128,
    156,216,12,128,214,240,17,128,178,142,12,128,214,240,17,128,
    178,142,12,128,214,240,17,128,156,216,12,128,236,166,17,128,
    156,216,12,128,236,166,17,128,156,216,12,128,214,240,17,128,
    178,142,12,128,214,240,17,128,178,142,12,128,214,240,17,128,
    178,142,12,128,214,240,17,128,156,216,12,128,236,166,17,128,
    156,216,12,128,236,166,17,128,156,216,12,128,214,240,17,128,
    178,142,12,224,181,237,107,192,148,216,42,17,19,66,19,66,
    19,66,19,66,19,66,19,66,19,66,19,66,19,66,19,66,
    19,68,17,19,66,19,66,19,66,19,66,19,66,19,66,19,
    66,19,66,19,66,19,66,19,66,19,66,19,66,19,66,19,
    66,19,66,19,66,19,66,19,66,19,21,17,19,4,0,50,
    0,237,2,0,0,52,100,0,0,28,0,0,0,112,98,0,
    0,249,2,0,0,144,126,0,0,231,1,1,0,128,112,0,
    0,9,3,0,0,204,0,0,0,231,198,224,146,15,136,185,
    191,131,17,224,175,239,157,1,224,209,137,15,160,194,138,15,
    224,139,255,14,160,252,255,14,224,139,255,14,160,252,255,14,
    224,139,255,14,160,252,255,14,224,139,255,14,160,252,255,14,
    224,139,255,14,160,252,255,14,224,139,255,14,160,252,255,14,
    224,245,200,15,160,252,255,14,224,139,255,14,160,252,255,14,
    224,139,255,14,160,252,255,14,224,139,255,14,160,252,255,14,
    224,139,255,14,160,252,255,14,224,139,255,14,160,230,201,15,
    224,139,255,14,160,252,255,14,224,139,255,14,160,252,255,14,
    224,139,255,14,224,200,229,77,224,227,215,12,160,252,255,14,
    224,139,255,14,160,252,255,14,224,139,255,14,160,252,255,14,
    224,139,255,14,160,252,255,14,224,139,255,14,160,252,255,14,
    224,245,200,15,160,166,194,255,1,160,155,254,14,224,236,128,
    15,160,155,254,14,17,19,66,19,66,19,66,19,66,19,66,
    19,66,19,66,19,66,19,66,19,66,19,66,19,66,19,66,
    19,66,19,66,19,66,19,66,19,66,19,66,19,66,19,66,
    19,66,19,66,19,66,19,7,0,8,0,121,7,0,0,220,
    74,0,0,28,0,0,0,228,74,0,0,44,3,0,0,88,
    77,0,0,134,7,0,0,96,84,0,0,91,3,1,0,104,
    91,0,0,120,3,1,0,104,91,0,0,120,3,0,0,96,
    84,0,0,91,3,0,0,37,0,0,0,183,155,203,148,21,
    240,143,185,142,6,152,252,226,187,8,240,189,216,19,176,210,
    130,94,224,255,131,243,11,240,255,215,12,144,168,247,156,2,
    17,18,51,68,18,21,22,18,6,0,7,0,83,3,0,0,
    196,84,0,0,28,0,0,0,208,82,0,0,124,0,0,0,
    104,91,0,0,120,3,0,0,88,77,0,0,134,7,0,0,
    96,84,0,0,91,3,0,0,112,98,0,0,249,2,1,0,
    32,0,0,0,135,229,203,231,18,232,255,167,149,12,208,169,
    207,18,160,134,254,8,224,255,156,145,2,240,197,151,201,13,
    128,210,136,16,17,18,19,18,20,69,20,4,0,121,0,13,
    3,0,0,8,34,0,0,28,0,0,0,48,42,0,0,161,
    0,1,0,32,28,0,0,166,0,0,0,48,42,0,0,25,
    3,0,0,231,1,0,0,143,210,234,224,11,144,144,244,8,
    224,183,235,13,160,208,147,16,224,183,235,13,160,208,147,16,
    224,183,235,13,160,208,147,16,224,161,181,14,160,208,190,136,
    9,224,169,226,12,160,176,188,17,224,215,194,12,160,188,209,
    17,224,157,205,12,160,176,188,17,224,215,194,12,160,140,253,
    16,224,135,151,13,160,176,188,17,224,157,205,12,160,246,198,
    17,224,157,205,12,160,176,188,17,224,157,205,12,160,176,188,
    17,224,157,205,12,160,176,188,17,224,157,205,12,160,246,198,
    17,224,157,205,12,160,176,188,17,224,157,205,12,160,176,188,
    17,224,157,205,12,160,176,188,17,224,157,205,12,160,246,198,
    17,224,157,205,12,160,176,188,17,224,233,144,10,160,228,248,
    19,224,233,144,10,160,222,193,138,1,224,161,181,14,160,242,
    222,15,224,161,181,14,160,194,185,41,224,137,174,19,160,210,
    228,11,224,255,140,20,160,232,154,11,224,171,249,18,160,130,
    185,12,224,151,148,15,160,252,255,14,224,139,255,14,224,209,
    137,15,224,209,137,15,160,172,212,15,224,231,191,14,160,216,
    192,14,224,209,137,15,160,160,191,15,224,209,137,15,160,252,
    255,14,224,209,137,15,160,194,138,15,224,209,137,15,160,182,
    245,14,224,151,148,15,160,240,234,14,224,221,158,15,160,252,
    255,14,224,209,137,15,160,194,138,15,224,209,137,15,160,252,
    255,14,224,209,137,15,160,252,255,14,224,209,137,15,160,252,
    255,14,224,209,137,15,160,194,138,15,224,209,137,15,160,252,
    255,14,224,209,137,15,160,252,255,14,224,219,170,14,160,230,
    201,15,224,157,240,17,160,212,216,12,224,249,176,17,160,164,
    132,12,224,157,240,17,160,212,216,12,224,179,166,17,160,212,
    216,12,224,179,166,17,160,212,216,12,224,179,166,17,160,212,
    216,12,224,179,166,17,160,212,216,12,224,157,240,17,160,234,
    142,12,224,157,240,17,160,234,142,12,224,157,240,17,160,212,
    216,12,224,179,166,17,160,212,216,12,224,179,166,17,160,212,
    216,12,224,179,166,17,160,212,216,12,224,157,240,17,160,234,
    142,12,224,157,240,17,160,234,142,12,224,157,240,17,18,65,
    18,65,18,65,18,65,18,65,18,65,18,65,18,65,18,65,
    18,65,18,65,18,65,18,65,18,65,18,65,18,65,18,65,
    18,65,18,65,18,65,18,65,18,65,18,65,18,65,18,65,
    18,65,18,65,18,65,18,65,18,65,18,65,18,65,18,65,
    18,65,18,65,18,65,18,65,18,65,18,65,18,65,18,65,
    18,65,18,65,18,65,18,65,18,65,18,65,18,65,18,65,
    18,65,18,65,18,65,18,65,18,65,18,65,18,65,18,65,
    18,65,18,65,18,65,19,3,0,4,0,104,5,0,0,188,
    117,0,0,28,0,0,0,128,112,0,0,9,3,0,0,144,
    126,0,0,231,1,0,0,20,0,0,0,255,135,207,209,13,
    224,211,152,139,7,128,246,135,133,8,160,162,203,221,5,17,
    18,17,18,5,0,24,0,126,3,0,0,128,64,0,0,28,
    0,0,0,80,70,0,0,152,1,0,0,112,98,0,0,249,
    2,1,0,96,84,0,0,91,3,0,0,96,84,0,0,91,
    3,1,0,99,0,0,0,255,241,179,222,10,224,174,211,184,
    1,224,185,156,248,11,224,209,137,15,160,252,255,14,224,209,
    137,15,160,252,255,14,224,209,137,15,160,194,138,15,192,180,
    128,15,128,196,255,14,128,196,255,14,128,196,255,14,128,196,
    255,14,128,196,255,14,128,196,255,14,128,196,255,14,128,196,
    255,14,128,196,255,14,128,196,255,14,128,196,255,14,128,174,
    201,15,128,196,255,14,160,132,173,13,17,19,66,19,66,19,
    66,19,66,19,66,19,66,19,66,19,66,19,66,19,66,19,
    68,17,4,0,86,0,128,0,0,0,212,31,0,0,28,0,
    0,0,48,42,0,0,161,0,1,0,32,28,0,0,166,0,
    0,0,48,42,0,0,25,3,0,0,90,1,0,0,167,135,
    199,168,11,232,198,180,199,12,224,139,255,14,160,200,230,17,
    224,133,163,12,160,204,171,14,224,161,181,14,160,230,201,15,
    224,209,137,15,160,182,245,14,224,139,255,14,160,230,201,15,
    224,161,181,14,160,252,255,14,224,139,255,14,160,252,255,14,
    224,139,255,14,160,252,255,14,224,139,255,14,160,252,255,14,
    224,245,200,15,160,252,255,14,224,139,255,14,160,252,255,14,
    224,139,255,14,160,252,255,14,224,139,255,14,160,252,255,14,
    224,139,255,14,160,252,255,14,224,139,255,14,160,252,255,14,
    224,245,200,15,160,252,255,14,224,139,255,14,160,252,255,14,
    224,139,255,14,160,252,255,14,224,139,255,14,160,252,255,14,
    224,139,255,14,160,252,255,14,224,139,255,14,160,230,201,15,
    224,139,255,14,160,252,255,14,224,139,255,14,160,252,255,14,
    224,148,168,17,128,156,216,12,128,214,240,17,128,178,142,12,
    128,214,240,17,128,178,142,12,128,214,240,17,128,156,216,12,
    128,236,166,17,128,156,216,12,128,236,166,17,128,156,216,12,
    128,214,240,17,128,178,142,12,128,214,240,17,128,178,142,12,
    128,214,240,17,128,178,142,12,128,214,240,17,128,156,216,12,
    128,236,166,17,128,156,216,12,128,236,166,17,128,156,216,12,
    128,214,240,17,128,178,142,12,128,214,240,17,128,178,142,12,
    128,214,240,17,128,156,216,12,128,236,166,17,128,156,216,12,
    128,236,166,17,128,156,216,12,128,236,166,17,128,156,216,12,
    128,189,202,13,128,161,165,34,18,65,18,65,18,65,18,65,
    18,65,18,65,18,65,18,65,18,65,18,65,18,65,18,65,
    18,65,18,65,18,65,18,65,18,65,18,65,18,65,18,65,
    18,65,18,65,18,65,18,65,18,65,18,65,18,65,18,65,
    18,65,18,65,18,65,18,65,18,65,18,65,18,65,18,65,
    18,65,18,65,18,65,18,65,18,65,18,65,19,18,5,0,
    52,1,140,7,0,0,80,32,0,0,28,0,0,0,48,42,
    0,0,161,0,1,0,32,28,0,0,166,0,0,0,48,42,
    0,0,191,1,1,0,32,28,0,0,19,1,0,0,210,4,
    0,0,159,213,149,164,16,160,145,228,169,9,128,220,134,10,
    128,218,239,3,128,188,234,58,128,202,184,12,128,132,209,17,
    128,144,195,12,128,132,209,17,128,228,214,13,128,234,178,16,
    128,228,214,13,128,234,178,16,192,225,210,188,2,224,167,238,
    11,160,176,188,17,224,157,205,12,192,232,188,17,160,200,195,
    12,224,203,208,17,160,200,195,12,224,133,198,17,160,200,195,
    12,224,133,198,17,160,200,195,12,224,133,198,17,160,200,195,
    12,224,203,208,17,160,200,195,12,224,133,198,17,160,200,195,
    12,224,133,198,17,160,142,206,12,224,191,187,17,192,161,240,
    2,160,166,170,213,1,224,147,137,8,160,230,201,15,224,165,
    250,10,160,162,158,148,1,128,252,186,3,128,172,203,109,128,
    160,157,9,128,170,132,19,224,143,196,11,160,138,172,21,224,
    231,156,9,160,224,144,18,224,145,184,12,160,164,167,17,224,
    249,141,12,160,204,206,19,224,187,176,10,160,186,221,16,224,
    227,215,12,160,164,167,17,224,205,161,13,160,164,167,17,224,
    205,161,13,160,152,146,17,224,239,236,12,160,152,146,17,224,
    133,163,12,160,130,220,17,224,239,236,12,160,136,242,9,128,
    250,233,7,128,240,235,13,128,152,147,16,128,240,235,13,128,
    152,147,16,128,240,235,13,128,236,166,17,224,139,255,14,160,
    230,201,15,224,139,255,14,160,252,255,14,224,139,255,14,160,
    252,255,14,224,139,255,14,160,252,255,14,224,139,255,14,160,
    252,255,14,128,240,235,13,128,152,147,16,160,192,150,14,224,
    185,223,14,224,219,170,14,160,242,222,15,160,214,204,13,224,
    165,157,16,224,227,215,12,160,164,167,17,128,134,162,13,248,
    200,231,16,232,188,164,11,152,239,153,19,232,162,134,10,160,
    228,248,19,128,218,181,14,128,174,201,15,224,139,255,14,160,
    252,255,14,224,179,166,17,160,154,227,12,128,166,156,17,160,
    154,227,12,224,157,240,17,160,234,142,12,224,157,240,17,160,
    234,142,12,224,157,240,17,128,214,205,12,224,249,176,17,160,
    212,216,12,128,236,166,17,128,156,216,12,128,144,230,17,128,
    190,163,12,160,200,230,17,160,252,255,14,224,139,255,14,160,
    146,182,14,224,245,200,15,160,168,236,13,224,223,146,16,160,
    212,216,12,224,179,166,17,160,212,216,12,224,157,240,17,160,
    234,142,12,224,157,240,17,160,234,142,12,224,157,240,17,160,
    212,216,12,224,179,166,17,160,212,216,12,224,179,166,17,160,
    212,216,12,224,157,240,17,160,234,142,12,224,157,240,17,160,
    234,142,12,224,157,240,17,160,234,142,12,224,157,240,17,160,
    212,216,12,224,201,220,16,160,190,162,13,224,223,146,16,160,
    168,236,13,224,139,255,14,160,252,255,14,224,161,181,14,160,
    230,201,15,224,205,161,13,160,158,133,4,224,177,73,160,212,
    216,12,224,249,141,12,160,180,187,3,224,133,221,1,160,212,
    216,12,224,143,196,11,160,180,187,3,224,239,166,2,160,212,
    216,12,224,187,176,10,160,158,133,4,224,217,240,2,160,212,
    216,12,224,209,230,9,160,180,187,3,224,151,206,4,160,234,
    142,12,224,231,156,9,160,180,187,3,224,129,152,5,160,234,
    142,12,224,147,137,8,160,158,133,4,224,235,225,5,160,212,
    216,12,224,191,245,6,160,180,187,3,224,191,245,6,160,212,
    216,12,224,235,225,5,160,158,133,4,224,169,191,7,160,212,
    216,12,224,129,152,5,160,180,187,3,224,231,156,9,160,234,
    142,12,224,151,206,4,160,180,187,3,224,209,230,9,160,234,
    142,12,224,195,186,3,160,158,133,4,224,187,176,10,160,212,
    216,12,224,239,166,2,160,180,187,3,224,143,196,11,160,212,
    216,12,224,155,147,1,160,158,133,4,224,249,141,12,160,212,
    216,12,224,177,73,160,158,133,4,224,227,215,12,160,208,147,
    16,224,161,181,14,160,252,255,14,224,139,255,14,160,168,236,
    13,224,223,146,16,160,190,162,13,224,201,220,16,160,212,216,
    12,224,179,166,17,160,212,216,12,224,157,240,17,160,234,142,
    12,224,157,240,17,160,234,142,12,224,157,240,17,160,234,142,
    12,224,157,240,17,160,212,216,12,224,179,166,17,160,212,216,
    12,224,179,166,17,160,212,216,12,224,157,240,17,160,234,142,
    12,224,157,240,17,160,234,142,12,224,179,166,17,160,190,162,
    13,224,223,146,16,160,168,236,13,224,245,200,15,160,146,182,
    14,224,161,181,14,160,230,201,15,224,183,235,13,160,180,187,
    3,224,177,73,160,234,142,12,224,205,161,13,160,180,187,3,
    224,155,147,1,160,234,142,12,224,249,141,12,160,158,133,4,
    224,133,221,1,160,212,216,12,224,165,250,10,160,180,187,3,
    224,217,240,2,160,212,216,12,224,209,230,9,160,158,133,4,
    224,195,186,3,160,212,216,12,224,231,156,9,160,158,133,4,
    224,151,206,4,160,234,142,12,224,253,210,8,160,180,187,3,
    224,235,225,5,160,234,142,12,224,169,191,7,160,158,133,4,
    224,213,171,6,160,212,216,12,224,213,171,6,160,180,187,3,
    224,169,191,7,160,212,216,12,224,235,225,5,160,180,187,3,
    224,147,137,8,160,212,216,12,224,151,206,4,160,158,133,4,
    224,253,210,8,160,212,216,12,224,173,132,4,160,180,187,3,
    224,187,176,10,160,234,142,12,224,217,240,2,160,158,133,4,
    224,165,250,10,160,234,142,12,224,239,166,2,160,158,133,4,
    224,143,196,11,160,212,216,12,224,155,147,1,160,180,187,3,
    224,227,215,12,18,65,18,65,18,65,18,65,18,65,18,65,
    18,65,18,65,18,65,18,65,18,65,18,65,18,65,18,65,
    18,65,18,65,18,65,20,67,20,67,20,67,20,67,20,67,
    20,67,20,67,20,67,20,67,20,67,20,67,20,67,20,67,
    20,67,20,67,20,18,65,18,65,18,65,18,65,18,65,18,
    65,18,65,18,65,18,65,18,65,18,65,18,65,18,65,18,
    65,18,65,18,65,18,65,18,65,18,65,18,65,18,65,18,
    65,18,65,18,65,18,65,18,65,18,65,18,65,18,65,18,
    65,18,65,18,65,18,65,18,65,18,65,18,65,18,65,18,
    65,18,65,18,65,18,65,18,65,18,65,18,65,18,65,18,
    65,18,65,18,65,18,65,18,65,18,65,18,65,18,65,18,
    65,18,65,18,65,18,65,18,65,18,65,18,65,18,65,18,
    65,18,65,18,65,18,65,18,65,18,65,18,65,18,65,18,
    65,18,65,18,65,18,65,18,65,18,65,18,65,18,65,18,
    65,18,65,18,65,18,65,18,65,18,65,18,65,18,65,18,
    65,18,65,18,65,18,65,18,65,18,65,18,65,18,65,18,
    65,18,65,18,65,18,65,18,65,18,65,18,65,18,65,18,
    65,18,65,18,65,18,65,18,65,18,65,18,65,18,65,18,
    65,18,65,18,65,18,65,18,65,18,65,18,65,18,65,18,
    65,18,65,18,65,18,65,18,5,0,54,1,140,7,0,0,
    231,32,0,0,28,0,0,0,48,42,0,0,161,0,1,0,
    32,28,0,0,166,0,0,0,48,42,0,0,191,1,1,0,
    32,28,0,0,19,1,0,0,218,4,0,0,205,215,149,164,
    16,206,147,228,169,9,128,220,134,10,128,218,239,3,128,188,
    234,58,128,202,184,12,128,132,209,17,128,144,195,12,128,132,
    209,17,128,228,214,13,128,234,178,16,128,228,214,13,128,234,
    178,16,192,225,210,188,2,224,167,238,11,160,176,188,17,224,
    157,205,12,192,232,188,17,160,200,195,12,224,203,208,17,160,
    200,195,12,224,133,198,17,160,200,195,12,224,133,198,17,160,
    200,195,12,224,133,198,17,160,200,195,12,224,203,208,17,160,
    200,195,12,224,133,198,17,160,200,195,12,224,133,198,17,160,
    142,206,12,224,191,187,17,192,161,240,2,160,166,170,213,1,
    224,147,137,8,160,230,201,15,224,165,250,10,160,162,158,148,
    1,128,252,186,3,128,172,203,109,128,160,157,9,128,170,132,
    19,224,143,196,11,160,138,172,21,224,231,156,9,160,224,144,
    18,224,145,184,12,160,164,167,17,224,249,141,12,160,204,206,
    19,224,187,176,10,160,186,221,16,224,227,215,12,160,164,167,
    17,224,205,161,13,160,164,167,17,224,205,161,13,160,152,146,
    17,224,239,236,12,160,152,146,17,224,133,163,12,160,130,220,
    17,224,239,236,12,160,136,242,9,128,250,233,7,128,240,235,
    13,128,152,147,16,128,240,235,13,128,152,147,16,128,240,235,
    13,128,236,166,17,224,139,255,14,160,230,201,15,224,139,255,
    14,160,252,255,14,224,139,255,14,160,252,255,14,224,139,255,
    14,160,252,255,14,224,139,255,14,160,252,255,14,128,240,235,
    13,128,152,147,16,160,192,150,14,224,185,223,14,224,219,170,
    14,160,242,222,15,160,214,204,13,224,165,157,16,224,181,247,
    12,160,210,135,17,128,134,162,13,128,130,221,16,224,131,175,
    11,152,239,153,19,232,162,134,10,160,166,178,2,224,193,198,
    2,160,252,255,14,128,218,181,14,128,174,201,15,224,139,255,
    14,160,252,255,14,224,179,166,17,160,154,227,12,128,166,156,
    17,160,154,227,12,224,157,240,17,160,234,142,12,224,157,240,
    17,160,234,142,12,224,157,240,17,128,214,205,12,224,249,176,
    17,160,212,216,12,128,236,166,17,128,156,216,12,128,144,230,
    17,128,190,163,12,160,200,230,17,160,252,255,14,224,139,255,
    14,160,146,182,14,224,245,200,15,160,168,236,13,224,223,146,
    16,160,212,216,12,224,179,166,17,160,212,216,12,224,157,240,
    17,160,234,142,12,224,157,240,17,160,234,142,12,224,157,240,
    17,160,212,216,12,224,179,166,17,160,212,216,12,224,179,166,
    17,160,212,216,12,224,157,240,17,160,234,142,12,224,157,240,
    17,160,234,142,12,224,157,240,17,160,234,142,12,224,157,240,
    17,160,212,216,12,224,201,220,16,160,190,162,13,224,223,146,
    16,160,168,236,13,224,139,255,14,160,252,255,14,224,161,181,
    14,160,230,201,15,224,205,161,13,160,158,133,4,224,177,73,
    160,212,216,12,224,249,141,12,160,180,187,3,224,133,221,1,
    160,212,216,12,224,143,196,11,160,180,187,3,224,239,166,2,
    160,212,216,12,224,187,176,10,160,158,133,4,224,217,240,2,
    160,212,216,12,224,209,230,9,160,180,187,3,224,151,206,4,
    160,234,142,12,224,231,156,9,160,180,187,3,224,129,152,5,
    160,234,142,12,224,147,137,8,160,158,133,4,224,235,225,5,
    160,212,216,12,224,191,245,6,160,180,187,3,224,191,245,6,
    160,212,216,12,224,235,225,5,160,158,133,4,224,169,191,7,
    160,212,216,12,224,129,152,5,160,180,187,3,224,231,156,9,
    160,234,142,12,224,151,206,4,160,180,187,3,224,209,230,9,
    160,234,142,12,224,195,186,3,160,158,133,4,224,187,176,10,
    160,212,216,12,224,239,166,2,160,180,187,3,224,143,196,11,
    160,212,216,12,224,155,147,1,160,158,133,4,224,249,141,12,
    160,212,216,12,224,177,73,160,158,133,4,224,227,215,12,160,
    208,147,16,224,161,181,14,160,252,255,14,224,139,255,14,160,
    168,236,13,224,223,146,16,160,190,162,13,224,201,220,16,160,
    212,216,12,224,179,166,17,160,212,216,12,224,157,240,17,160,
    234,142,12,224,157,240,17,160,234,142,12,224,157,240,17,160,
    234,142,12,224,157,240,17,160,212,216,12,224,179,166,17,160,
    212,216,12,224,179,166,17,160,212,216,12,224,157,240,17,160,
    234,142,12,224,157,240,17,160,234,142,12,224,179,166,17,160,
    190,162,13,224,223,146,16,160,168,236,13,224,245,200,15,160,
    146,182,14,224,161,181,14,160,230,201,15,224,183,235,13,160,
    180,187,3,224,177,73,160,234,142,12,224,205,161,13,160,180,
    187,3,224,155,147,1,160,234,142,12,224,249,141,12,160,158,
    133,4,224,133,221,1,160,212,216,12,224,165,250,10,160,180,
    187,3,224,217,240,2,160,212,216,12,224,209,230,9,160,158,
    133,4,224,195,186,3,160,212,216,12,224,231,156,9,160,158,
    133,4,224,151,206,4,160,234,142,12,224,253,210,8,160,180,
    187,3,224,235,225,5,160,234,142,12,224,169,191,7,160,158,
    133,4,224,213,171,6,160,212,216,12,224,213,171,6,160,180,
    187,3,224,169,191,7,160,212,216,12,224,235,225,5,160,180,
    187,3,224,147,137,8,160,212,216,12,224,151,206,4,160,158,
    133,4,224,253,210,8,160,212,216,12,224,173,132,4,160,180,
    187,3,224,187,176,10,160,234,142,12,224,217,240,2,160,158,
    133,4,224,165,250,10,160,234,142,12,224,239,166,2,160,158,
    133,4,224,143,196,11,160,212,216,12,224,155,147,1,160,180,
    187,3,224,227,215,12,18,65,18,65,18,65,18,65,18,65,
    18,65,18,65,18,65,18,65,18,65,18,65,18,65,18,65,
    18,65,18,65,18,65,18,65,20,67,20,67,20,67,20,67,
    20,67,20,67,20,67,20,67,20,67,20,67,20,67,20,67,
    20,67,20,67,20,67,20,18,65,18,65,18,65,18,65,18,
    65,18,65,18,65,18,65,18,65,18,65,18,65,18,65,18,
    65,18,65,18,65,18,65,18,65,18,65,18,65,18,65,18,
    65,18,65,18,65,18,65,18,65,18,65,18,65,18,65,18,
    65,18,65,18,65,18,65,18,65,18,65,18,65,18,65,18,
    65,18,65,18,65,18,65,18,65,18,65,18,65,18,65,18,
    65,18,65,18,65,18,65,18,65,18,65,18,65,18,65,18,
    65,18,65,18,65,18,65,18,65,18,65,18,65,18,65,18,
    65,18,65,18,65,18,65,18,65,18,65,18,65,18,65,18,
    65,18,65,18,65,18,65,18,65,18,65,18,65,18,65,18,
    65,18,65,18,65,18,65,18,65,18,65,18,65,18,65,18,
    65,18,65,18,65,18,65,18,65,18,65,18,65,18,65,18,
    65,18,65,18,65,18,65,18,65,18,65,18,65,18,65,18,
    65,18,65,18,65,18,65,18,65,18,65,18,65,18,65,18,
    65,18,65,18,65,18,65,18,65,18,65,18,65,18,65,18,
    65,18,65,18,65,18,65,18,65,18,65,18,5,0,9,0,
    95,3,0,0,246,99,0,0,28,0,0,0,246,99,0,0,
    171,7,0,0,112,98,0,0,249,2,0,0,128,112,0,0,
    9,3,0,0,144,126,0,0,231,1,0,0,42,0,0,0,
    235,241,157,247,14,128,158,183,145,1,236,237,149,185,7,224,
    159,159,66,128,194,139,14,192,240,187,47,128,222,161,248,1,
    224,149,197,135,1,128,188,241,208,3,17,18,19,20,18,19,
    18,19,18,4,0,50,0,95,3,0,0,236,85,0,0,28,
    0,0,0,96,84,0,0,91,3,0,0,128,112,0,0,9,
    3,1,0,112,98,0,0,249,2,0,0,204,0,0,0,215,
    141,224,146,15,152,184,191,131,17,224,175,239,157,1,224,209,
    137,15,160,194,138,15,224,139,255,14,160,252,255,14,224,139,
    255,14,160,252,255,14,224,139,255,14,160,252,255,14,224,139,
    255,14,160,252,255,14,224,139,255,14,160,252,255,14,224,139,
    255,14,160,252,255,14,224,245,200,15,160,252,255,14,224,139,
    255,14,160,252,255,14,224,139,255,14,160,252,255,14,224,139,
    255,14,160,252,255,14,224,139,255,14,160,252,255,14,224,139,
    255,14,160,230,201,15,224,139,255,14,160,252,255,14,224,139,
    255,14,160,252,255,14,224,139,255,14,224,200,229,77,224,227,
    215,12,160,252,255,14,224,139,255,14,160,252,255,14,224,139,
    255,14,160,252,255,14,224,139,255,14,160,252,255,14,224,139,
    255,14,160,252,255,14,224,245,200,15,160,166,194,255,1,160,
    155,254,14,224,236,128,15,160,155,254,14,17,19,66,19,66,
    19,66,19,66,19,66,19,66,19,66,19,66,19,66,19,66,
    19,66,19,66,19,66,19,66,19,66,19,66,19,66,19,66,
    19,66,19,66,19,66,19,66,19,66,19,66,19,7,0,66,
    0,237,2,0,0,193,97,0,0,28,0,0,0,193,97,0,
    0,21,3,0,0,112,98,0,0,249,2,0,0,144,126,0,
    0,231,1,1,0,128,112,0,0,9,3,0,0,128,112,0,
    0,9,3,1,0,144,126,0,0,231,1,0,0,12,1,0,
    0,129,247,203,148,21,128,182,220,181,9,162,141,142,185,2,
    224,185,156,248,11,224,209,137,15,160,252,255,14,224,209,137,
    15,160,252,255,14,224,209,137,15,160,194,138,15,192,180,128,
    15,128,196,255,14,128,196,255,14,128,196,255,14,128,196,255,
    14,128,196,255,14,128,196,255,14,128,196,255,14,128,196,255,
    14,128,196,255,14,128,196,255,14,128,196,255,14,128,174,201,
    15,128,196,255,14,160,252,255,14,128,160,157,9,224,235,225,
    5,128,196,255,14,128,196,255,14,128,196,255,14,128,196,255,
    14,128,196,255,14,128,196,255,14,128,196,255,14,128,174,201,
    15,128,236,166,17,128,156,216,12,128,236,166,17,128,156,216,
    12,128,236,166,17,128,156,216,12,128,214,240,17,128,178,142,
    12,128,214,240,17,128,178,142,12,128,214,240,17,128,156,216,
    12,128,236,166,17,128,156,216,12,128,236,166,17,128,156,216,
    12,128,214,240,17,128,178,142,12,128,214,240,17,128,178,142,
    12,128,214,240,17,128,178,142,12,128,214,240,17,128,156,216,
    12,128,236,166,17,128,156,216,12,128,236,166,17,128,156,216,
    12,128,214,240,17,128,178,142,12,224,181,237,107,17,18,20,
    67,20,67,20,67,20,67,20,67,20,67,20,67,20,67,20,
    67,20,67,20,69,18,20,67,20,67,20,67,20,67,20,67,
    20,67,20,67,20,67,20,67,20,67,20,67,20,67,20,67,
    20,67,20,67,20,67,20,67,20,67,20,67,20,22,20,7,
    0,8,0,176,7,0,0,32,100,0,0,28,0,0,0,32,
    100,0,0,32,0,0,0,32,103,0,0,253,2,0,0,120,
    105,0,0,3,3,0,0,144,126,0,0,231,1,0,0,128,
    112,0,0,9,3,0,0,112,98,0,0,182,7,0,0,37,
    0,0,0,191,218,205,137,24,128,242,145,161,13,128,226,242,
    137,2,208,148,197,154,2,208,171,187,105,176,222,174,78,240,
    255,146,60,144,226,180,155,3,17,18,19,20,19,21,19,22,
    4,0,3,0,186,7,0,0,232,131,0,0,28,0,0,0,
    144,126,0,0,231,1,0,0,152,133,0,0,192,7,0,0,
    144,126,0,0,198,7,0,0,15,0,0,0,207,249,201,222,
    8,176,225,143,228,2,240,161,231,197,4,17,18,19,3,0,
    2,0,202,7,0,0,224,64,0,0,28,0,0,0,64,56,
    0,0,156,1,0,0,72,63,0,0,140,1,0,0,10,0,
    0,0,191,149,203,231,18,192,242,153,247,12,17,18,5,0,
    64,0,214,1,0,0,188,148,0,0,28,0,0,0,176,154,
    0,0,223,1,0,0,208,182,0,0,150,4,1,0,192,168,
    0,0,239,1,0,0,192,168,0,0,239,1,1,0,3,1,
    0,0,247,164,235,138,11,152,144,136,229,1,224,185,156,248,
    11,224,209,137,15,160,252,255,14,224,209,137,15,160,252,255,
    14,224,209,137,15,160,194,138,15,192,180,128,15,128,196,255,
    14,128,196,255,14,128,196,255,14,128,196,255,14,128,196,255,
    14,128,196,255,14,128,196,255,14,128,196,255,14,128,196,255,
    14,128,196,255,14,128,196,255,14,128,174,201,15,128,196,255,
    14,160,252,255,14,128,160,157,9,224,235,225,5,128,196,255,
    14,128,196,255,14,128,196,255,14,128,196,255,14,128,196,255,
    14,128,196,255,14,128,196,255,14,128,174,201,15,128,236,166,
    17,128,156,216,12,128,236,166,17,128,156,216,12,128,236,166,
    17,128,156,216,12,128,214,240,17,128,178,142,12,128,214,240,
    17,128,178,142,12,128,214,240,17,128,156,216,12,128,236,166,
    17,128,156,216,12,128,236,166,17,128,156,216,12,128,214,240,
    17,128,178,142,12,128,214,240,17,128,178,142,12,128,214,240,
    17,128,178,142,12,128,214,240,17,128,156,216,12,128,236,166,
    17,128,156,216,12,128,236,166,17,128,156,216,12,160,142,241,
    17,128,178,142,12,17,19,66,19,66,19,66,19,66,19,66,
    19,66,19,66,19,66,19,66,19,66,19,68,17,19,66,19,
    66,19,66,19,66,19,66,19,66,19,66,19,66,19,66,19,
    66,19,66,19,66,19,66,19,66,19,66,19,66,19,66,19,
    66,19,68,17,19,6,0,11,0,215,7,0,0,220,62,0,
    0,28,0,0,0,88,77,0,0,134,7,0,0,104,91,0,
    0,120,3,1,0,80,70,0,0,152,1,0,0,96,84,0,
    0,221,7,1,0,80,70,0,0,226,7,0,0,50,0,0,
    0,183,141,136,232,14,136,216,177,177,8,224,255,246,93,160,
    184,166,179,1,144,170,182,202,4,128,234,252,165,7,224,139,
    255,14,160,222,147,170,1,224,157,205,12,160,214,204,13,224,
    247,188,16,17,66,17,19,21,68,21,68,21,68,21,2,0,
    1,0,83,3,0,0,28,82,0,0,28,0,0,0,96,84,
    0,0,91,3,0,0,5,0,0,0,183,150,138,240,9,17,
    3,0,2,0,230,7,0,0,252,79,0,0,28,0,0,0,
    88,77,0,0,134,7,0,0,220,80,0,0,243,7,0,0,
    10,0,0,0,247,137,236,224,11,200,204,173,194,15,17,18,
    8,0,67,0,104,5,0,0,21,127,0,0,28,0,0,0,
    128,112,0,0,9,3,0,0,160,140,0,0,227,1,1,0,
    144,126,0,0,231,1,0,0,144,126,0,0,231,1,1,0,
    176,154,0,0,223,1,1,0,160,140,0,0,227,1,0,0,
    176,154,0,0,223,1,0,0,15,1,0,0,169,236,160,226,
    11,170,128,191,188,2,224,185,156,248,11,224,209,137,15,160,
    252,255,14,224,209,137,15,160,252,255,14,224,209,137,15,160,
    194,138,15,192,180,128,15,128,196,255,14,128,196,255,14,128,
    196,255,14,128,196,255,14,128,196,255,14,128,196,255,14,128,
    196,255,14,128,196,255,14,128,196,255,14,128,196,255,14,128,
    196,255,14,128,174,201,15,128,196,255,14,160,252,255,14,128,
    160,157,9,224,235,225,5,128,196,255,14,128,196,255,14,128,
    196,255,14,128,196,255,14,128,196,255,14,128,196,255,14,128,
    196,255,14,128,174,201,15,128,236,166,17,128,156,216,12,128,
    236,166,17,128,156,216,12,128,236,166,17,128,156,216,12,128,
    214,240,17,128,178,142,12,128,214,240,17,128,178,142,12,128,
    214,240,17,128,156,216,12,128,236,166,17,128,156,216,12,128,
    236,166,17,192,225,193,5,160,130,150,7,128,214,240,17,128,
    178,142,12,128,214,240,17,128,178,142,12,128,214,240,17,128,
    178,142,12,128,214,240,17,128,156,216,12,128,236,166,17,128,
    156,216,12,128,236,166,17,128,156,216,12,128,214,240,17,128,
    178,142,12,160,211,255,13,224,154,238,93,17,19,66,19,66,
    19,66,19,66,19,66,19,66,19,66,19,66,19,66,19,66,
    19,68,17,19,66,19,66,19,66,19,66,19,66,19,66,19,
    66,19,66,19,66,19,66,19,66,19,66,19,22,69,22,69,
    22,69,22,69,22,69,22,69,22,69,22,23,22,19,6,0,
    65,0,95,3,0,0,14,87,0,0,28,0,0,0,96,84,
    0,0,91,3,0,0,128,112,0,0,9,3,1,0,112,98,
    0,0,249,2,0,0,112,98,0,0,249,2,1,0,128,112,
    0,0,9,3,0,0,7,1,0,0,155,200,183,224,11,220,
    204,214,186,2,224,185,156,248,11,224,209,137,15,160,252,255,
    14,224,209,137,15,160,252,255,14,224,209,137,15,160,194,138,
    15,192,180,128,15,128,196,255,14,128,196,255,14,128,196,255,
    14,128,196,255,14,128,196,255,14,128,196,255,14,128,196,255,
    14,128,196,255,14,128,196,255,14,128,196,255,14,128,196,255,
    14,128,174,201,15,128,196,255,14,160,252,255,14,128,160,157,
    9,224,235,225,5,128,196,255,14,128,196,255,14,128,196,255,
    14,128,196,255,14,128,196,255,14,128,196,255,14,128,196,255,
    14,128,174,201,15,128,236,166,17,128,156,216,12,128,236,166,
    17,128,156,216,12,128,236,166,17,128,156,216,12,128,214,240,
    17,128,178,142,12,128,214,240,17,128,178,142,12,128,214,240,
    17,128,156,216,12,128,236,166,17,128,156,216,12,128,236,166,
    17,128,156,216,12,128,214,240,17,128,178,142,12,128,214,240,
    17,128,178,142,12,128,214,240,17,128,178,142,12,128,214,240,
    17,128,156,216,12,128,236,166,17,128,156,216,12,128,236,166,
    17,128,156,216,12,128,214,240,17,128,178,142,12,224,181,237,
    107,17,19,66,19,66,19,66,19,66,19,66,19,66,19,66,
    19,66,19,66,19,66,19,68,17,19,66,19,66,19,66,19,
    66,19,66,19,66,19,66,19,66,19,66,19,66,19,66,19,
    66,19,66,19,66,19,66,19,66,19,66,19,66,19,66,19,
    21,19,5,0,71,0,143,2,0,0,114,106,0,0,28,0,
    0,0,128,112,0,0,81,0,0,0,160,140,0,0,227,1,
    1,0,144,126,0,0,231,1,0,0,144,126,0,0,77,0,
    1,0,30,1,0,0,227,145,181,169,15,196,233,240,221,8,
    224,211,218,10,224,189,199,16,160,144,194,13,224,157,205,12,
    192,210,158,60,128,248,187,17,128,214,205,12,128,246,199,16,
    128,134,197,18,128,156,216,12,128,196,255,14,128,214,205,12,
    128,236,166,17,128,156,216,12,128,236,166,17,128,156,216,12,
    128,178,177,17,128,192,151,13,128,236,166,17,128,156,216,12,
    128,236,166,17,128,200,196,11,128,192,186,18,128,200,196,11,
    128,170,132,19,128,222,250,10,240,238,133,19,160,128,197,11,
    224,135,186,18,160,128,197,11,224,135,186,18,160,128,197,11,
    224,135,186,18,160,128,197,11,224,241,131,19,160,150,251,10,
    224,241,131,19,160,150,251,10,224,241,131,19,160,128,197,11,
    224,135,186,18,160,128,197,11,224,135,186,18,160,168,236,13,
    192,211,254,14,192,180,128,15,192,211,254,14,192,180,128,15,
    224,245,200,15,160,252,255,14,224,139,255,14,160,252,255,14,
    224,139,255,14,160,252,255,14,224,139,255,14,160,252,255,14,
    224,139,255,14,160,252,255,14,224,245,200,15,160,252,255,14,
    224,139,255,14,160,220,226,5,224,171,156,24,160,252,255,14,
    224,139,255,14,160,252,255,14,224,139,255,14,160,180,165,77,
    224,205,161,13,17,19,66,19,66,19,17,68,17,68,17,68,
    17,68,17,68,17,68,17,68,17,68,17,68,17,68,17,68,
    17,68,17,68,17,68,17,68,17,68,17,68,17,68,17,68,
    17,68,17,68,17,68,17,68,17,68,17,68,17,68,17,68,
    17,68,17,68,17,68,17,68,17,68,17,6,0,66,0,158,
    4,0,0,96,141,0,0,28,0,0,0,160,140,0,0,227,
    1,0,0,192,168,0,0,239,1,1,0,176,154,0,0,223,
    1,0,0,176,154,0,0,223,1,1,0,192,168,0,0,239,
    1,0,0,11,1,0,0,191,165,182,222,10,128,201,211,184,
    1,224,185,156,248,11,224,209,137,15,160,252,255,14,224,209,
    137,15,160,252,255,14,224,209,137,15,160,194,138,15,192,180,
    128,15,128,196,255,14,128,196,255,14,128,196,255,14,128,196,
    255,14,128,196,255,14,128,196,255,14,128,196,255,14,128,196,
    255,14,128,196,255,14,128,196,255,14,128,196,255,14,128,174,
    201,15,128,196,255,14,160,252,255,14,128,160,157,9,224,235,
    225,5,128,196,255,14,128,196,255,14,128,196,255,14,128,196,
    255,14,128,196,255,14,128,196,255,14,128,196,255,14,128,174,
    201,15,128,236,166,17,128,156,216,12,128,236,166,17,128,156,
    216,12,128,236,166,17,128,156,216,12,128,214,240,17,128,178,
    142,12,128,214,240,17,128,178,142,12,128,214,240,17,128,156,
    216,12,128,236,166,17,128,156,216,12,128,236,166,17,128,156,
    216,12,128,214,240,17,128,178,142,12,128,214,240,17,128,178,
    142,12,128,214,240,17,128,178,142,12,128,214,240,17,128,156,
    216,12,128,236,166,17,128,156,216,12,128,236,166,17,128,156,
    216,12,128,214,240,17,128,178,142,12,224,181,237,107,192,188,
    255,44,17,19,66,19,66,19,66,19,66,19,66,19,66,19,
    66,19,66,19,66,19,66,19,68,17,19,66,19,66,19,66,
    19,66,19,66,19,66,19,66,19,66,19,66,19,66,19,66,
    19,66,19,66,19,66,19,66,19,66,19,66,19,66,19,66,
    19,21,17,19,5,0,4,0,249,7,0,0,240,111,0,0,
    28,0,0,0,240,111,0,0,44,3,0,0,128,112,0,0,
    9,3,0,0,144,126,0,0,231,1,0,0,128,112,0,0,
    0,8,0,0,19,0,0,0,223,137,237,224,11,128,224,163,
    130,3,224,159,138,151,2,224,195,246,108,17,18,19,20,5,
    0,14,0,5,8,0,0,232,31,255,255,28,0,0,0,104,
    113,0,0,28,0,0,0,144,126,0,0,172,2,1,0,128,
    112,0,0,176,2,0,0,144,126,0,0,119,1,0,0,63,
    0,0,0,207,143,241,177,29,208,248,204,237,12,128,233,139,
    222,8,224,143,161,6,160,138,244,147,1,224,163,227,4,128,
    168,250,91,128,224,180,22,160,204,210,251,1,224,139,185,4,
    160,128,197,174,5,224,243,212,14,160,152,129,253,2,224,165,
    215,5,17,19,66,19,66,20,66,19,66,19,66,19,66,19,
    3,0,49,0,128,0,0,0,72,31,0,0,28,0,0,0,
    48,42,0,0,161,0,1,0,32,28,0,0,166,0,0,0,
    198,0,0,0,143,133,199,168,11,208,196,180,199,12,224,139,
    255,14,160,200,230,17,224,133,163,12,160,204,171,14,224,161,
    181,14,160,230,201,15,224,209,137,15,160,182,245,14,224,139,
    255,14,160,230,201,15,224,161,181,14,160,252,255,14,224,139,
    255,14,160,252,255,14,224,139,255,14,160,252,255,14,224,139,
    255,14,160,252,255,14,224,245,200,15,160,252,255,14,224,139,
    255,14,160,252,255,14,224,139,255,14,160,252,255,14,224,139,
    255,14,160,252,255,14,224,139,255,14,160,252,255,14,224,139,
    255,14,160,252,255,14,224,245,200,15,160,252,255,14,224,139,
    255,14,160,252,255,14,224,139,255,14,160,252,255,14,224,139,
    255,14,160,252,255,14,224,139,255,14,160,252,255,14,224,139,
    255,14,160,230,201,15,224,139,255,14,160,252,255,14,224,139,
    255,14,160,252,255,14,224,239,236,12,18,65,18,65,18,65,
    18,65,18,65,18,65,18,65,18,65,18,65,18,65,18,65,
    18,65,18,65,18,65,18,65,18,65,18,65,18,65,18,65,
    18,65,18,65,18,65,18,65,18,65,65,5,0,64,0,95,
    3,0,0,192,81,0,0,28,0,0,0,96,84,0,0,91,
    3,0,0,128,112,0,0,9,3,1,0,112,98,0,0,249,
    2,0,0,112,98,0,0,249,2,1,0,3,1,0,0,255,
    252,190,222,10,192,129,222,184,1,224,185,156,248,11,224,209,
    137,15,160,252,255,14,224,209,137,15,160,252,255,14,224,209,
    137,15,160,194,138,15,192,180,128,15,128,196,255,14,128,196,
    255,14,128,196,255,14,128,196,255,14,128,196,255,14,128,196,
    255,14,128,196,255,14,128,196,255,14,128,196,255,14,128,196,
    255,14,128,196,255,14,128,174,201,15,128,196,255,14,160,252,
    255,14,128,160,157,9,224,235,225,5,128,196,255,14,128,196,
    255,14,128,196,255,14,128,196,255,14,128,196,255,14,128,196,
    255,14,128,196,255,14,128,174,201,15,128,236,166,17,128,156,
    216,12,128,236,166,17,128,156,216,12,128,236,166,17,128,156,
    216,12,128,214,240,17,128,178,142,12,128,214,240,17,128,178,
    142,12,128,214,240,17,128,156,216,12,128,236,166,17,128,156,
    216,12,128,236,166,17,128,156,216,12,128,214,240,17,128,178,
    142,12,128,214,240,17,128,178,142,12,128,214,240,17,128,178,
    142,12,128,214,240,17,128,156,216,12,128,236,166,17,128,156,
    216,12,128,236,166,17,128,156,216,12,160,142,241,17,128,178,
    142,12,17,19,66,19,66,19,66,19,66,19,66,19,66,19,
    66,19,66,19,66,19,66,19,68,17,19,66,19,66,19,66,
    19,66,19,66,19,66,19,66,19,66,19,66,19,66,19,66,
    19,66,19,66,19,66,19,66,19,66,19,66,19,66,19,68,
    17,19,5,0,67,0,95,3,0,0,188,77,0,0,28,0,
    0,0,96,84,0,0,91,3,0,0,128,112,0,0,9,3,
    1,0,112,98,0,0,249,2,0,0,112,98,0,0,249,2,
    1,0,15,1,0,0,183,155,167,226,11,248,159,198,188,2,
    224,185,156,248,11,224,209,137,15,160,252,255,14,224,209,137,
    15,160,252,255,14,224,209,137,15,160,194,138,15,192,180,128,
    15,128,196,255,14,128,196,255,14,128,196,255,14,128,196,255,
    14,128,196,255,14,128,196,255,14,128,196,255,14,128,196,255,
    14,128,196,255,14,128,196,255,14,128,196,255,14,128,174,201,
    15,128,196,255,14,160,252,255,14,128,160,157,9,224,235,225,
    5,128,196,255,14,128,196,255,14,160,167,205,4,128,213,178,
    10,128,196,255,14,128,196,255,14,128,196,255,14,128,196,255,
    14,128,174,201,15,128,236,166,17,128,156,216,12,128,236,166,
    17,128,156,216,12,128,236,166,17,128,156,216,12,128,214,240,
    17,128,178,142,12,128,214,240,17,128,178,142,12,128,214,240,
    17,128,156,216,12,128,236,166,17,128,156,216,12,128,236,166,
    17,128,156,216,12,128,214,240,17,128,178,142,12,128,214,240,
    17,128,178,142,12,128,214,240,17,128,178,142,12,128,214,240,
    17,128,156,216,12,128,236,166,17,128,156,216,12,128,236,166,
    17,128,156,216,12,128,214,240,17,128,178,142,12,224,181,237,
    107,160,230,190,52,17,19,66,19,66,19,66,19,66,19,66,
    19,66,19,66,19,66,19,66,19,66,19,68,17,19,66,19,
    66,68,17,68,17,68,17,68,17,68,17,68,17,68,17,68,
    17,68,17,68,17,68,17,68,17,68,17,68,17,68,17,68,
    17,68,17,68,17,19,17,19,6,0,65,0,83,3,0,0,
    202,68,0,0,28,0,0,0,80,70,0,0,152,1,0,0,
    112,98,0,0,249,2,1,0,96,84,0,0,91,3,0,0,
    96,84,0,0,91,3,1,0,112,98,0,0,249,2,0,0,
    7,1,0,0,147,253,229,228,11,244,185,133,191,2,224,185,
    156,248,11,224,209,137,15,160,252,255,14,224,209,137,15,160,
    252,255,14,224,209,137,15,160,194,138,15,192,180,128,15,128,
    196,255,14,128,196,255,14,128,196,255,14,128,196,255,14,128,
    196,255,14,128,196,255,14,128,196,255,14,128,196,255,14,128,
    196,255,14,128,196,255,14,128,196,255,14,128,174,201,15,128,
    196,255,14,160,252,255,14,128,160,157,9,224,235,225,5,128,
    196,255,14,128,196,255,14,128,196,255,14,128,196,255,14,128,
    196,255,14,128,196,255,14,128,196,255,14,128,174,201,15,128,
    236,166,17,128,156,216,12,128,236,166,17,128,156,216,12,128,
    236,166,17,128,156,216,12,128,214,240,17,128,178,142,12,128,
    214,240,17,128,178,142,12,128,214,240,17,128,156,216,12,128,
    236,166,17,128,156,216,12,128,236,166,17,128,156,216,12,128,
    214,240,17,128,178,142,12,128,214,240,17,128,178,142,12,128,
    214,240,17,128,178,142,12,128,214,240,17,128,156,216,12,128,
    236,166,17,128,156,216,12,128,236,166,17,128,156,216,12,128,
    214,240,17,128,178,142,12,224,181,237,107,17,19,66,19,66,
    19,66,19,66,19,66,19,66,19,66,19,66,19,66,19,66,
    19,68,17,19,66,19,66,19,66,19,66,19,66,19,66,19,
    66,19,66,19,66,19,66,19,66,19,66,19,66,19,66,19,
    66,19,66,19,66,19,66,19,66,19,21,19,7,0,51,0,
    126,3,0,0,36,48,0,0,28,0,0,0,48,42,0,0,
    25,3,0,0,80,70,0,0,152,1,0,0,96,84,0,0,
    91,3,1,0,96,84,0,0,91,3,0,0,80,70,0,0,
    152,1,1,0,64,56,0,0,156,1,0,0,207,0,0,0,
    199,176,179,222,10,232,221,211,184,1,192,129,156,248,11,224,
    209,137,15,128,196,255,14,128,138,138,15,160,252,255,14,224,
    209,137,15,160,194,138,15,192,180,128,15,128,196,255,14,128,
    196,255,14,128,196,255,14,128,196,255,14,128,196,255,14,128,
    196,255,14,128,196,255,14,128,196,255,14,128,196,255,14,160,
    252,255,14,128,196,255,14,128,174,201,15,128,196,255,14,128,
    196,255,14,128,160,157,9,224,235,225,5,160,252,255,14,128,
    196,255,14,128,196,255,14,128,196,255,14,128,196,255,14,128,
    196,255,14,128,196,255,14,128,174,201,15,128,236,166,17,128,
    156,216,12,128,236,166,17,128,156,216,12,128,236,166,17,128,
    156,216,12,128,214,240,17,128,178,142,12,128,214,240,17,128,
    178,142,12,128,214,240,17,128,156,216,12,128,236,166,17,128,
    156,216,12,128,236,166,17,128,156,216,12,128,214,240,17,17,
    18,67,20,67,18,67,18,67,18,67,18,67,18,67,18,67,
    18,69,22,69,22,69,22,18,69,22,69,22,69,22,69,22,
    69,22,69,22,69,22,69,22,69,22,69,22,69,22,69,22,
    69,18,7,0,8,0,176,7,0,0,128,102,0,0,28,0,
    0,0,128,102,0,0,38,6,0,0,120,105,0,0,3,3,
    0,0,144,126,0,0,231,1,0,0,128,112,0,0,9,3,
    0,0,128,112,0,0,0,8,0,0,112,98,0,0,182,7,
    0,0,37,0,0,0,255,199,131,192,14,128,196,186,225,5,
    144,148,150,150,2,208,169,234,109,176,222,174,78,240,255,146,
    60,144,226,180,155,3,240,215,165,210,5,17,18,19,18,20,
    18,21,22,4,0,5,0,223,2,0,0,228,117,0,0,28,
    0,0,0,136,119,0,0,229,2,0,0,144,126,0,0,119,
    1,0,0,144,126,0,0,229,2,0,0,23,0,0,0,199,
    185,192,194,14,184,149,241,112,240,169,202,244,7,128,132,245,
    185,16,128,204,243,81,17,18,19,17,19,6,0,52,0,126,
    3,0,0,164,59,0,0,28,0,0,0,64,56,0,0,156,
    1,0,0,80,70,0,0,152,1,0,0,96,84,0,0,91,
    3,1,0,96,84,0,0,91,3,0,0,80,70,0,0,152,
    1,1,0,212,0,0,0,199,222,179,222,10,200,211,211,184,
    1,224,185,156,248,11,224,209,137,15,128,196,255,14,128,138,
    138,15,160,252,255,14,224,209,137,15,160,194,138,15,192,180,
    128,15,128,196,255,14,128,196,255,14,128,196,255,14,128,196,
    255,14,128,196,255,14,128,196,255,14,128,196,255,14,128,196,
    255,14,128,196,255,14,128,196,255,14,128,196,255,14,128,174,
    201,15,128,196,255,14,160,252,255,14,128,160,157,9,224,235,
    225,5,128,196,255,14,128,196,255,14,128,196,255,14,128,196,
    255,14,128,196,255,14,128,196,255,14,128,196,255,14,128,174,
    201,15,128,236,166,17,128,156,216,12,128,236,166,17,128,156,
    216,12,128,236,166,17,128,156,216,12,128,214,240,17,128,178,
    142,12,128,214,240,17,128,178,142,12,128,214,240,17,128,156,
    216,12,128,236,166,17,128,156,216,12,128,236,166,17,128,156,
    216,12,128,214,240,17,160,149,230,197,4,17,18,67,20,67,
    18,67,18,67,18,67,18,67,18,67,18,67,18,67,18,67,
    18,69,17,18,67,18,67,18,67,18,67,18,67,18,67,18,
    67,18,67,18,67,18,67,18,67,18,67,18,67,20,18,6,
    0,52,0,126,3,0,0,96,61,0,0,28,0,0,0,64,
    56,0,0,156,1,0,0,80,70,0,0,152,1,0,0,96,
    84,0,0,91,3,1,0,96,84,0,0,91,3,0,0,80,
    70,0,0,152,1,1,0,212,0,0,0,191,229,179,222,10,
    192,218,211,184,1,224,185,156,248,11,224,209,137,15,128,196,
    255,14,128,138,138,15,160,252,255,14,224,209,137,15,160,194,
    138,15,192,180,128,15,128,196,255,14,128,196,255,14,128,196,
    255,14,128,196,255,14,128,196,255,14,128,196,255,14,128,196,
    255,14,128,196,255,14,128,196,255,14,128,196,255,14,128,196,
    255,14,128,174,201,15,128,196,255,14,160,252,255,14,224,231,
    156,9,224,235,225,5,160,252,255,14,128,196,255,14,128,196,
    255,14,128,196,255,14,128,196,255,14,128,196,255,14,128,196,
    255,14,128,174,201,15,128,236,166,17,128,156,216,12,128,236,
    166,17,128,156,216,12,128,236,166,17,128,156,216,12,128,214,
    240,17,128,178,142,12,128,214,240,17,128,178,142,12,128,214,
    240,17,128,156,216,12,128,236,166,17,128,156,216,12,128,236,
    166,17,128,156,216,12,128,214,240,17,160,223,190,169,3,17,
    18,67,20,67,18,67,18,67,18,67,18,67,18,67,18,67,
    18,67,18,67,18,69,18,20,67,18,67,18,67,18,67,18,
    67,18,67,18,67,18,67,18,67,18,67,18,67,18,67,18,
    67,20,18,6,0,66,0,158,4,0,0,200,133,0,0,28,
    0,0,0,144,126,0,0,231,1,0,0,192,168,0,0,239,
    1,1,0,176,154,0,0,223,1,0,0,176,154,0,0,223,
    1,1,0,160,140,0,0,227,1,0,0,11,1,0,0,143,
    201,249,144,15,240,148,255,179,9,192,145,180,175,8,224,209,
    137,15,160,252,255,14,224,209,137,15,160,252,255,14,224,209,
    137,15,160,194,138,15,192,180,128,15,128,196,255,14,128,196,
    255,14,128,196,255,14,128,196,255,14,128,196,255,14,128,196,
    255,14,128,196,255,14,128,196,255,14,128,196,255,14,128,196,
    255,14,128,196,255,14,128,174,201,15,128,196,255,14,160,252,
    255,14,128,160,157,9,224,235,225,5,128,196,255,14,128,196,
    255,14,128,196,255,14,128,196,255,14,128,196,255,14,128,196,
    255,14,128,196,255,14,128,174,201,15,128,236,166,17,128,156,
    216,12,160,164,167,17,128,156,216,12,128,236,166,17,128,156,
    216,12,128,214,240,17,128,178,142,12,128,214,240,17,128,178,
    142,12,128,214,240,17,128,156,216,12,128,236,166,17,128,156,
    216,12,128,236,166,17,128,156,216,12,128,214,240,17,128,178,
    142,12,128,214,240,17,128,178,142,12,128,214,240,17,128,178,
    142,12,128,214,240,17,128,156,216,12,128,236,166,17,128,156,
    216,12,128,236,166,17,128,156,216,12,128,214,240,17,128,178,
    142,12,224,181,237,107,160,220,215,42,17,19,66,19,66,19,
    66,19,66,19,66,19,66,19,66,19,66,19,66,19,66,19,
    68,21,19,66,19,66,19,66,19,66,19,66,19,68,21,68,
    21,68,21,68,21,68,21,68,21,68,21,68,21,68,21,68,
    21,68,21,68,21,68,21,68,21,19,21,19,5,0,24,0,
    126,3,0,0,201,62,0,0,28,0,0,0,64,56,0,0,
    156,1,0,0,80,70,0,0,152,1,0,0,96,84,0,0,
    91,3,1,0,96,84,0,0,91,3,0,0,99,0,0,0,
    145,235,179,222,10,146,224,211,184,1,224,185,156,248,11,224,
    209,137,15,128,196,255,14,128,138,138,15,160,252,255,14,224,
    209,137,15,160,194,138,15,192,180,128,15,128,196,255,14,128,
    196,255,14,128,196,255,14,128,196,255,14,128,196,255,14,128,
    196,255,14,128,196,255,14,128,196,255,14,128,196,255,14,128,
    196,255,14,128,196,255,14,128,174,201,15,128,196,255,14,128,
    196,255,14,17,18,67,20,67,18,67,18,67,18,67,18,67,
    18,67,18,67,18,67,18,67,18,67,18,6,0,65,0,158,
    4,0,0,28,144,0,0,28,0,0,0,160,140,0,0,227,
    1,0,0,192,168,0,0,239,1,1,0,176,154,0,0,223,
    1,0,0,176,154,0,0,223,1,1,0,192,168,0,0,239,
    1,0,0,7,1,0,0,183,176,182,222,10,248,211,211,184,
    1,224,185,156,248,11,224,209,137,15,160,252,255,14,224,209,
    137,15,160,252,255,14,224,209,137,15,160,194,138,15,192,180,
    128,15,128,196,255,14,128,196,255,14,128,196,255,14,128,196,
    255,14,128,196,255,14,128,196,255,14,128,196,255,14,128,196,
    255,14,128,196,255,14,128,196,255,14,128,196,255,14,128,174,
    201,15,128,196,255,14,160,252,255,14,128,160,157,9,224,235,
    225,5,128,196,255,14,128,196,255,14,128,196,255,14,128,196,
    255,14,128,196,255,14,128,196,255,14,128,196,255,14,128,174,
    201,15,128,236,166,17,128,156,216,12,128,236,166,17,128,156,
    216,12,128,236,166,17,128,156,216,12,128,214,240,17,128,178,
    142,12,128,214,240,17,128,178,142,12,128,214,240,17,128,156,
    216,12,128,236,166,17,128,156,216,12,128,236,166,17,128,156,
    216,12,128,214,240,17,128,178,142,12,128,214,240,17,128,178,
    142,12,128,214,240,17,128,178,142,12,128,214,240,17,128,156,
    216,12,128,236,166,17,128,156,216,12,128,236,166,17,128,156,
    216,12,128,214,240,17,128,178,142,12,224,181,237,107,17,19,
    66,19,66,19,66,19,66,19,66,19,66,19,66,19,66,19,
    66,19,66,19,68,17,19,66,19,66,19,66,19,66,19,66,
    19,66,19,66,19,66,19,66,19,66,19,66,19,66,19,66,
    19,66,19,66,19,66,19,66,19,66,19,66,19,21,19,5,
    0,24,0,126,3,0,0,247,64,0,0,28,0,0,0,80,
    70,0,0,152,1,0,0,112,98,0,0,249,2,1,0,96,
    84,0,0,91,3,0,0,96,84,0,0,91,3,1,0,99,
    0,0,0,237,243,179,222,10,206,176,211,184,1,224,185,156,
    248,11,224,209,137,15,160,252,255,14,224,209,137,15,160,252,
    255,14,224,209,137,15,160,194,138,15,192,180,128,15,128,196,
    255,14,128,196,255,14,128,196,255,14,128,196,255,14,128,196,
    255,14,128,196,255,14,128,196,255,14,128,196,255,14,128,196,
    255,14,128,196,255,14,128,196,255,14,128,174,201,15,128,196,
    255,14,160,252,255,14,17,19,66,19,66,19,66,19,66,19,
    66,19,66,19,66,19,66,19,66,19,66,19,68,17,6,0,
    51,0,134,3,0,0,255,41,0,0,28,0,0,0,255,41,
    0,0,11,8,0,0,48,42,0,0,25,3,0,0,80,70,
    0,0,152,1,1,0,64,56,0,0,156,1,0,0,64,56,
    0,0,156,1,1,0,208,0,0,0,253,151,202,148,21,128,
    128,151,182,10,158,201,131,220,7,224,181,236,212,5,224,209,
    137,15,160,252,255,14,224,209,137,15,160,252,255,14,224,209,
    137,15,160,194,138,15,192,180,128,15,128,196,255,14,128,196,
    255,14,128,196,255,14,128,196,255,14,128,196,255,14,128,196,
    255,14,128,196,255,14,128,196,255,14,128,196,255,14,128,196,
    255,14,128,196,255,14,128,174,201,15,128,196,255,14,160,252,
    255,14,192,211,254,14,224,139,255,14,160,252,255,14,224,139,
    255,14,160,252,255,14,224,139,255,14,128,196,255,14,224,139,
    255,14,160,230,201,15,224,187,165,47,160,212,216,12,224,179,
    166,17,160,212,216,12,224,157,240,17,160,234,142,12,224,157,
    240,17,160,234,142,12,224,157,240,17,160,212,216,12,224,179,
    166,17,160,212,216,12,224,179,166,17,160,212,216,12,224,169,
    191,7,128,213,178,10,128,178,142,12,17,18,20,67,20,67,
    20,67,20,67,20,67,20,67,20,67,20,67,20,67,20,67,
    20,69,18,69,18,69,18,69,20,67,20,67,20,67,20,67,
    20,67,20,67,20,67,20,67,20,67,69,18,20,3,0,2,
    0,83,3,0,0,12,84,0,0,28,0,0,0,88,77,0,
    0,134,7,0,0,96,84,0,0,91,3,0,0,10,0,0,
    0,151,170,207,161,5,232,224,217,183,9,17,18,5,0,67,
    0,95,3,0,0,167,79,0,0,28,0,0,0,96,84,0,
    0,91,3,0,0,128,112,0,0,9,3,1,0,112,98,0,
    0,249,2,0,0,112,98,0,0,249,2,1,0,15,1,0,
    0,205,196,213,225,11,142,201,244,187,2,224,185,156,248,11,
    224,209,137,15,160,252,255,14,224,209,137,15,160,252,255,14,
    224,209,137,15,160,194,138,15,192,180,128,15,128,196,255,14,
    128,196,255,14,128,196,255,14,128,196,255,14,128,196,255,14,
    128,196,255,14,128,196,255,14,128,196,255,14,128,196,255,14,
    128,196,255,14,128,196,255,14,128,174,201,15,128,196,255,14,
    160,252,255,14,128,160,157,9,224,235,225,5,128,196,255,14,
    128,196,255,14,128,196,255,14,128,196,255,14,128,196,255,14,
    128,196,255,14,128,196,255,14,128,174,201,15,128,236,166,17,
    128,156,216,12,128,236,166,17,128,156,216,12,128,236,166,17,
    128,156,216,12,128,214,240,17,128,178,142,12,128,214,240,17,
    128,178,142,12,128,214,240,17,128,156,216,12,128,250,198,2,
    160,170,224,14,128,156,216,12,128,236,166,17,128,156,216,12,
    128,214,240,17,128,178,142,12,128,214,240,17,128,178,142,12,
    128,214,240,17,128,178,142,12,128,214,240,17,128,156,216,12,
    128,236,166,17,128,156,216,12,128,236,166,17,128,156,216,12,
    128,214,240,17,128,178,142,12,224,181,237,107,160,150,240,47,
    17,19,66,19,66,19,66,19,66,19,66,19,66,19,66,19,
    66,19,66,19,66,19,68,17,19,66,19,66,19,66,19,66,
    19,66,19,66,19,66,19,66,19,66,19,66,19,66,68,17,
    68,17,68,17,68,17,68,17,68,17,68,17,68,17,68,17,
    19,17,19,8,0,66,0,172,4,0,0,70,134,0,0,28,
    0,0,0,128,112,0,0,9,3,0,0,144,126,0,0,231,
    1,0,0,176,154,0,0,223,1,0,0,192,168,0,0,239,
    1,1,0,176,154,0,0,223,1,1,0,160,140,0,0,227,
    1,0,0,192,168,0,0,239,1,0,0,11,1,0,0,139,
    137,161,226,11,140,157,191,188,2,224,185,156,248,11,160,225,
    136,15,160,252,255,14,224,209,137,15,160,252,255,14,224,209,
    137,15,160,194,138,15,192,180,128,15,128,196,255,14,128,196,
    255,14,128,196,255,14,128,196,255,14,128,196,255,14,128,196,
    255,14,128,196,255,14,128,196,255,14,128,196,255,14,128,196,
    255,14,128,196,255,14,128,174,201,15,128,196,255,14,160,252,
    255,14,128,160,157,9,224,235,225,5,128,196,255,14,128,196,
    255,14,128,196,255,14,128,196,255,14,128,196,255,14,128,196,
    255,14,128,196,255,14,128,174,201,15,128,236,166,17,128,156,
    216,12,128,236,166,17,128,156,216,12,128,236,166,17,128,156,
    216,12,128,214,240,17,128,178,142,12,128,214,240,17,128,178,
    142,12,128,214,240,17,128,156,216,12,128,236,166,17,128,156,
    216,12,128,236,166,17,128,156,216,12,128,214,240,17,128,178,
    142,12,128,214,240,17,128,178,142,12,128,214,240,17,128,178,
    142,12,128,214,240,17,128,156,216,12,128,236,166,17,128,156,
    216,12,128,236,166,17,128,156,216,12,128,214,240,17,128,178,
    142,12,160,211,255,13,224,154,238,93,17,18,68,19,68,19,
    68,19,68,19,68,19,68,19,68,19,68,19,68,19,68,19,
    69,22,19,68,19,68,19,68,19,68,19,68,19,68,19,68,
    19,68,19,68,19,68,19,68,19,68,19,68,19,68,19,68,
    19,68,19,68,19,68,19,68,19,23,19,22,6,0,65,0,
    172,4,0,0,163,123,0,0,28,0,0,0,144,126,0,0,
    231,1,0,0,176,154,0,0,223,1,1,0,160,140,0,0,
    227,1,0,0,160,140,0,0,227,1,1,0,176,154,0,0,
    223,1,0,0,7,1,0,0,197,226,181,138,11,166,190,211,
    228,1,224,185,156,248,11,224,209,137,15,160,252,255,14,224,
    209,137,15,160,252,255,14,224,209,137,15,160,194,138,15,192,
    180,128,15,128,196,255,14,128,196,255,14,128,196,255,14,128,
    196,255,14,128,196,255,14,128,196,255,14,128,196,255,14,128,
    196,255,14,128,196,255,14,128,196,255,14,128,196,255,14,128,
    174,201,15,128,196,255,14,160,252,255,14,128,160,157,9,224,
    235,225,5,128,196,255,14,128,196,255,14,128,196,255,14,128,
    196,255,14,128,196,255,14,128,196,255,14,128,196,255,14,128,
    174,201,15,128,236,166,17,128,156,216,12,128,236,166,17,128,
    156,216,12,128,236,166,17,128,156,216,12,128,214,240,17,128,
    178,142,12,128,214,240,17,128,178,142,12,128,214,240,17,128,
    156,216,12,128,236,166,17,128,156,216,12,128,236,166,17,128,
    156,216,12,128,214,240,17,128,178,142,12,128,214,240,17,128,
    178,142,12,128,214,240,17,128,178,142,12,128,214,240,17,128,
    156,216,12,128,236,166,17,128,156,216,12,128,236,166,17,128,
    156,216,12,128,214,240,17,128,178,142,12,224,181,237,107,17,
    19,66,19,66,19,66,19,66,19,66,19,66,19,66,19,66,
    19,66,19,66,19,68,17,19,66,19,66,19,66,19,66,19,
    66,19,66,19,66,19,66,19,66,19,66,19,66,19,66,19,
    66,19,66,19,66,19,66,19,66,19,66,19,66,19,21,19,
    6,0,65,0,104,5,0,0,162,121,0,0,28,0,0,0,
    128,112,0,0,9,3,0,0,160,140,0,0,227,1,1,0,
    144,126,0,0,231,1,0,0,144,126,0,0,231,1,1,0,
    160,140,0,0,227,1,0,0,7,1,0,0,195,214,160,226,
    11,196,234,190,188,2,224,185,156,248,11,224,209,137,15,160,
    252,255,14,224,209,137,15,160,252,255,14,224,209,137,15,160,
    194,138,15,192,180,128,15,128,196,255,14,128,196,255,14,128,
    196,255,14,128,196,255,14,128,196,255,14,128,196,255,14,128,
    196,255,14,128,196,255,14,128,196,255,14,128,196,255,14,128,
    196,255,14,128,174,201,15,128,196,255,14,160,252,255,14,128,
    160,157,9,224,235,225,5,128,196,255,14,128,196,255,14,128,
    196,255,14,128,196,255,14,128,196,255,14,128,196,255,14,128,
    196,255,14,128,174,201,15,128,236,166,17,128,156,216,12,128,
    236,166,17,128,156,216,12,128,236,166,17,128,156,216,12,128,
    214,240,17,128,178,142,12,128,214,240,17,128,178,142,12,128,
    214,240,17,128,156,216,12,128,236,166,17,128,156,216,12,128,
    236,166,17,128,156,216,12,128,214,240,17,128,178,142,12,128,
    214,240,17,128,178,142,12,128,214,240,17,128,178,142,12,128,
    214,240,17,128,156,216,12,128,236,166,17,128,156,216,12,128,
    236,166,17,128,156,216,12,128,214,240,17,128,178,142,12,224,
    181,237,107,17,19,66,19,66,19,66,19,66,19,66,19,66,
    19,66,19,66,19,66,19,66,19,68,17,19,66,19,66,19,
    66,19,66,19,66,19,66,19,66,19,66,19,66,19,66,19,
    66,19,66,19,66,19,66,19,66,19,66,19,66,19,66,19,
    66,19,21,19,7,0,66,0,126,3,0,0,217,56,0,0,
    28,0,0,0,193,52,0,0,38,6,0,0,64,56,0,0,
    156,1,0,0,96,84,0,0,91,3,1,0,80,70,0,0,
    152,1,0,0,80,70,0,0,152,1,1,0,96,84,0,0,
    91,3,0,0,11,1,0,0,177,219,135,202,12,176,163,157,
    91,130,173,138,201,2,224,185,156,248,11,224,209,137,15,160,
    252,255,14,224,209,137,15,160,252,255,14,224,209,137,15,160,
    194,138,15,192,180,128,15,128,196,255,14,128,196,255,14,128,
    196,255,14,128,196,255,14,128,196,255,14,128,196,255,14,128,
    196,255,14,128,196,255,14,128,196,255,14,128,196,255,14,128,
    196,255,14,128,174,201,15,128,196,255,14,160,252,255,14,128,
    160,157,9,224,235,225,5,128,196,255,14,128,196,255,14,128,
    196,255,14,128,196,255,14,128,196,255,14,128,196,255,14,128,
    196,255,14,128,174,201,15,128,236,166,17,128,156,216,12,128,
    236,166,17,128,156,216,12,128,236,166,17,128,156,216,12,128,
    214,240,17,128,178,142,12,128,214,240,17,128,178,142,12,128,
    214,240,17,128,156,216,12,128,236,166,17,128,156,216,12,128,
    236,166,17,128,156,216,12,128,214,240,17,128,178,142,12,128,
    214,240,17,128,178,142,12,128,214,240,17,128,178,142,12,128,
    214,240,17,128,156,216,12,128,236,166,17,128,156,216,12,128,
    236,166,17,128,156,216,12,128,214,240,17,128,178,142,12,224,
    181,237,107,17,18,20,67,20,67,20,67,20,67,20,67,20,
    67,20,67,20,67,20,67,20,67,20,69,18,20,67,20,67,
    20,67,20,67,20,67,20,67,20,67,20,67,20,67,20,67,
    20,67,20,67,20,67,20,67,20,67,20,67,20,67,20,67,
    20,67,20,22,20,5,0,62,0,134,3,0,0,184,41,0,
    0,28,0,0,0,48,42,0,0,25,3,0,0,80,70,0,
    0,152,1,1,0,64,56,0,0,156,1,0,0,64,56,0,
    0,156,1,1,0,251,0,0,0,239,150,179,222,10,144,200,
    131,220,7,224,181,236,212,5,224,209,137,15,160,252,255,14,
    224,209,137,15,160,252,255,14,224,209,137,15,160,194,138,15,
    192,180,128,15,128,196,255,14,128,196,255,14,128,196,255,14,
    128,196,255,14,128,196,255,14,128,196,255,14,128,196,255,14,
    128,196,255,14,128,196,255,14,128,196,255,14,128,196,255,14,
    128,174,201,15,128,196,255,14,160,252,255,14,128,196,255,14,
    128,196,255,14,128,196,255,14,128,196,255,14,128,196,255,14,
    128,196,255,14,128,196,255,14,128,196,255,14,224,253,199,45,
    128,236,166,17,128,156,216,12,128,236,166,17,128,156,216,12,
    128,214,240,17,128,178,142,12,128,214,240,17,128,178,142,12,
    128,214,240,17,128,156,216,12,128,236,166,17,128,156,216,12,
    128,236,166,17,128,156,216,12,128,214,240,17,128,178,142,12,
    128,214,240,17,128,178,142,12,128,214,240,17,128,178,142,12,
    128,214,240,17,128,156,216,12,128,236,166,17,128,156,216,12,
    128,236,166,17,128,156,216,12,128,214,240,17,128,178,142,12,
    128,214,240,17,17,19,66,19,66,19,66,19,66,19,66,19,
    66,19,66,19,66,19,66,19,66,19,68,17,68,17,68,17,
    68,17,68,19,66,19,66,19,66,19,66,19,66,19,66,19,
    66,19,66,19,66,19,66,19,66,19,66,19,66,19,66,19,
    66,19,3,0,17,0,237,2,0,0,0,0,0,0,38,1,
    0,0,128,112,0,0,9,3,0,0,176,154,0,0,223,1,
    0,0,70,0,0,0,255,205,137,30,192,230,217,203,9,160,
    147,174,11,224,196,206,49,224,197,209,9,224,183,179,140,1,
    160,206,206,41,224,148,168,17,128,165,160,13,224,158,201,16,
    160,255,235,12,248,236,166,17,168,220,160,13,216,171,222,16,
    168,220,160,13,216,171,222,16,136,179,130,13,17,18,17,18,
    17,18,17,18,17,18,17,18,17,18,17,18,17,3,0,7,
    0,95,3,0,0,0,0,0,0,38,1,0,0,112,98,0,
    0,249,2,0,0,80,70,0,0,152,1,0,0,31,0,0,
    0,255,255,157,134,3,160,252,220,234,1,224,175,254,127,224,
    164,147,201,9,160,152,239,11,224,191,141,49,160,182,210,9,
    17,16,17,18,17,18,17,3,0,91,0,115,6,0,0,0,
    0,0,0,38,1,0,0,160,140,0,0,149,6,0,0,176,
    154,0,0,144,6,1,0,112,1,0,0,255,167,215,191,16,
    128,138,131,253,3,128,218,181,14,192,149,220,60,192,206,165,
    232,6,128,148,177,203,4,128,196,255,14,128,236,166,17,128,
    222,250,10,128,170,132,19,128,222,250,10,128,170,132,19,128,
    200,196,11,128,170,132,19,128,138,231,9,128,254,151,20,128,
    244,176,10,128,148,206,19,128,244,176,10,128,148,206,19,128,
    244,176,10,128,148,206,19,128,222,250,10,128,148,206,19,128,
    244,176,10,128,148,206,19,128,244,176,10,128,148,206,19,128,
    244,176,10,128,148,206,19,128,244,176,10,128,148,206,19,128,
    244,176,10,128,148,206,19,128,156,216,12,128,214,240,17,128,
    178,142,12,128,214,240,17,128,244,176,10,128,148,206,19,128,
    244,176,10,128,148,206,19,128,244,176,10,128,170,132,19,128,
    178,142,12,128,192,186,18,128,178,142,12,128,192,186,18,128,
    200,196,11,128,192,186,18,128,200,196,11,128,192,186,18,128,
    156,216,12,128,174,201,15,128,218,181,14,128,174,201,15,128,
    218,181,14,128,174,201,15,128,218,181,14,128,174,201,15,128,
    218,181,14,128,174,201,15,128,196,255,14,128,174,201,15,128,
    218,181,14,128,174,201,15,128,218,181,14,128,174,201,15,128,
    218,181,14,128,174,201,15,128,218,181,14,128,156,216,12,128,
    236,166,17,128,152,147,16,128,218,181,14,128,174,201,15,128,
    218,181,14,128,174,201,15,128,218,181,14,128,174,201,15,128,
    218,181,14,128,174,201,15,128,196,255,14,128,196,255,14,128,
    218,181,14,128,152,147,16,128,196,255,14,128,196,255,14,128,
    196,255,14,128,196,255,14,160,251,178,37,17,66,17,16,17,
    66,17,66,17,66,17,66,17,66,17,66,17,66,17,66,17,
    66,17,66,17,66,17,66,17,66,17,66,17,66,17,66,17,
    66,17,66,17,66,17,66,17,66,17,66,17,66,17,66,17,
    66,17,66,17,66,17,66,17,66,17,66,17,66,17,66,17,
    66,17,66,17,66,17,66,17,66,17,66,17,66,17,66,17,
    66,17,66,17,66,66,3,0,2,0,126,3,0,0,0,0,
    0,0,38,1,0,0,96,84,0,0,91,3,0,0,80,70,
    0,0,152,1,0,0,10,0,0,0,255,181,254,221,3,128,
    191,207,139,13,17,18,5,0,82,0,243,3,0,0,0,0,
    0,0,38,1,0,0,192,199,255,255,254,3,0,0,208,213,
    255,255,250,3,1,0,224,227,255,255,177,3,1,0,208,213,
    255,255,250,3,0,0,75,1,0,0,255,203,186,150,1,224,
    202,239,4,160,144,229,18,224,189,164,11,160,144,229,18,224,
    253,245,13,160,252,255,14,224,245,200,15,160,252,255,14,224,
    139,255,14,160,252,255,14,224,217,184,129,1,224,147,137,8,
    160,180,226,240,1,160,132,173,13,224,227,215,12,160,164,167,
    17,224,227,215,12,160,142,241,17,224,249,141,12,160,142,241,
    17,224,249,141,12,160,142,241,17,224,139,255,14,160,252,255,
    14,224,227,215,12,160,164,167,17,224,227,215,12,160,142,241,
    17,224,249,141,12,160,230,201,15,224,161,181,14,160,142,241,
    17,224,227,215,12,160,164,167,17,224,227,215,12,160,164,167,
    17,224,227,215,12,160,164,167,17,224,227,215,12,160,142,241,
    17,224,249,141,12,160,142,241,17,224,183,235,13,160,208,147,
    16,224,227,215,12,160,208,147,16,224,245,200,15,160,230,201,
    15,224,227,215,12,160,142,241,17,224,249,141,12,160,142,241,
    17,224,249,141,12,160,142,241,17,224,249,141,12,160,142,241,
    17,224,227,215,12,160,164,167,17,224,227,215,12,160,164,167,
    17,224,227,215,12,160,142,241,17,224,249,141,12,160,142,241,
    17,224,183,235,13,160,208,147,16,224,227,215,12,160,164,167,
    17,224,161,181,14,160,230,201,15,224,179,166,17,160,238,211,
    8,224,175,225,20,160,172,177,10,224,219,205,19,160,150,251,
    10,224,241,131,19,160,150,251,10,224,183,224,50,160,154,192,
    7,224,231,156,9,66,17,66,17,66,17,66,17,66,17,20,
    67,20,17,66,17,66,17,66,17,66,17,66,17,66,17,66,
    17,66,17,66,17,66,17,66,17,66,17,66,17,66,17,66,
    17,66,17,66,17,66,17,66,17,66,17,66,17,66,17,66,
    17,66,17,66,17,66,17,66,17,66,17,66,17,66,17,66,
    17,66,17,66,17,66,20,2,0,1,0,243,3,0,0,0,
    0,0,0,38,1,0,0,208,213,255,255,250,3,0,0,5,
    0,0,0,128,180,145,208,1,17,2,0,1,0,16,8,0,
    0,0,0,0,0,38,1,0,0,0,0,0,0,181,3,0,
    0,5,0,0,0,128,156,234,160,8,17,3,0,4,0,126,
    3,0,0,0,0,0,0,38,1,0,0,112,98,0,0,249,
    2,0,0,80,70,0,0,152,1,0,0,19,0,0,0,255,
    217,187,234,2,160,190,165,191,8,224,175,194,22,224,128,206,
    236,6,17,16,17,18,4,0,25,0,1,0,0,0,108,1,
    0,0,28,0,0,0,0,0,0,0,36,0,0,0,16,14,
    0,0,40,0,0,0,32,28,0,0,44,0,1,0,103,0,
    0,0,215,177,202,156,16,216,157,217,224,10,160,204,214,134,
    9,128,196,255,14,128,196,255,14,128,196,255,14,128,196,255,
    14,128,196,255,14,128,196,255,14,128,196,255,14,128,196,255,
    14,128,196,255,14,128,196,255,14,128,174,201,15,128,196,255,
    14,128,196,255,14,128,196,255,14,128,196,255,14,128,196,255,
    14,128,196,255,14,128,196,255,14,128,196,255,14,128,196,255,
    14,128,196,255,14,128,174,201,15,17,18,67,18,67,18,67,
    18,67,18,67,18,67,18,67,18,67,18,67,18,67,18,67,
    18,67,5,0,64,0,134,3,0,0,12,45,0,0,28,0,
    0,0,48,42,0,0,25,3,0,0,80,70,0,0,152,1,
    1,0,64,56,0,0,156,1,0,0,64,56,0,0,156,1,
    1,0,3,1,0,0,151,234,189,222,10,184,151,222,184,1,
    224,185,156,248,11,224,209,137,15,160,252,255,14,224,209,137,
    15,160,252,255,14,224,209,137,15,160,194,138,15,192,180,128,
    15,128,196,255,14,128,196,255,14,128,196,255,14,128,196,255,
    14,128,196,255,14,128,196,255,14,128,196,255,14,128,196,255,
    14,128,196,255,14,160,252,255,14,128,196,255,14,128,174,201,
    15,128,196,255,14,224,207,254,29,160,252,255,14,128,196,255,
    14,128,196,255,14,128,196,255,14,128,196,255,14,128,196,255,
    14,128,196,255,14,128,174,201,15,128,236,166,17,128,156,216,
    12,128,236,166,17,128,156,216,12,128,236,166,17,128,156,216,
    12,128,214,240,17,128,178,142,12,128,214,240,17,128,178,142,
    12,128,214,240,17,128,156,216,12,128,236,166,17,128,156,216,
    12,128,236,166,17,128,156,216,12,128,214,240,17,128,178,142,
    12,128,214,240,17,128,178,142,12,128,214,240,17,128,178,142,
    12,128,214,240,17,128,156,216,12,128,236,166,17,128,156,216,
    12,128,236,166,17,128,156,216,12,128,214,240,17,128,178,142,
    12,224,181,237,107,160,220,215,42,17,19,66,19,66,19,66,
    19,66,19,66,19,66,19,66,19,66,19,68,17,68,17,19,
    68,17,68,17,68,17,68,17,68,17,68,17,68,17,68,17,
    68,17,68,17,68,17,68,17,68,17,68,17,68,17,68,17,
    68,17,68,17,68,17,19,17,19,3,0,36,0,1,0,0,
    0,56,19,0,0,28,0,0,0,16,14,0,0,40,0,0,
    0,32,28,0,0,44,0,1,0,147,0,0,0,239,190,152,
    156,20,176,150,170,188,13,224,212,168,46,128,178,142,12,128,
    174,201,15,128,196,255,14,128,196,255,14,128,156,251,17,128,
    210,229,10,128,188,171,233,8,128,196,255,14,128,196,255,14,
    128,174,201,15,128,196,255,14,128,196,255,14,128,196,255,14,
    128,196,255,14,128,196,255,14,128,196,255,14,128,196,255,14,
    128,196,255,14,128,196,255,14,128,196,255,14,128,196,255,14,
    128,174,201,15,128,196,255,14,128,196,255,14,128,196,255,14,
    128,196,255,14,128,196,255,14,128,196,255,14,128,196,255,14,
    128,196,255,14,128,196,255,14,128,196,255,14,128,174,201,15,
    17,66,17,66,17,66,17,66,17,66,17,66,17,66,17,66,
    17,66,17,66,17,66,17,66,17,66,17,66,17,66,17,66,
    17,66,17,66,5,0,61,0,1,0,0,0,136,13,0,0,
    28,0,0,0,136,13,0,0,38,6,0,0,32,28,0,0,
    44,0,1,0,16,14,0,0,40,0,0,0,0,0,0,0,
    27,1,1,0,249,0,0,0,143,180,179,155,28,128,224,178,
    232,9,208,177,225,227,5,160,142,206,12,192,206,158,16,128,
    156,216,12,128,236,166,17,128,156,216,12,128,232,166,136,5,
    128,230,238,77,128,178,142,12,128,174,201,15,128,196,255,14,
    128,196,255,14,128,196,255,14,128,196,255,14,128,214,240,17,
    128,214,205,12,160,136,207,4,128,248,245,6,224,151,206,4,
    128,240,235,13,128,152,147,16,128,240,235,13,128,232,190,15,
    128,160,192,14,128,190,213,247,6,128,196,255,14,128,174,201,
    15,128,218,181,14,128,196,255,14,128,196,255,14,128,196,255,
    14,128,196,255,14,128,196,255,14,128,196,255,14,128,196,255,
    14,128,174,201,15,128,196,255,14,128,196,255,14,128,196,255,
    14,128,196,255,14,128,196,255,14,128,196,255,14,128,196,255,
    14,128,196,255,14,128,196,255,14,128,196,255,14,128,196,255,
    14,128,174,201,15,128,196,255,14,128,196,255,14,128,196,255,
    14,128,196,255,14,128,196,255,14,128,196,255,14,128,196,255,
    14,128,196,255,14,128,196,255,14,128,196,255,14,128,174,201,
    15,17,19,66,19,66,19,66,19,66,19,66,19,66,19,66,
    19,66,19,4,19,66,19,66,19,66,19,66,19,66,19,66,
    19,66,19,66,19,66,19,66,19,66,19,66,19,66,19,66,
    19,66,19,66,19,66,19,66,19,66,19,66,19,66,4,0,
    55,0,128,0,0,0,120,24,0,0,28,0,0,0,120,24,
    0,0,32,0,0,0,48,42,0,0,161,0,1,0,32,28,
    0,0,166,0,0,0,223,0,0,0,239,255,128,179,18,128,
    200,135,174,9,176,133,241,24,128,164,133,11,128,196,255,14,
    128,196,255,14,128,174,201,15,128,196,255,14,128,196,255,14,
    128,196,255,14,128,196,255,14,128,196,255,14,128,196,255,14,
    128,196,255,14,128,196,255,14,128,196,255,14,128,196,255,14,
    128,196,255,14,128,178,174,169,9,224,187,176,10,128,174,201,
    15,160,146,182,14,192,180,128,15,128,196,255,14,128,196,255,
    14,128,196,255,14,128,196,255,14,128,196,255,14,128,196,255,
    14,128,174,201,15,128,196,255,14,128,196,255,14,128,196,255,
    14,128,196,255,14,128,196,255,14,128,196,255,14,128,196,255,
    14,128,196,255,14,128,196,255,14,128,196,255,14,128,196,255,
    14,128,174,201,15,192,211,254,14,128,196,255,14,128,196,255,
    14,128,196,255,14,128,196,255,14,128,196,255,14,128,196,255,
    14,224,139,255,14,160,252,255,14,224,139,255,14,160,230,201,
    15,224,179,166,17,160,196,184,5,17,19,66,19,66,19,66,
    19,66,19,66,19,66,19,66,19,66,19,66,19,66,19,66,
    19,66,19,66,19,66,19,66,19,66,19,66,19,66,19,66,
    19,66,19,66,19,66,19,66,19,66,19,66,19,66,19,19,
    3,0,68,0,1,0,0,0,228,17,0,0,28,0,0,0,
    32,28,0,0,44,0,1,0,16,14,0,0,40,0,0,0,
    21,1,0,0,199,185,195,206,18,136,151,164,255,5,160,142,
    206,12,192,206,158,16,128,156,216,12,128,236,166,17,128,156,
    216,12,128,178,177,17,128,214,205,12,128,130,221,16,128,240,
    235,13,160,253,176,234,4,224,214,156,47,128,178,142,12,128,
    174,201,15,128,196,255,14,128,196,255,14,160,207,186,17,160,
    194,138,15,192,244,174,12,224,187,211,15,160,182,245,14,128,
    196,255,14,128,196,255,14,128,196,255,14,128,174,201,15,128,
    218,181,14,192,195,201,139,1,224,165,250,10,224,210,133,19,
    128,222,250,10,128,254,151,20,128,138,231,9,128,254,151,20,
    128,138,231,9,192,149,219,165,5,128,218,181,14,128,196,255,
    14,128,196,255,14,128,196,255,14,128,196,255,14,128,196,255,
    14,128,196,255,14,192,180,128,15,128,174,201,15,128,196,255,
    14,128,196,255,14,128,196,255,14,128,196,255,14,128,196,255,
    14,128,196,255,14,128,196,255,14,128,196,255,14,128,196,255,
    14,128,196,255,14,128,196,255,14,128,174,201,15,128,196,255,
    14,128,196,255,14,128,196,255,14,128,196,255,14,128,196,255,
    14,128,196,255,14,128,196,255,14,128,196,255,14,128,196,255,
    14,128,196,255,14,128,174,201,15,18,65,18,65,18,65,18,
    65,18,65,18,65,18,65,18,65,18,65,18,65,18,65,18,
    65,18,65,18,65,18,65,18,65,18,65,18,65,18,65,18,
    65,18,65,18,65,18,65,18,65,18,65,18,65,18,65,18,
    65,18,65,18,65,18,65,18,65,18,65,18,65,4,0,37,
    0,1,0,0,0,0,8,0,0,28,0,0,0,250,6,0,
    0,32,0,0,0,32,28,0,0,44,0,1,0,16,14,0,
    0,40,0,0,0,152,0,0,0,255,213,248,176,27,140,240,
    152,206,9,244,141,155,132,11,128,156,216,12,128,236,166,17,
    128,156,216,12,160,226,140,134,9,128,196,255,14,128,196,255,
    14,128,196,255,14,128,196,255,14,128,196,255,14,128,196,255,
    14,128,174,201,15,128,196,255,14,128,196,255,14,128,196,255,
    14,128,196,255,14,128,196,255,14,128,196,255,14,128,196,255,
    14,128,196,255,14,128,196,255,14,128,196,255,14,128,196,255,
    14,128,174,201,15,128,196,255,14,128,196,255,14,128,196,255,
    14,128,196,255,14,128,196,255,14,128,196,255,14,128,196,255,
    14,128,196,255,14,128,196,255,14,128,196,255,14,128,174,201,
    15,17,19,66,19,66,19,66,19,66,19,66,19,66,19,66,
    19,66,19,66,19,66,19,66,19,66,19,66,19,66,19,66,
    19,66,19,66,19,66,9,0,110,0,128,0,0,0,8,27,
    0,0,28,0,0,0,244,26,0,0,175,0,0,0,120,24,
    0,0,32,0,0,0,48,42,0,0,161,0,1,0,32,28,
    0,0,166,0,0,0,16,14,0,0,40,0,0,0,32,28,
    0,0,44,0,1,0,64,56,0,0,53,3,1,0,48,42,
    0,0,57,3,0,0,188,1,0,0,143,220,201,148,21,168,
    216,166,251,8,248,203,169,148,3,176,133,241,24,128,164,133,
    11,128,196,255,14,128,196,255,14,128,174,201,15,128,196,255,
    14,128,196,255,14,128,196,255,14,128,196,255,14,128,196,255,
    14,128,196,255,14,128,196,255,14,128,196,255,14,128,196,255,
    14,128,196,255,14,128,196,255,14,128,186,164,26,224,167,215,
    27,128,183,254,38,128,178,142,12,128,174,201,15,128,196,255,
    14,160,241,226,11,224,221,200,205,8,224,209,137,15,160,252,
    255,14,224,209,137,15,160,252,255,14,224,209,137,15,160,194,
    138,15,192,180,128,15,128,196,255,14,128,196,255,14,128,196,
    255,14,128,196,255,14,128,196,255,14,128,196,255,14,128,196,
    255,14,128,196,255,14,128,196,255,14,128,196,255,14,128,196,
    255,14,224,195,186,3,192,162,143,12,128,196,255,14,128,196,
    255,14,192,211,254,14,224,139,255,14,160,252,255,14,224,139,
    255,14,160,252,255,14,224,139,255,14,160,252,255,14,224,139,
    255,14,160,230,201,15,224,179,166,17,224,196,217,12,128,236,
    166,17,128,156,216,12,128,236,166,17,128,156,216,12,128,214,
    240,17,128,178,142,12,128,214,240,17,128,178,142,12,128,214,
    240,17,128,156,216,12,128,236,166,17,128,156,216,12,128,236,
    166,17,128,156,216,12,128,214,240,17,128,178,142,12,128,214,
    240,17,128,178,142,12,128,214,240,17,128,178,142,12,128,214,
    240,17,128,156,216,12,128,236,166,17,128,156,216,12,128,236,
    166,17,128,156,216,12,128,214,240,17,128,178,142,12,128,214,
    240,17,128,178,142,12,128,214,240,17,128,156,216,12,128,236,
    166,17,128,156,216,12,128,236,166,17,128,156,216,12,128,236,
    166,17,128,156,216,12,128,214,240,17,128,178,142,12,128,214,
    240,17,128,178,142,12,128,214,240,17,128,156,216,12,128,236,
    166,17,128,156,216,12,128,236,166,17,128,156,216,12,128,214,
    240,17,192,131,141,5,17,18,20,67,20,67,20,67,20,67,
    20,67,20,67,20,67,20,67,20,67,70,21,70,21,70,24,
    71,24,71,24,71,24,71,24,71,24,71,24,71,24,71,24,
    71,24,71,67,20,67,20,67,20,67,20,67,20,67,20,67,
    20,67,20,67,20,67,20,67,20,67,20,67,20,67,20,67,
    20,67,20,67,20,67,20,67,20,67,20,67,20,67,20,67,
    20,67,20,67,20,67,20,67,20,67,20,67,20,67,20,67,
    20,67,20,20,6,0,115,0,1,0,0,0,252,250,255,255,
    28,0,0,0,16,14,0,0,23,1,1,0,0,0,0,0,
    27,1,0,0,32,28,0,0,67,1,1,0,16,14,0,0,
    40,0,0,0,32,28,0,0,44,0,1,0,207,1,0,0,
    247,215,247,130,21,184,142,173,181,8,128,222,250,10,128,174,
    201,15,128,204,172,13,128,232,190,15,128,244,211,15,128,254,
    244,14,128,138,138,15,128,254,244,14,128,178,177,17,128,192,
    151,13,128,138,138,15,128,148,171,14,128,152,147,16,128,152,
    147,16,128,178,142,12,128,236,166,17,128,134,162,13,128,236,
    166,17,128,240,235,13,128,152,147,16,128,240,235,13,128,174,
    201,15,128,218,181,14,128,130,221,16,128,240,235,13,128,152,
    147,16,128,240,235,13,128,174,201,15,128,218,181,14,128,152,
    147,16,128,240,235,13,128,152,147,16,128,240,235,13,128,174,
    201,15,128,196,255,14,128,152,147,16,128,240,235,13,128,174,
    201,15,128,218,181,14,128,152,147,16,128,240,235,13,128,152,
    147,16,128,240,235,13,128,174,201,15,128,218,181,14,128,152,
    147,16,128,214,240,17,128,204,137,8,224,243,224,35,128,204,
    137,8,128,148,206,19,128,244,176,10,128,148,206,19,128,222,
    250,10,128,170,132,19,128,240,235,13,128,222,157,16,128,240,
    200,8,160,176,246,6,128,174,201,15,128,218,181,14,128,134,
    162,13,224,239,166,2,128,138,231,9,160,176,246,6,128,222,
    250,10,128,170,132,19,128,156,216,12,128,236,166,17,128,240,
    235,13,128,174,201,15,128,218,181,14,128,174,201,15,128,196,
    255,14,128,174,201,15,128,218,181,14,128,240,235,13,128,174,
    201,15,128,218,181,14,128,152,147,16,128,240,235,13,128,130,
    221,16,128,240,235,13,128,174,201,15,224,227,251,238,5,128,
    196,255,14,128,196,255,14,128,196,255,14,128,196,255,14,128,
    174,201,15,128,196,255,14,128,196,255,14,128,196,255,14,128,
    196,255,14,128,196,255,14,128,196,255,14,128,196,255,14,128,
    196,255,14,128,196,255,14,128,196,255,14,128,196,255,14,128,
    174,201,15,128,196,255,14,128,196,255,14,128,196,255,14,128,
    196,255,14,128,196,255,14,128,196,255,14,128,196,255,14,128,
    196,255,14,128,196,255,14,128,196,255,14,128,174,201,15,18,
    65,18,65,18,65,18,65,18,65,18,65,18,65,18,65,18,
    65,18,65,18,65,18,65,18,65,18,65,18,65,18,65,18,
    65,18,65,18,65,18,65,18,65,18,65,18,65,18,65,18,
    65,99,65,99,65,99,65,99,65,99,65,18,65,18,65,99,
    65,18,65,18,65,18,65,18,65,18,65,18,65,18,65,18,
    65,18,65,18,20,69,20,69,20,69,20,69,20,69,20,69,
    20,69,20,69,20,69,20,69,20,69,20,69,20,69,20,69,
    20,69,4,0,35,0,128,0,0,0,101,23,0,0,28,0,
    0,0,101,23,0,0,124,0,0,0,48,42,0,0,161,0,
    1,0,32,28,0,0,166,0,0,0,144,0,0,0,201,229,
    174,196,21,128,162,202,139,10,138,137,215,245,4,128,208,148,
    15,192,224,151,134,9,128,196,255,14,128,196,255,14,128,196,
    255,14,160,252,255,14,128,196,255,14,128,196,255,14,128,174,
    201,15,128,196,255,14,128,196,255,14,128,196,255,14,128,196,
    255,14,128,196,255,14,128,196,255,14,128,196,255,14,128,196,
    255,14,128,196,255,14,128,196,255,14,128,196,255,14,128,174,
    201,15,128,196,255,14,128,196,255,14,128,196,255,14,128,196,
    255,14,128,196,255,14,128,196,255,14,128,196,255,14,128,196,
    255,14,128,196,255,14,128,196,255,14,128,174,201,15,17,19,
    66,19,66,19,66,19,66,19,66,19,66,19,66,19,66,19,
    66,19,66,19,66,19,66,19,66,19,66,19,66,19,66,19,
    66,8,0,80,0,243,1,0,0,56,19,0,0,28,0,0,
    0,32,28,0,0,44,0,1,0,16,14,0,0,40,0,0,
    0,48,42,0,0,161,0,1,0,32,28,0,0,166,0,0,
    0,64,56,0,0,53,3,1,0,48,42,0,0,57,3,0,
    0,48,42,0,0,25,3,0,0,67,1,0,0,239,146,237,
    133,18,176,240,205,182,5,160,142,206,12,192,206,158,16,128,
    156,216,12,128,236,166,17,128,156,216,12,128,232,166,136,5,
    128,230,238,77,128,178,142,12,128,174,201,15,128,196,255,14,
    128,196,255,14,128,196,255,14,160,135,83,128,178,200,1,224,
    163,169,15,160,166,248,12,224,195,239,156,8,224,209,137,15,
    160,252,255,14,224,209,137,15,160,252,255,14,224,209,137,15,
    160,194,138,15,192,180,128,15,128,196,255,14,128,196,255,14,
    128,196,255,14,128,196,255,14,128,196,255,14,128,196,255,14,
    128,196,255,14,128,196,255,14,128,196,255,14,160,252,255,14,
    128,196,255,14,128,174,201,15,128,196,255,14,128,196,255,14,
    128,196,255,14,128,196,255,14,128,196,255,14,128,196,255,14,
    128,196,255,14,128,196,255,14,128,196,255,14,128,196,255,14,
    128,174,201,15,128,236,166,17,128,156,216,12,128,236,166,17,
    128,156,216,12,128,236,166,17,128,156,216,12,128,214,240,17,
    128,178,142,12,128,214,240,17,128,178,142,12,128,214,240,17,
    128,156,216,12,128,236,166,17,128,156,216,12,128,236,166,17,
    128,156,216,12,128,214,240,17,128,178,142,12,128,214,240,17,
    128,178,142,12,128,214,240,17,128,178,142,12,128,214,240,17,
    128,156,216,12,128,236,166,17,128,156,216,12,128,236,166,17,
    128,156,216,12,128,214,240,17,128,178,142,12,224,181,237,107,
    18,65,18,65,18,65,18,65,18,65,18,65,18,65,20,67,
    20,22,69,22,69,22,69,22,69,22,69,22,69,22,69,22,
    69,22,67,20,67,20,67,20,67,20,67,20,67,20,67,20,
    67,20,67,20,67,20,67,20,67,20,67,20,67,20,67,20,
    67,20,67,20,67,20,67,20,67,20,67,20,67,20,23,20,
    8,0,39,0,128,0,0,0,156,28,0,0,28,0,0,0,
    156,28,0,0,200,1,0,0,32,28,0,0,166,0,0,0,
    48,42,0,0,57,3,0,0,16,14,0,0,40,0,0,0,
    32,28,0,0,44,0,1,0,64,56,0,0,53,3,1,0,
    48,42,0,0,161,0,1,0,161,0,0,0,183,226,201,148,
    21,128,128,151,182,10,248,199,211,184,1,224,213,200,210,2,
    128,241,208,33,128,178,142,12,128,174,201,15,192,149,219,2,
    192,253,207,229,8,224,209,137,15,160,252,255,14,224,209,137,
    15,160,252,255,14,224,209,137,15,160,194,138,15,192,180,128,
    15,128,196,255,14,128,196,255,14,128,196,255,14,128,196,255,
    14,128,196,255,14,128,196,255,14,128,196,255,14,128,196,255,
    14,128,196,255,14,128,196,255,14,128,196,255,14,224,147,137,
    8,192,218,191,37,128,196,255,14,128,196,255,14,128,196,255,
    14,128,196,255,14,128,196,255,14,128,196,255,14,128,196,255,
    14,128,196,255,14,128,174,201,15,160,153,196,3,17,18,19,
    69,20,69,20,19,70,19,70,19,70,19,70,19,70,19,70,
    19,70,19,70,19,70,19,70,71,18,71,18,71,18,71,18,
    71,18,71,71,7,0,63,0,38,3,0,0,152,46,0,0,
    28,0,0,0,48,42,0,0,25,3,0,0,80,70,0,0,
    152,1,1,0,64,56,0,0,156,1,0,0,64,56,0,0,
    53,3,1,0,48,42,0,0,57,3,0,0,64,56,0,0,
    57,3,0,0,255,0,0,0,255,153,254,239,11,160,199,158,
    202,2,224,185,156,248,11,224,209,137,15,160,252,255,14,224,
    209,137,15,160,252,255,14,224,209,137,15,160,194,138,15,192,
    180,128,15,128,196,255,14,128,196,255,14,128,196,255,14,128,
    196,255,14,128,196,255,14,128,196,255,14,128,196,255,14,128,
    196,255,14,128,196,255,14,160,252,255,14,128,196,255,14,128,
    174,201,15,128,196,255,14,224,207,254,29,160,252,255,14,128,
    196,255,14,128,196,255,14,128,196,255,14,128,196,255,14,128,
    196,255,14,128,196,255,14,128,174,201,15,128,236,166,17,128,
    156,216,12,128,236,166,17,128,156,216,12,128,236,166,17,128,
    156,216,12,128,214,240,17,128,178,142,12,128,214,240,17,128,
    178,142,12,128,214,240,17,128,156,216,12,128,236,166,17,128,
    156,216,12,128,236,166,17,128,156,216,12,128,214,240,17,128,
    178,142,12,128,214,240,17,128,178,142,12,128,214,240,17,128,
    178,142,12,128,214,240,17,128,156,216,12,128,236,166,17,128,
    156,216,12,128,236,166,17,128,156,216,12,128,214,240,17,128,
    178,142,12,224,181,237,107,17,19,66,19,66,19,66,19,66,
    19,66,19,66,19,66,19,66,19,68,21,68,21,19,68,21,
    68,21,68,21,68,21,68,21,68,21,68,21,68,21,68,21,
    68,21,68,21,68,21,68,21,68,21,68,21,68,21,68,21,
    68,21,68,21,22,21,6,0,79,0,1,0,0,0,140,252,
    255,255,28,0,0,0,16,14,0,0,49,0,1,0,0,0,
    0,0,36,0,0,0,32,28,0,0,218,2,1,0,32,28,
    0,0,44,0,1,0,16,14,0,0,40,0,0,0,65,1,
    0,0,255,171,202,156,16,224,195,160,136,4,160,204,171,14,
    224,139,255,14,160,194,138,15,224,139,164,136,1,160,250,139,
    14,224,231,145,46,160,168,236,13,224,245,200,15,160,146,182,
    14,128,152,147,16,128,218,181,14,224,223,146,16,160,168,236,
    13,224,233,206,231,1,160,192,243,8,224,139,255,14,224,239,
    166,2,128,226,226,12,192,156,191,30,224,205,161,13,224,189,
    130,64,160,206,252,9,224,229,238,18,160,168,236,13,224,223,
    146,16,160,168,236,13,224,223,146,16,160,168,236,13,224,223,
    146,16,160,168,236,13,224,173,238,77,160,212,216,12,224,199,
    163,226,5,160,146,182,14,224,245,200,15,160,146,182,14,224,
    161,181,14,160,252,255,14,224,245,200,15,160,146,182,14,192,
    158,202,15,128,196,255,14,128,196,255,14,128,196,255,14,128,
    174,201,15,128,218,181,14,128,196,255,14,128,196,255,14,128,
    196,255,14,128,196,255,14,128,196,255,14,128,196,255,14,128,
    196,255,14,128,174,201,15,128,196,255,14,128,196,255,14,128,
    196,255,14,128,196,255,14,128,196,255,14,128,196,255,14,128,
    196,255,14,128,196,255,14,128,196,255,14,128,196,255,14,128,
    196,255,14,128,174,201,15,128,196,255,14,128,196,255,14,128,
    196,255,14,128,196,255,14,128,196,255,14,128,196,255,14,128,
    196,255,14,128,196,255,14,128,196,255,14,128,196,255,14,128,
    174,201,15,18,65,18,65,18,65,18,65,18,65,18,65,18,
    65,18,65,18,65,99,65,18,21,68,21,68,21,68,21,68,
    21,68,21,68,21,68,21,68,21,68,21,68,21,68,21,68,
    21,68,21,68,21,68,21,68,21,68,21,68,21,68,21,68,
    21,68,21,68,21,68,21,68,21,68,21,68,21,68,21,68,
    21,68,3,0,86,0,1,0,0,0,156,13,0,0,28,0,
    0,0,32,28,0,0,44,0,1,0,16,14,0,0,40,0,
    0,0,92,1,0,0,183,178,145,244,17,152,148,217,167,5,
    224,209,230,9,160,252,255,14,224,209,137,15,160,248,151,13,
    224,249,176,17,160,164,132,12,224,157,240,17,160,168,236,13,
    224,139,255,14,160,238,128,210,4,192,212,216,71,128,178,142,
    12,128,174,201,15,128,254,244,14,128,240,235,13,128,222,157,
    16,192,243,213,13,192,250,138,15,128,130,221,16,192,149,161,
    13,128,130,221,16,192,162,143,12,128,214,240,17,192,255,208,
    146,4,224,187,176,10,160,182,152,20,128,138,231,9,128,254,
    151,20,128,138,231,9,128,232,225,20,128,138,231,9,128,254,
    151,20,128,138,231,9,128,148,206,19,128,244,176,10,128,254,
    151,20,128,244,176,10,128,254,244,14,128,196,255,14,128,200,
    231,16,128,248,152,12,192,128,231,17,224,227,215,12,160,164,
    167,17,224,227,215,12,160,164,167,17,224,227,215,12,160,164,
    167,17,224,227,215,12,160,164,167,17,224,227,215,12,160,150,
    158,16,224,219,170,14,160,230,201,15,128,196,255,14,128,196,
    255,14,128,196,255,14,128,196,255,14,128,196,255,14,128,196,
    255,14,128,174,201,15,128,196,255,14,128,196,255,14,128,196,
    255,14,128,196,255,14,128,196,255,14,128,196,255,14,128,196,
    255,14,128,196,255,14,128,196,255,14,128,196,255,14,128,196,
    255,14,128,174,201,15,128,196,255,14,128,196,255,14,128,196,
    255,14,128,196,255,14,128,196,255,14,128,196,255,14,128,196,
    255,14,128,196,255,14,128,196,255,14,128,196,255,14,128,174,
    201,15,18,65,18,65,18,65,18,65,18,65,18,65,18,65,
    18,65,18,65,18,65,18,65,18,65,18,65,18,65,18,65,
    18,65,18,65,18,65,18,65,18,65,18,65,18,65,18,65,
    18,65,18,65,18,65,18,65,18,65,18,65,18,65,18,65,
    18,65,18,65,18,65,18,65,18,65,18,65,18,65,18,65,
    18,65,18,65,18,65,18,65,9,0,68,0,13,3,0,0,
    216,25,0,0,28,0,0,0,200,25,0,0,44,3,0,0,
    32,28,0,0,166,0,0,0,48,42,0,0,57,3,0,0,
    16,14,0,0,40,0,0,0,32,28,0,0,44,0,1,0,
    64,56,0,0,53,3,1,0,48,42,0,0,161,0,1,0,
    48,42,0,0,25,3,0,0,21,1,0,0,175,215,201,148,
    21,160,128,151,182,10,208,188,211,184,1,224,221,210,203,2,
    128,233,198,40,128,178,142,12,128,174,201,15,128,196,255,14,
    160,185,190,7,224,149,237,209,8,224,209,137,15,160,252,255,
    14,224,209,137,15,160,252,255,14,224,209,137,15,160,194,138,
    15,192,180,128,15,128,196,255,14,128,196,255,14,128,196,255,
    14,128,196,255,14,128,196,255,14,128,196,255,14,128,196,255,
    14,128,196,255,14,128,196,255,14,128,196,255,14,128,182,200,
    45,160,252,255,14,128,196,255,14,128,196,255,14,128,196,255,
    14,128,196,255,14,128,196,255,14,128,196,255,14,128,196,255,
    14,128,196,255,14,128,174,201,15,128,236,166,17,128,156,216,
    12,128,236,166,17,128,156,216,12,128,236,166,17,128,156,216,
    12,128,214,240,17,128,178,142,12,128,214,240,17,128,178,142,
    12,128,214,240,17,128,156,216,12,128,236,166,17,128,156,216,
    12,128,236,166,17,128,156,216,12,128,214,240,17,128,178,142,
    12,128,214,240,17,128,178,142,12,128,214,240,17,128,178,142,
    12,128,214,240,17,128,156,216,12,128,236,166,17,128,156,216,
    12,128,236,166,17,128,156,216,12,128,214,240,17,128,178,142,
    12,17,18,19,69,20,69,20,69,19,70,19,70,19,70,19,
    70,19,70,19,70,19,70,19,70,19,70,19,71,18,71,18,
    71,18,71,18,71,18,71,18,71,18,71,18,71,18,71,18,
    71,18,71,18,71,18,71,18,71,18,71,18,71,18,71,18,
    71,18,71,18,24,7,0,101,0,1,0,0,0,49,2,0,
    0,28,0,0,0,49,2,0,0,38,6,0,0,16,14,0,
    0,49,0,1,0,0,0,0,0,36,0,0,0,16,14,0,
    0,40,0,0,0,32,28,0,0,44,0,1,0,32,28,0,
    0,218,2,1,0,152,1,0,0,225,144,179,195,18,128,210,
    181,217,4,194,162,185,158,1,128,206,253,8,128,148,171,14,
    128,222,157,16,128,214,205,12,128,178,177,17,128,236,131,12,
    128,156,251,17,128,152,240,10,128,232,225,20,128,212,217,11,
    128,134,197,18,128,202,184,12,128,152,147,16,128,170,132,19,
    128,222,250,10,128,218,181,14,128,174,201,15,128,196,255,14,
    128,196,255,14,128,152,147,16,128,240,235,13,128,174,201,15,
    128,218,181,14,128,152,147,16,128,218,181,14,128,152,147,16,
    128,240,235,13,128,174,201,15,128,218,181,14,128,152,147,16,
    128,240,235,13,128,196,255,14,128,196,255,14,128,218,181,14,
    128,152,147,16,128,196,255,14,128,196,255,14,128,218,181,14,
    128,174,201,15,128,152,147,16,128,240,235,13,128,196,255,14,
    128,196,255,14,128,218,181,14,128,174,201,15,128,152,147,16,
    128,214,240,17,224,244,138,8,128,249,144,9,224,140,217,71,
    128,178,142,12,128,174,201,15,128,196,255,14,160,183,237,11,
    160,192,208,3,192,144,193,14,128,170,225,13,224,225,231,150,
    7,224,139,255,14,192,158,202,15,128,218,181,14,128,174,201,
    15,128,196,255,14,128,196,255,14,128,196,255,14,128,174,201,
    15,128,218,181,14,128,196,255,14,128,196,255,14,128,196,255,
    14,128,196,255,14,128,196,255,14,128,196,255,14,128,196,255,
    14,128,174,201,15,128,196,255,14,128,196,255,14,128,196,255,
    14,128,196,255,14,128,196,255,14,128,196,255,14,128,196,255,
    14,128,196,255,14,128,196,255,14,128,196,255,14,128,196,255,
    14,128,174,201,15,128,196,255,14,128,196,255,14,128,196,255,
    14,128,196,255,14,128,196,255,14,128,196,255,14,128,196,255,
    14,128,196,255,14,128,196,255,14,128,196,255,14,128,174,201,
    15,17,19,66,19,66,19,66,19,66,19,66,19,66,19,66,
    19,66,19,66,19,66,19,66,19,66,19,66,19,66,19,66,
    19,66,19,66,19,66,19,66,19,66,19,66,19,66,19,66,
    19,66,19,66,69,20,69,20,69,102,66,102,20,69,20,69,
    20,69,20,69,20,69,20,69,20,69,20,69,20,69,20,69,
    20,69,20,69,20,69,20,69,20,69,20,69,20,69,20,69,
    20,69,20,69,20,69,9,0,53,0,128,0,0,0,162,22,
    0,0,28,0,0,0,162,22,0,0,116,3,0,0,178,36,
    0,0,49,8,1,0,32,28,0,0,166,0,0,0,48,42,
    0,0,57,3,0,0,16,14,0,0,40,0,0,0,32,28,
    0,0,44,0,1,0,64,56,0,0,53,3,1,0,48,42,
    0,0,161,0,1,0,216,0,0,0,195,202,201,148,21,192,
    234,149,128,9,128,156,216,12,128,222,157,16,128,242,153,4,
    192,187,227,209,1,132,202,187,172,3,224,131,152,27,128,151,
    167,40,128,178,142,12,128,174,201,15,128,196,255,14,128,196,
    255,14,192,145,115,192,249,184,201,8,224,209,137,15,160,252,
    255,14,224,209,137,15,160,252,255,14,224,209,137,15,160,194,
    138,15,192,180,128,15,128,196,255,14,128,196,255,14,128,196,
    255,14,128,196,255,14,128,196,255,14,128,196,255,14,128,196,
    255,14,128,196,255,14,128,196,255,14,160,252,255,14,128,196,
    255,14,128,174,201,15,128,196,255,14,128,196,255,14,128,196,
    255,14,128,196,255,14,128,196,255,14,128,196,255,14,128,196,
    255,14,128,196,255,14,128,196,255,14,128,196,255,14,128,174,
    201,15,128,196,255,14,160,252,255,14,128,236,166,17,128,156,
    216,12,128,236,166,17,128,156,216,12,128,214,240,17,160,165,
    171,35,17,66,17,66,17,19,20,70,21,70,21,70,21,20,
    71,20,71,20,71,20,71,20,71,20,71,20,71,20,71,20,
    72,19,72,19,72,19,72,19,72,19,72,19,72,19,72,19,
    72,19,72,19,72,19,19,4,0,87,0,1,0,0,0,180,
    11,0,0,28,0,0,0,180,11,0,0,116,3,0,0,32,
    28,0,0,44,0,1,0,16,14,0,0,40,0,0,0,97,
    1,0,0,231,222,184,157,24,200,228,156,169,6,128,220,227,
    167,5,224,209,230,9,160,252,255,14,224,209,137,15,160,248,
    151,13,224,249,176,17,160,164,132,12,224,157,240,17,160,168,
    236,13,224,139,255,14,160,238,128,210,4,192,212,216,71,128,
    178,142,12,128,174,201,15,128,196,255,14,128,170,225,13,128,
    222,157,16,192,243,213,13,192,250,138,15,128,130,221,16,192,
    149,161,13,128,130,221,16,192,162,143,12,128,214,240,17,192,
    255,208,146,4,224,187,176,10,160,182,152,20,128,138,231,9,
    128,254,151,20,128,138,231,9,128,232,225,20,128,138,231,9,
    128,254,151,20,128,138,231,9,128,148,206,19,128,244,176,10,
    128,254,151,20,128,244,176,10,128,254,151,20,128,138,231,9,
    128,148,206,19,128,244,176,10,128,254,151,20,128,138,231,9,
    128,254,151,20,128,138,231,9,128,148,206,19,128,244,176,10,
    128,254,151,20,128,244,176,10,128,148,206,19,128,244,176,10,
    192,158,202,15,128,218,181,14,128,196,255,14,128,196,255,14,
    128,196,255,14,128,196,255,14,128,196,255,14,128,196,255,14,
    128,196,255,14,128,174,201,15,128,196,255,14,128,196,255,14,
    128,196,255,14,128,196,255,14,128,196,255,14,128,196,255,14,
    128,196,255,14,128,196,255,14,128,196,255,14,128,196,255,14,
    128,196,255,14,128,174,201,15,128,196,255,14,128,196,255,14,
    128,196,255,14,128,196,255,14,128,196,255,14,128,196,255,14,
    128,196,255,14,128,196,255,14,128,196,255,14,128,196,255,14,
    128,174,201,15,17,19,66,19,66,19,66,19,66,19,66,19,
    66,19,66,19,66,19,66,19,66,19,66,19,66,19,66,19,
    66,19,66,19,66,19,66,19,66,19,66,19,66,19,66,19,
    66,19,66,19,66,19,66,19,66,19,66,19,66,19,66,19,
    66,19,66,19,66,19,66,19,66,19,66,19,66,19,66,19,
    66,19,66,19,66,19,66,19,66,19,66,6,0,64,0,134,
    3,0,0,244,46,0,0,28,0,0,0,48,42,0,0,25,
    3,0,0,64,56,0,0,156,1,0,0,80,70,0,0,152,
    1,1,0,64,56,0,0,156,1,1,0,48,42,0,0,25,
    3,1,0,3,1,0,0,255,153,254,239,11,160,199,158,202,
    2,224,185,156,248,11,224,209,137,15,160,252,255,14,224,209,
    137,15,160,252,255,14,224,209,137,15,160,194,138,15,192,180,
    128,15,128,196,255,14,128,196,255,14,128,196,255,14,128,196,
    255,14,128,196,255,14,128,196,255,14,128,196,255,14,128,196,
    255,14,128,196,255,14,160,252,255,14,128,196,255,14,128,174,
    201,15,128,196,255,14,160,252,255,14,128,190,221,1,192,149,
    161,13,128,196,255,14,128,196,255,14,128,196,255,14,128,196,
    255,14,128,196,255,14,128,196,255,14,128,196,255,14,128,174,
    201,15,128,236,166,17,128,156,216,12,128,236,166,17,128,156,
    216,12,128,236,166,17,128,156,216,12,128,214,240,17,128,178,
    142,12,128,214,240,17,128,178,142,12,128,214,240,17,128,156,
    216,12,128,236,166,17,128,156,216,12,128,236,166,17,128,156,
    216,12,128,214,240,17,128,178,142,12,128,214,240,17,128,178,
    142,12,128,214,240,17,128,178,142,12,128,214,240,17,128,156,
    216,12,128,236,166,17,128,156,216,12,128,236,166,17,128,156,
    216,12,160,142,241,17,128,178,142,12,17,18,67,18,67,18,
    67,18,67,18,67,18,67,18,67,18,67,18,68,17,68,17,
    69,17,18,67,18,67,18,67,18,67,18,67,18,67,18,67,
    18,67,18,67,18,67,18,67,18,67,18,67,18,67,18,67,
    18,67,18,67,18,67,18,68,17,18,5,0,64,0,134,3,
    0,0,50,43,0,0,28,0,0,0,48,42,0,0,25,3,
    0,0,80,70,0,0,152,1,1,0,64,56,0,0,156,1,
    0,0,64,56,0,0,156,1,1,0,3,1,0,0,255,153,
    254,239,11,160,199,158,202,2,224,185,156,248,11,224,209,137,
    15,160,252,255,14,224,209,137,15,160,252,255,14,224,209,137,
    15,160,194,138,15,192,180,128,15,128,196,255,14,128,196,255,
    14,128,196,255,14,128,196,255,14,128,196,255,14,128,196,255,
    14,128,196,255,14,160,252,255,14,128,196,255,14,128,196,255,
    14,128,196,255,14,128,174,201,15,128,196,255,14,224,207,254,
    29,160,252,255,14,128,196,255,14,128,196,255,14,128,196,255,
    14,128,196,255,14,128,196,255,14,128,196,255,14,128,174,201,
    15,128,236,166,17,128,156,216,12,128,236,166,17,128,156,216,
    12,128,236,166,17,128,156,216,12,128,214,240,17,128,178,142,
    12,128,214,240,17,128,178,142,12,128,214,240,17,128,156,216,
    12,128,236,166,17,128,156,216,12,128,236,166,17,128,156,216,
    12,128,214,240,17,128,178,142,12,128,214,240,17,128,178,142,
    12,128,214,240,17,128,178,142,12,128,214,240,17,128,156,216,
    12,128,236,166,17,128,156,216,12,128,236,166,17,128,156,216,
    12,128,214,240,17,128,178,142,12,224,181,237,107,160,196,185,
    63,17,19,66,19,66,19,66,19,66,19,66,19,66,19,66,
    19,68,17,68,17,68,17,19,68,17,68,17,68,17,68,17,
    68,17,68,17,68,17,68,17,68,17,68,17,68,17,68,17,
    68,17,68,17,68,17,68,17,68,17,68,17,68,17,19,17,
    19,9,0,75,0,38,3,0,0,248,31,0,0,28,0,0,
    0,224,31,0,0,245,2,0,0,32,28,0,0,166,0,0,
    0,48,42,0,0,57,3,0,0,16,14,0,0,40,0,0,
    0,32,28,0,0,44,0,1,0,64,56,0,0,53,3,1,
    0,48,42,0,0,161,0,1,0,64,56,0,0,57,3,0,
    0,48,1,0,0,239,239,201,148,21,176,128,151,182,10,128,
    213,211,184,1,224,209,131,214,2,128,245,149,30,128,178,142,
    12,128,174,201,15,128,196,255,14,160,147,104,224,187,195,216,
    8,224,209,137,15,160,252,255,14,224,209,137,15,160,252,255,
    14,224,209,137,15,160,194,138,15,192,180,128,15,128,196,255,
    14,128,196,255,14,128,196,255,14,128,196,255,14,128,196,255,
    14,128,196,255,14,128,196,255,14,128,196,255,14,128,196,255,
    14,128,196,255,14,128,144,137,23,160,230,190,52,128,196,255,
    14,128,196,255,14,128,196,255,14,128,196,255,14,160,233,239,
    2,192,162,143,12,128,196,255,14,128,196,255,14,192,189,200,
    15,224,148,168,17,160,212,216,12,128,236,166,17,128,156,216,
    12,128,236,166,17,128,156,216,12,128,214,240,17,128,178,142,
    12,128,214,240,17,128,178,142,12,128,214,240,17,128,156,216,
    12,128,236,166,17,128,156,216,12,128,236,166,17,128,156,216,
    12,128,214,240,17,128,178,142,12,128,214,240,17,128,178,142,
    12,128,214,240,17,128,178,142,12,128,214,240,17,128,156,216,
    12,128,236,166,17,128,156,216,12,128,236,166,17,128,156,216,
    12,128,214,240,17,128,178,142,12,128,214,240,17,128,178,142,
    12,128,214,240,17,128,156,216,12,128,236,166,17,224,227,215,
    12,192,251,165,17,17,18,19,69,20,69,20,69,19,70,19,
    70,19,70,19,70,19,70,19,70,19,70,19,70,19,70,19,
    18,71,18,71,18,71,70,19,70,19,70,19,71,18,71,18,
    71,18,71,18,71,18,71,18,71,18,71,18,71,18,71,18,
    71,18,71,18,71,18,71,18,71,18,71,18,71,18,24,19,
    6,0,45,0,128,0,0,0,220,21,0,0,28,0,0,0,
    104,27,0,0,21,3,0,0,32,28,0,0,166,0,0,0,
    16,14,0,0,40,0,0,0,32,28,0,0,44,0,1,0,
    48,42,0,0,161,0,1,0,184,0,0,0,183,199,201,148,
    21,232,211,232,192,3,240,159,155,162,11,128,178,142,12,128,
    174,201,15,128,196,255,14,128,196,255,14,160,252,255,14,224,
    172,142,255,7,160,194,138,15,224,175,190,15,160,216,192,14,
    224,175,190,15,192,202,182,14,192,189,200,15,224,130,183,14,
    128,196,255,14,128,196,255,14,128,196,255,14,128,174,201,15,
    128,196,255,14,128,196,255,14,128,196,255,14,128,196,255,14,
    128,196,255,14,128,196,255,14,128,196,255,14,128,196,255,14,
    128,196,255,14,128,196,255,14,128,196,255,14,128,174,201,15,
    192,211,254,14,224,139,255,14,160,252,255,14,224,139,255,14,
    160,252,255,14,224,139,255,14,160,252,255,14,224,139,255,14,
    160,252,255,14,224,139,255,14,160,230,201,15,224,179,166,17,
    160,196,184,5,17,18,19,68,19,68,19,18,69,18,69,18,
    69,18,69,18,69,18,69,18,69,18,69,18,69,18,69,18,
    69,18,69,18,69,18,69,18,69,18,69,18,69,18,69,18,
    18,8,0,52,0,128,0,0,0,52,23,0,0,28,0,0,
    0,52,23,0,0,136,1,0,0,32,28,0,0,44,0,1,
    0,16,14,0,0,40,0,0,0,32,28,0,0,166,0,0,
    0,48,42,0,0,57,3,0,0,64,56,0,0,53,3,1,
    0,48,42,0,0,161,0,1,0,212,0,0,0,231,204,201,
    148,21,128,132,147,250,8,136,139,131,6,128,156,216,12,192,
    207,220,23,184,143,154,55,168,154,234,195,4,224,133,175,33,
    128,207,133,34,128,178,142,12,128,174,201,15,128,196,255,14,
    160,223,148,14,224,239,150,203,8,224,209,137,15,160,252,255,
    14,224,209,137,15,160,252,255,14,224,209,137,15,160,194,138,
    15,192,180,128,15,128,196,255,14,128,196,255,14,128,196,255,
    14,128,196,255,14,128,196,255,14,128,196,255,14,128,196,255,
    14,128,196,255,14,128,196,255,14,160,252,255,14,128,196,255,
    14,128,174,201,15,128,196,255,14,128,196,255,14,128,196,255,
    14,128,196,255,14,128,196,255,14,128,196,255,14,128,196,255,
    14,128,196,255,14,128,196,255,14,128,196,255,14,128,174,201,
    15,128,236,166,17,128,156,216,12,128,236,166,17,128,156,216,
    12,160,164,167,17,128,156,216,12,128,214,240,17,160,159,196,
    69,17,19,66,19,17,20,21,66,19,66,19,66,21,70,21,
    70,21,70,21,70,21,70,21,70,21,70,21,70,21,71,20,
    71,20,71,20,71,20,71,20,71,20,71,20,71,20,71,20,
    71,20,71,20,20,3,0,50,0,1,0,0,0,152,18,0,
    0,28,0,0,0,16,14,0,0,40,0,0,0,32,28,0,
    0,44,0,1,0,202,0,0,0,175,174,174,149,13,144,204,
    154,156,6,192,142,206,71,128,178,142,12,128,200,126,192,193,
    250,166,7,224,145,184,12,160,234,177,17,224,227,215,12,160,
    246,198,17,224,227,215,12,160,142,241,17,224,249,141,12,160,
    200,230,17,224,191,152,12,160,200,230,17,224,191,152,12,160,
    200,230,17,224,227,215,12,160,128,232,16,224,227,215,12,160,
    142,241,17,224,227,215,12,160,150,158,16,224,171,214,13,160,
    194,138,15,192,180,128,15,128,196,255,14,128,196,255,14,128,
    196,255,14,128,196,255,14,128,196,255,14,128,196,255,14,128,
    196,255,14,128,196,255,14,128,196,255,14,128,196,255,14,128,
    196,255,14,128,174,201,15,128,196,255,14,128,196,255,14,128,
    196,255,14,128,196,255,14,128,196,255,14,128,196,255,14,128,
    196,255,14,128,196,255,14,128,196,255,14,128,196,255,14,128,
    174,201,15,17,66,17,66,17,66,17,66,17,66,17,66,17,
    66,17,66,17,66,17,66,17,66,17,66,17,66,17,66,17,
    66,17,66,17,66,17,66,17,66,17,66,17,66,17,66,17,
    66,17,66,17,66,7,0,66,0,134,3,0,0,96,45,0,
    0,28,0,0,0,48,42,0,0,25,3,0,0,80,70,0,
    0,152,1,1,0,64,56,0,0,156,1,0,0,64,56,0,
    0,156,1,1,0,48,42,0,0,25,3,1,0,32,28,0,
    0,73,7,0,0,11,1,0,0,255,153,254,239,11,160,199,
    158,202,2,224,185,156,248,11,224,209,137,15,160,252,255,14,
    224,209,137,15,160,252,255,14,224,209,137,15,160,194,138,15,
    192,180,128,15,128,196,255,14,128,196,255,14,128,196,255,14,
    128,196,255,14,128,196,255,14,128,196,255,14,128,196,255,14,
    128,196,255,14,128,196,255,14,160,252,255,14,128,196,255,14,
    128,174,201,15,128,196,255,14,160,252,255,14,128,160,157,9,
    224,235,225,5,128,196,255,14,128,196,255,14,128,196,255,14,
    128,196,255,14,128,196,255,14,128,196,255,14,128,196,255,14,
    128,174,201,15,128,236,166,17,128,156,216,12,128,236,166,17,
    128,156,216,12,128,236,166,17,128,156,216,12,128,214,240,17,
    128,178,142,12,128,214,240,17,128,178,142,12,128,214,240,17,
    128,156,216,12,128,236,166,17,128,156,216,12,128,236,166,17,
    128,156,216,12,128,214,240,17,128,178,142,12,128,214,240,17,
    128,178,142,12,128,214,240,17,128,178,142,12,128,214,240,17,
    128,156,216,12,128,236,166,17,128,156,216,12,128,236,166,17,
    128,156,216,12,128,214,240,17,128,178,142,12,224,181,237,107,
    160,220,215,42,17,19,66,19,66,19,66,19,66,19,66,19,
    66,19,66,19,66,19,68,17,68,17,69,22,17,68,17,68,
    17,68,17,68,17,68,17,68,17,68,17,68,17,68,17,68,
    17,68,17,68,17,68,17,68,17,68,17,68,17,68,17,68,
    17,68,17,19,17,19,3,0,56,0,1,0,0,0,81,15,
    0,0,28,0,0,0,32,28,0,0,44,0,1,0,16,14,
    0,0,40,0,0,0,227,0,0,0,161,131,237,133,18,226,
    224,205,182,5,160,142,206,12,192,206,158,16,128,156,216,12,
    128,236,166,17,128,156,216,12,128,138,220,46,128,134,162,13,
    128,216,168,204,4,128,230,238,77,128,178,142,12,128,174,201,
    15,128,196,255,14,128,196,255,14,128,196,255,14,128,188,105,
    128,218,158,30,128,160,192,14,128,254,244,14,128,196,255,14,
    128,152,147,16,128,240,235,13,192,199,156,180,7,224,161,181,
    14,224,236,128,15,128,196,255,14,128,196,255,14,128,196,255,
    14,128,196,255,14,128,196,255,14,128,196,255,14,128,174,201,
    15,128,196,255,14,128,196,255,14,128,196,255,14,128,196,255,
    14,128,196,255,14,128,196,255,14,128,196,255,14,128,196,255,
    14,128,196,255,14,128,196,255,14,128,196,255,14,128,174,201,
    15,128,196,255,14,128,196,255,14,128,196,255,14,128,196,255,
    14,128,196,255,14,128,196,255,14,128,196,255,14,128,196,255,
    14,128,196,255,14,128,196,255,14,128,174,201,15,18,65,18,
    65,18,65,18,65,18,65,18,65,18,65,18,65,18,65,18,
    65,18,65,18,65,18,65,18,65,18,65,18,65,18,65,18,
    65,18,65,18,65,18,65,18,65,18,65,18,65,18,65,18,
    65,18,65,18,65,9,0,51,0,128,0,0,0,188,23,0,
    0,28,0,0,0,176,19,0,0,188,2,0,0,104,22,0,
    0,200,1,0,0,16,14,0,0,40,0,0,0,32,28,0,
    0,166,0,0,0,48,42,0,0,57,3,0,0,32,28,0,
    0,44,0,1,0,64,56,0,0,53,3,1,0,48,42,0,
    0,161,0,1,0,208,0,0,0,247,206,201,148,21,152,204,
    194,217,8,144,173,177,83,176,153,223,22,224,157,170,7,160,
    220,178,212,4,192,237,226,26,128,129,241,40,128,178,142,12,
    128,174,201,15,128,196,255,14,160,167,240,9,224,167,187,207,
    8,224,209,137,15,160,252,255,14,224,209,137,15,160,252,255,
    14,224,209,137,15,160,194,138,15,192,180,128,15,128,196,255,
    14,128,196,255,14,128,196,255,14,128,196,255,14,128,196,255,
    14,128,196,255,14,128,196,255,14,128,196,255,14,128,196,255,
    14,160,252,255,14,128,196,255,14,128,174,201,15,128,196,255,
    14,128,196,255,14,128,196,255,14,128,196,255,14,128,196,255,
    14,128,196,255,14,128,196,255,14,128,196,255,14,128,196,255,
    14,128,196,255,14,128,174,201,15,128,236,166,17,128,156,216,
    12,128,236,166,17,160,212,216,12,128,236,166,17,128,156,216,
    12,128,214,240,17,160,251,179,95,17,18,19,20,19,21,70,
    19,70,19,70,21,71,21,71,21,71,21,71,21,71,21,71,
    21,71,21,71,21,72,20,72,20,72,20,72,20,72,20,72,
    20,72,20,72,20,72,20,70,19,70,20,20,7,0,65,0,
    38,3,0,0,164,41,0,0,28,0,0,0,48,42,0,0,
    25,3,0,0,64,56,0,0,156,1,0,0,80,70,0,0,
    152,1,1,0,64,56,0,0,53,3,1,0,48,42,0,0,
    57,3,0,0,64,56,0,0,57,3,0,0,7,1,0,0,
    199,228,213,224,11,232,145,246,186,2,224,185,156,248,11,224,
    209,137,15,160,252,255,14,224,209,137,15,160,252,255,14,224,
    209,137,15,160,194,138,15,192,180,128,15,128,196,255,14,128,
    196,255,14,128,196,255,14,128,196,255,14,128,196,255,14,128,
    196,255,14,128,196,255,14,160,252,255,14,128,196,255,14,128,
    196,255,14,128,196,255,14,128,174,201,15,128,196,255,14,224,
    207,254,29,160,252,255,14,128,196,255,14,128,196,255,14,128,
    196,255,14,128,196,255,14,128,196,255,14,128,196,255,14,128,
    174,201,15,128,236,166,17,128,156,216,12,128,236,166,17,128,
    156,216,12,128,236,166,17,128,156,216,12,128,214,240,17,128,
    178,142,12,128,214,240,17,128,178,142,12,128,214,240,17,128,
    156,216,12,128,236,166,17,128,156,216,12,128,236,166,17,128,
    156,216,12,128,214,240,17,128,178,142,12,128,214,240,17,128,
    178,142,12,128,214,240,17,128,178,142,12,128,214,240,17,128,
    156,216,12,128,236,166,17,128,156,216,12,128,236,166,17,128,
    156,216,12,128,214,240,17,128,178,142,12,224,181,237,107,160,
    194,198,120,224,145,150,65,17,18,67,18,67,18,67,18,67,
    18,67,18,67,18,67,18,68,21,68,21,68,21,18,68,21,
    68,21,68,21,68,21,68,21,68,21,68,21,68,21,68,21,
    68,21,68,21,68,21,68,21,68,21,68,21,68,21,68,21,
    68,21,68,21,22,21,18,21,6,0,34,0,53,8,0,0,
    220,2,0,0,28,0,0,0,49,2,0,0,38,6,0,0,
    16,14,0,0,49,0,1,0,0,0,0,0,36,0,0,0,
    32,28,0,0,44,0,1,0,16,14,0,0,40,0,0,0,
    144,0,0,0,183,147,179,195,18,214,212,181,217,4,194,162,
    185,158,1,128,206,253,8,128,148,171,14,128,222,157,16,128,
    214,205,12,128,178,177,17,128,236,131,12,128,156,251,17,128,
    152,240,10,128,232,225,20,128,212,217,11,128,146,148,8,128,
    128,184,164,4,160,208,205,5,192,188,138,8,224,169,193,123,
    224,175,190,15,160,216,192,14,192,185,224,13,128,140,231,31,
    160,174,158,152,2,224,247,238,216,1,128,196,224,241,1,128,
    156,216,12,160,184,224,168,1,224,183,235,13,160,212,216,12,
    160,252,255,14,192,169,239,32,160,252,255,14,160,230,201,15,
    224,139,255,14,17,19,66,19,66,19,66,19,66,19,66,19,
    66,19,66,19,21,68,21,68,21,19,21,19,66,19,66,21,
    68,21,19,66,19,21,4,0,4,0,59,8,0,0,47,3,
    0,0,28,0,0,0,0,0,0,0,27,1,0,0,8,7,
    0,0,65,8,0,0,16,14,0,0,71,8,0,0,19,0,
    0,0,221,188,164,149,15,222,188,167,90,162,143,207,165,1,
    206,174,189,170,1,17,16,18,19,3,0,2,0,72,1,0,
    0,100,241,255,255,28,0,0,0,240,241,255,255,173,3,0,
    0,0,0,0,0,27,1,0,0,10,0,0,0,223,141,203,
    209,13,128,146,134,232,14,17,18,2,0,1,0,75,8,0,
    0,138,30,0,0,28,0,0,0,32,28,0,0,81,8,0,
    0,5,0,0,0,147,170,233,171,14,17,5,0,72,0,85,
    8,0,0,228,248,255,255,28,0,0,0,16,14,0,0,232,
    3,1,0,0,0,0,0,181,3,0,0,16,14,0,0,232,
    3,0,0,0,0,0,0,181,3,1,0,40,1,0,0,199,
    153,240,154,13,200,235,232,138,6,224,223,204,5,160,132,138,
    8,224,149,186,172,1,160,196,163,137,1,224,143,196,11,160,
    169,186,243,3,224,244,235,9,160,212,196,202,1,224,165,215,
    5,160,248,140,50,224,239,201,7,160,222,191,22,224,203,173,
    12,160,252,162,20,224,199,162,5,160,138,128,169,1,224,167,
    134,54,160,218,203,162,5,224,239,201,7,160,222,191,22,224,
    237,213,6,160,172,247,20,224,147,137,8,160,204,206,19,224,
    209,230,9,224,206,192,22,128,236,224,6,128,250,198,2,128,
    182,176,3,128,236,166,17,128,164,226,5,128,204,230,2,128,
    212,182,6,128,156,216,12,128,156,181,7,128,146,241,2,128,
    190,128,7,128,156,216,12,128,142,172,6,128,146,241,2,128,
    204,137,8,128,156,216,12,128,164,226,5,128,146,241,2,128,
    160,157,9,128,178,142,12,128,208,206,4,128,252,186,3,128,
    138,231,9,128,178,142,12,128,230,132,4,128,146,241,2,128,
    222,250,10,128,174,201,15,128,146,241,2,128,162,250,25,128,
    252,186,3,128,162,250,25,128,146,241,2,128,162,250,25,128,
    252,186,3,128,162,250,25,128,146,241,2,128,140,196,26,128,
    146,241,2,128,162,250,25,128,252,186,3,128,162,250,25,128,
    146,241,2,224,139,255,14,18,65,18,65,18,65,18,65,18,
    65,18,65,18,65,18,65,18,19,18,65,18,65,18,65,18,
    65,18,65,18,65,18,65,18,65,18,65,18,65,18,65,18,
    65,18,65,18,65,18,65,18,65,18,65,18,65,19,4,19,
    4,19,4,19,4,19,4,19,4,19,4,19,4,19,18,5,
    0,43,0,1,0,0,0,4,251,255,255,28,0,0,0,0,
    0,0,0,36,0,0,0,16,14,0,0,49,0,1,0,16,
    14,0,0,40,0,0,0,32,28,0,0,44,0,1,0,178,
    0,0,0,255,171,202,156,16,224,129,254,137,4,224,227,215,
    12,160,132,164,166,1,160,250,139,14,224,231,145,46,160,168,
    236,13,224,245,200,15,160,146,182,14,128,152,147,16,128,218,
    181,14,128,135,170,139,9,224,244,235,9,160,212,196,202,1,
    224,165,215,5,160,248,140,50,224,239,201,7,160,222,191,22,
    224,203,173,12,160,252,162,20,224,199,162,5,160,138,128,169,
    1,160,168,167,61,128,196,255,14,128,196,255,14,128,196,255,
    14,128,196,255,14,128,196,255,14,128,196,255,14,128,196,255,
    14,128,196,255,14,128,174,201,15,128,196,255,14,128,196,255,
    14,128,196,255,14,128,196,255,14,128,196,255,14,128,196,255,
    14,128,196,255,14,128,196,255,14,128,196,255,14,128,196,255,
    14,128,174,201,15,17,66,17,66,17,66,17,66,17,66,17,
    66,17,66,17,66,17,66,17,66,17,19,68,19,68,19,68,
    19,68,19,68,19,68,19,68,19,68,19,68,19,68,19,68,
    6,0,61,0,85,8,0,0,160,243,255,255,28,0,0,0,
    240,241,255,255,173,3,0,0,16,14,0,0,232,3,1,0,
    0,0,0,0,181,3,0,0,0,0,0,0,181,3,1,0,
    16,14,0,0,232,3,0,0,247,0,0,0,191,188,184,187,
    8,224,254,197,248,9,224,237,178,1,224,239,201,7,160,222,
    191,22,224,203,173,12,160,252,162,20,224,199,162,5,160,140,
    210,129,7,224,239,201,7,160,222,191,22,224,237,213,6,160,
    172,247,20,224,147,137,8,160,204,206,19,224,209,230,9,224,
    206,192,22,128,236,224,6,128,250,198,2,128,182,176,3,128,
    236,166,17,128,164,226,5,128,204,230,2,128,212,182,6,128,
    156,216,12,128,156,181,7,128,146,241,2,128,190,128,7,128,
    156,216,12,128,142,172,6,128,146,241,2,128,204,137,8,128,
    156,216,12,128,164,226,5,128,146,241,2,128,160,157,9,128,
    178,142,12,128,208,206,4,128,252,186,3,128,138,231,9,128,
    178,142,12,128,230,132,4,128,146,241,2,128,222,250,10,128,
    174,201,15,128,146,241,2,128,162,250,25,128,252,186,3,128,
    162,250,25,128,146,241,2,128,162,250,25,128,252,186,3,128,
    162,250,25,128,146,241,2,128,140,196,26,128,146,241,2,128,
    162,250,25,128,252,186,3,128,162,250,25,128,146,241,2,224,
    139,255,14,17,19,66,19,66,19,66,19,66,19,66,19,66,
    19,66,19,66,19,66,19,66,19,66,19,66,19,66,19,66,
    19,66,19,66,19,66,19,66,19,66,19,66,19,66,21,4,
    21,4,21,4,21,4,21,4,21,4,21,4,21,4,21,19,
    4,0,6,0,92,8,0,0,64,26,0,0,28,0,0,0,
    24,21,0,0,99,8,0,0,48,42,0,0,99,8,1,0,
    32,28,0,0,99,8,0,0,27,0,0,0,255,250,165,168,
    18,208,184,220,204,2,176,244,189,166,9,224,139,255,14,160,
    252,255,14,224,139,255,14,17,19,66,19,66,19,4,0,35,
    0,75,8,0,0,164,29,0,0,28,0,0,0,48,42,0,
    0,104,8,1,0,32,28,0,0,81,8,0,0,48,42,0,
    0,73,3,0,0,144,0,0,0,199,148,225,149,9,136,244,
    209,159,9,224,241,224,13,160,150,158,16,224,183,235,13,160,
    220,168,16,224,183,235,13,160,208,147,16,224,253,245,13,160,
    138,137,16,224,195,128,14,160,196,254,15,224,137,139,14,160,
    254,243,15,224,149,160,14,160,242,222,15,224,219,170,14,160,
    150,158,16,224,183,235,13,160,208,147,16,224,253,245,13,160,
    138,137,16,224,137,139,14,160,254,243,15,224,207,149,14,160,
    184,233,15,224,149,160,14,160,242,222,15,224,219,170,14,160,
    150,158,16,224,253,245,13,160,138,137,16,224,195,128,14,160,
    153,246,172,3,224,212,182,249,4,18,65,18,65,18,65,18,
    65,18,65,18,65,18,65,18,65,18,65,18,65,18,65,18,
    65,18,65,18,65,18,65,18,65,18,19,18,4,0,35,0,
    75,8,0,0,128,30,0,0,28,0,0,0,48,42,0,0,
    104,8,1,0,32,28,0,0,81,8,0,0,48,42,0,0,
    73,3,0,0,144,0,0,0,255,151,225,149,9,192,247,209,
    159,9,224,241,224,13,160,150,158,16,224,183,235,13,160,220,
    168,16,224,183,235,13,160,208,147,16,224,253,245,13,160,138,
    137,16,224,195,128,14,160,196,254,15,224,137,139,14,160,254,
    243,15,224,149,160,14,160,242,222,15,224,219,170,14,160,150,
    158,16,224,183,235,13,160,208,147,16,224,253,245,13,160,138,
    137,16,224,137,139,14,160,254,243,15,224,207,149,14,160,184,
    233,15,224,149,160,14,160,242,222,15,224,219,170,14,160,150,
    158,16,224,253,245,13,160,138,137,16,224,195,128,14,160,153,
    246,172,3,224,252,196,151,4,18,65,18,65,18,65,18,65,
    18,65,18,65,18,65,18,65,18,65,18,65,18,65,18,65,
    18,65,18,65,18,65,18,65,18,19,18,4,0,3,0,72,
    1,0,0,228,245,255,255,28,0,0,0,228,245,255,255,44,
    3,0,0,146,245,255,255,44,3,0,0,0,0,0,0,27,
    1,0,0,15,0,0,0,199,229,170,216,20,128,152,166,222,
    8,164,183,215,182,12,17,18,19,3,0,3,0,59,8,0,
    0,28,14,0,0,28,0,0,0,16,14,0,0,71,8,0,
    0,32,28,0,0,109,8,1,0,14,0,0,0,183,254,203,
    209,13,152,196,255,247,15,224,179,131,12,17,66,17,4,0,
    4,0,72,1,0,0,80,6,0,0,28,0,0,0,99,247,
    255,255,28,0,0,0,0,0,0,0,27,1,0,0,16,14,
    0,0,71,8,0,0,19,0,0,0,159,139,152,156,20,160,
    197,204,202,6,160,230,151,246,24,128,206,137,30,17,18,19,
    18,4,0,34,0,53,8,0,0,140,9,0,0,28,0,0,
    0,49,2,0,0,38,6,0,0,32,28,0,0,44,0,1,
    0,16,14,0,0,40,0,0,0,141,0,0,0,151,176,207,
    235,20,182,241,209,129,7,162,226,209,205,6,128,214,240,17,
    128,146,148,8,128,200,185,48,160,212,216,12,192,132,207,19,
    128,178,142,12,224,249,199,1,160,232,84,224,147,172,13,160,
    252,255,14,160,191,189,15,224,200,193,14,160,129,224,13,160,
    166,206,183,7,128,178,142,12,128,226,133,18,128,214,205,12,
    128,130,249,162,2,128,184,199,9,128,196,255,14,128,196,255,
    14,128,226,133,18,128,144,195,12,128,154,247,182,3,160,200,
    195,12,160,158,203,14,128,214,240,17,128,178,142,12,128,214,
    240,17,128,156,216,12,128,236,166,17,17,19,66,19,66,19,
    66,19,66,19,66,19,66,19,66,19,66,19,66,19,66,19,
    66,19,66,19,66,19,66,19,66,19,66,19,6,0,53,0,
    75,8,0,0,8,16,0,0,28,0,0,0,24,21,0,0,
    114,8,0,0,32,28,0,0,99,8,0,0,48,42,0,0,
    99,8,1,0,16,14,0,0,71,8,1,0,32,28,0,0,
    81,8,0,0,216,0,0,0,143,210,165,168,18,224,143,220,
    204,2,176,244,189,166,9,224,139,255,14,224,225,193,134,11,
    128,254,176,120,224,210,226,13,224,179,166,17,160,212,216,12,
    224,157,240,17,160,234,142,12,224,157,240,17,160,212,216,12,
    224,179,166,17,160,212,216,12,224,179,166,17,160,212,216,12,
    224,179,166,17,160,212,216,12,224,179,166,17,160,212,216,12,
    224,157,240,17,160,234,142,12,224,157,240,17,160,212,216,12,
    224,179,166,17,160,212,216,12,224,179,166,17,160,212,216,12,
    224,179,166,17,160,212,216,12,224,179,166,17,160,212,216,12,
    224,157,240,17,160,212,216,12,224,179,166,17,160,212,216,12,
    224,179,166,17,160,212,216,12,224,179,166,17,160,212,216,12,
    224,179,166,17,160,212,216,12,224,157,240,17,160,234,142,12,
    224,157,240,17,160,212,216,12,224,179,166,17,160,212,216,12,
    224,179,166,17,160,212,216,12,224,179,166,17,160,212,216,12,
    17,18,67,18,21,4,21,4,21,4,21,4,21,4,21,4,
    21,4,21,4,21,4,21,4,21,4,21,4,21,4,21,4,
    21,4,21,4,21,4,21,4,21,4,21,4,21,4,21,4,
    21,4,21,4,21,0,67,69,84,45,49,67,69,83,84,44,
    77,51,46,53,46,48,44,77,49,48,46,53,46,48,47,51,
    0,76,77,84,0,66,77,84,0,87,69,84,0,67,69,84,
    0,67,69,83,84,0,87,69,83,84,0,67,83,84,54,67,
    68,84,44,77,51,46,50,46,48,44,77,49,49,46,49,46,
    48,0,67,68,84,0,67,83,84,0,69,83,84,0,67,87,
    84,0,67,80,84,0,67,83,84,53,67,68,84,44,77,51,
    46,50,46,48,47,48,44,77,49,49,46,49,46,48,47,49,
    0,72,77,84,0,69,69,84,45,50,69,69,83,84,44,77,
    51,46,53,46,48,47,51,44,77,49,48,46,53,46,48,47,
    52,0,65,77,84,0,69,69,83,84,0,69,69,84,0,69,
    83,84,53,0,67,77,84,0,69,83,84,53,69,68,84,44,
    77,51,46,50,46,48,44,77,49,49,46,49,46,48,0,69,
    68,84,0,69,87,84,0,69,80,84,0,69,69,84,45,50,
    69,69,83,84,44,77,52,46,53,46,53,47,48,44,77,49,
    48,46,53,46,52,47,50,52,0,73,83,84,45,49,71,77,
    84,48,44,77,49,48,46,53,46,48,44,77,51,46,53,46,
    48,47,49,0,68,77,84,0,73,83,84,0,66,83,84,0,
    71,77,84,0,60,45,48,48,62,48,0,45,48,48,0,71,
    77,84,48,66,83,84,44,77,51,46,53,46,48,47,49,44,
    77,49,48,46,53,46,48,0,66,68,83,84,0,71,77,84,
    48,0,72,83,84,49,48,0,72,83,84,0,72,68,84,0,
    72,87,84,0,72,80,84,0,72,75,84,45,56,0,72,75,
    84,0,72,75,83,84,0,72,75,87,84,0,74,83,84,0,
    60,43,48,51,51,48,62,45,51,58,51,48,0,84,77,84,
    0,43,48,52,51,48,0,43,48,51,51,48,0,43,48,53,
    0,43,48,52,0,73,83,84,45,50,73,68,84,44,77,51,
    46,52,46,52,47,50,54,44,77,49,48,46,53,46,48,0,
    74,77,84,0,73,68,84,0,73,68,68,84,0,75,77,84,
    0,74,83,84,45,57,0,74,68,84,0,60,43,49,50,62,
    45,49,50,0,43,49,49,0,43,49,48,0,43,48,57,0,
    45,49,50,0,43,49,50,0,69,69,84,45,50,0,77,83,
    84,55,0,77,68,84,0,77,83,84,0,77,87,84,0,77,
    83,84,55,77,68,84,44,77,51,46,50,46,48,44,77,49,
    49,46,49,46,48,0,77,80,84,0,78,90,83,84,45,49,
    50,78,90,68,84,44,77,57,46,53,46,48,44,77,52,46,
    49,46,48,47,51,0,78,90,83,84,0,78,90,77,84,0,
    78,90,68,84,0,60,43,49,50,52,53,62,45,49,50,58,
    52,53,60,43,49,51,52,53,62,44,77,57,46,53,46,48,
    47,50,58,52,53,44,77,52,46,49,46,48,47,51,58,52,
    53,0,43,49,50,49,53,0,43,49,51,52,53,0,43,49,
    50,52,53,0,67,83,84,45,56,0,80,83,84,56,80,68,
    84,44,77,51,46,50,46,48,44,77,49,49,46,49,46,48,
    0,80,68,84,0,80,83,84,0,80,87,84,0,80,80,84,
    0,87,77,84,0,87,69,84,48,87,69,83,84,44,77,51,
    46,53,46,48,47,49,44,77,49,48,46,53,46,48,0,87,
    69,77,84,0,75,83,84,45,57,0,75,83,84,0,75,68,
    84,0,60,43,48,56,62,45,56,0,83,77,84,0,43,48,
    55,0,43,48,55,50,48,0,43,48,55,51,48,0,43,48,
    56,0,60,43,48,51,62,45,51,0,73,77,84,0,43,48,
    51,0,85,84,67,48,0,85,84,67,0,77,83,75,45,51,
    0,77,77,84,0,77,68,83,84,0,77,83,68,0,77,83,
    75,0,69,65,84,45,51,0,43,48,50,51,48,0,69,65,
    84,0,43,48,50,52,53,0,60,43,48,54,62,45,54,0,
    43,48,54,0,60,43,48,55,62,45,55,0,60,43,48,54,
    51,48,62,45,54,58,51,48,0,82,77,84,0,43,48,54,
    51,48,0,60,43,48,53,62,45,53,0,60,43,48,52,62,
    45,52,0,60,45,48,49,62,49,60,43,48,48,62,44,77,
    51,46,53,46,48,47,48,44,77,49,48,46,53,46,48,47,
    49,0,45,48,49,0,45,48,50,0,43,48,48,0,65,83,
    84,52,65,68,84,44,77,51,46,50,46,48,44,77,49,49,
    46,49,46,48,0,65,68,84,0,65,83,84,0,60,45,48,
    49,62,49,0,67,69,77,84,0,70,77,84,0,43,48,49,
    0,60,45,48,50,62,50,0,60,45,48,51,62,51,0,45,
    48,51,0,45,48,52,0,65,75,83,84,57,65,75,68,84,
    44,77,51,46,50,46,48,44,77,49,49,46,49,46,48,0,
    65,87,84,0,65,80,84,0,65,72,83,84,0,65,72,68,
    84,0,89,83,84,0,65,75,68,84,0,65,75,83,84,0,
    72,83,84,49,48,72,68,84,44,77,51,46,50,46,48,44,
    77,49,49,46,49,46,48,0,78,83,84,0,78,87,84,0,
    78,80,84,0,66,68,84,0,83,83,84,49,49,0,83,83,
    84,0,60,45,48,53,62,53,0,45,48,53,0,60,45,48,
    52,62,52,0,60,43,49,51,62,45,49,51,0,45,49,49,
    51,48,0,45,49,48,0,45,49,49,0,43,49,51,0,43,
    49,52,0,60,43,49,49,62,45,49,49,0,80,77,77,84,
    0,60,43,49,48,62,45,49,48,0,60,45,48,54,62,54,
    60,45,48,53,62,44,77,57,46,49,46,54,47,50,50,44,
    77,52,46,49,46,54,47,50,50,0,69,77,84,0,45,48,
    54,0,45,48,55,0,60,45,48,54,62,54,0,60,45,48,
    57,62,57,0,45,48,57,0,67,104,83,84,45,49,48,0,
    71,83,84,0,71,68,84,0,67,104,83,84,0,60,43,49,
    52,62,45,49,52,0,45,49,48,52,48,0,60,45,48,57,
    51,48,62,57,58,51,48,0,45,48,57,51,48,0,43,49,
    49,51,48,0,60,45,49,49,62,49,49,0,45,49,49,50,
    48,0,60,43,49,49,62,45,49,49,60,43,49,50,62,44,
    77,49,48,46,49,46,48,44,77,52,46,49,46,48,47,51,
    0,43,49,49,49,50,0,43,49,50,51,48,0,60,43,48,
    57,62,45,57,0,60,45,48,56,62,56,0,45,48,56,51,
    48,0,45,48,56,0,60,45,49,48,62,49,48,0,45,49,
    48,51,48,0,43,49,50,50,48,0,65,83,84,52,0,67,
    83,84,54,0,45,48,51,51,48,0,45,48,53,51,48,0,
    45,48,52,51,48,0,83,74,77,84,0,89,68,84,0,89,
    87,84,0,89,80,84,0,89,68,68,84,0,60,45,48,50,
    62,50,60,45,48,49,62,44,77,51,46,53,46,48,47,45,
    49,44,77,49,48,46,53,46,48,47,48,0,78,68,84,0,
    65,68,68,84,0,81,77,84,0,45,48,51,52,53,0,70,
    70,77,84,0,60,45,48,51,62,51,60,45,48,50,62,44,
    77,51,46,50,46,48,44,77,49,49,46,49,46,48,0,45,
    48,50,51,48,0,45,48,49,51,48,0,80,77,84,0,80,
    80,77,84,0,60,45,48,52,62,52,60,45,48,51,62,44,
    77,57,46,49,46,54,47,50,52,44,77,52,46,49,46,54,
    47,50,52,0,83,68,77,84,0,78,83,84,51,58,51,48,
    78,68,84,44,77,51,46,50,46,48,44,77,49,49,46,49,
    46,48,0,78,68,68,84,0,65,69,83,84,45,49,48,65,
    69,68,84,44,77,49,48,46,49,46,48,44,77,52,46,49,
    46,48,47,51,0,65,69,68,84,0,65,69,83,84,0,65,
    67,83,84,45,57,58,51,48,65,67,68,84,44,77,49,48,
    46,49,46,48,44,77,52,46,49,46,48,47,51,0,65,67,
    83,84,0,65,67,68,84,0,65,69,83,84,45,49,48,0,
    65,67,83,84,45,57,58,51,48,0,60,43,48,56,52,53,
    62,45,56,58,52,53,0,43,48,57,52,53,0,43,48,56,
    52,53,0,60,43,49,48,51,48,62,45,49,48,58,51,48,
    60,43,49,49,62,45,49,49,44,77,49,48,46,49,46,48,
    44,77,52,46,49,46,48,0,43,49,48,51,48,0,65,87,
    83,84,45,56,0,65,87,68,84,0,65,87,83,84,0,60,
    45,49,50,62,49,50,0,60,45,48,55,62,55,0,60,43,
    48,49,62,45,49,0,60,43,48,50,62,45,50,0,43,48,
    50,0,69,69,84,45,50,69,69,83,84,44,77,51,46,53,
    46,48,47,48,44,77,49,48,46,53,46,48,47,48,0,43,
    48,56,50,48,0,73,83,84,45,53,58,51,48,0,60,43,
    48,53,51,48,62,45,53,58,51,48,0,43,48,53,51,48,
    0,69,69,84,45,50,69,69,83,84,44,77,51,46,52,46,
    52,47,53,48,44,77,49,48,46,52,46,52,47,53,48,0,
    80,76,77,84,0,87,73,66,45,55,0,87,73,66,0,87,
    73,84,45,57,0,43,48,57,51,48,0,87,73,84,0,60,
    43,48,52,51,48,62,45,52,58,51,48,0,80,75,84,45,
    53,0,80,75,83,84,0,80,75,84,0,60,43,48,53,52,
    53,62,45,53,58,52,53,0,43,48,53,52,53,0,87,73,
    84,65,45,56,0,87,73,84,65,0,80,83,84,45,56,0,
    84,66,77,84,0,60,43,48,48,62,48,60,43,48,50,62,
    45,50,44,77,51,46,53,46,48,47,49,44,77,49,48,46,
    53,46,48,47,51,0,76,83,84,0,67,69,84,45,49,0,
    87,65,84,45,49,0,43,48,48,51,48,0,87,65,84,0,
    67,65,84,45,50,0,67,65,84,0,60,43,48,48,62,48,
    0,83,65,83,84,45,50,0,83,65,83,84,0,67,65,83,
    84,0,87,65,83,84,0,43,48,49,51,48,0,50,48,50,
    54,99,0,65,102,114,105,99,97,47,65,98,105,100,106,97,
    110,0,65,102,114,105,99,97,47,65,99,99,114,97,0,65,
    102,114,105,99,97,47,65,100,100,105,115,95,65,98,97,98,
    97,0,65,102,114,105,99,97,47,65,108,103,105,101,114,115,
    0,65,102,114,105,99,97,47,65,115,109,97,114,97,0,65,
    102,114,105,99,97,47,65,115,109,101,114,97,0,65,102,114,
    105,99,97,47,66,97,109,97,107,111,0,65,102,114,105,99,
    97,47,66,97,110,103,117,105,0,65,102,114,105,99,97,47,
    66,97,110,106,117,108,0,65,102,114,105,99,97,47,66,105,
    115,115,97,117,0,65,102,114,105,99,97,47,66,108,97,110,
    116,121,114,101,0,65,102,114,105,99,97,47,66,114,97,122,
    122,97,118,105,108,108,101,0,65,102,114,105,99,97,47,66,
    117,106,117,109,98,117,114,97,0,65,102,114,105,99,97,47,
    67,97,105,114,111,0,65,102,114,105,99,97,47,67,97,115,
    97,98,108,97,110,99,97,0,65,102,114,105,99,97,47,67,
    101,117,116,97,0,65,102,114,105,99,97,47,67,111,110,97,
    107,114,121,0,65,102,114,105,99,97,47,68,97,107,97,114,
    0,65,102,114,105,99,97,47,68,97,114,95,101,115,95,83,
    97,108,97,97,109,0,65,102,114,105,99,97,47,68,106,105,
    98,111,117,116,105,0,65,102,114,105,99,97,47,68,111,117,
    97,108,97,0,65,102,114,105,99,97,47,69,108,95,65,97,
    105,117,110,0,65,102,114,105,99,97,47,70,114,101,101,116,
    111,119,110,0,65,102,114,105,99,97,47,71,97,98,111,114,
    111,110,101,0,65,102,114,105,99,97,47,72,97,114,97,114,
    101,0,65,102,114,105,99,97,47,74,111,104,97,110,110,101,
    115,98,117,114,103,0,65,102,114,105,99,97,47,74,117,98,
    97,0,65,102,114,105,99,97,47,75,97,109,112,97,108,97,
    0,65,102,114,105,99,97,47,75,104,97,114,116,111,117,109,
    0,65,102,114,105,99,97,47,75,105,103,97,108,105,0,65,
    102,114,105,99,97,47,75,105,110,115,104,97,115,97,0,65,
    102,114,105,99,97,47,76,97,103,111,115,0,65,102,114,105,
    99,97,47,76,105,98,114,101,118,105,108,108,101,0,65,102,
    114,105,99,97,47,76,111,109,101,0,65,102,114,105,99,97,
    47,76,117,97,110,100,97,0,65,102,114,105,99,97,47,76,
    117,98,117,109,98,97,115,104,105,0,65,102,114,105,99,97,
    47,76,117,115,97,107,97,0,65,102,114,105,99,97,47,77,
    97,108,97,98,111,0,65,102,114,105,99,97,47,77,97,112,
    117,116,111,0,65,102,114,105,99,97,47,77,97,115,101,114,
    117,0,65,102,114,105,99,97,47,77,98,97,98,97,110,101,
    0,65,102,114,105,99,97,47,77,111,103,97,100,105,115,104,
    117,0,65,102,114,105,99,97,47,77,111,110,114,111,118,105,
    97,0,65,102,114,105,99,97,47,78,97,105,114,111,98,105,
    0,65,102,114,105,99,97,47,78,100,106,97,109,101,110,97,
    0,65,102,114,105,99,97,47,78,105,97,109,101,121,0,65,
    102,114,105,99,97,47,78,111,117,97,107,99,104,111,116,116,
    0,65,102,114,105,99,97,47,79,117,97,103,97,100,111,117,
    103,111,117,0,65,102,114,105,99,97,47,80,111,114,116,111,
    45,78,111,118,111,0,65,102,114,105,99,97,47,83,97,111,
    95,84,111,109,101,0,65,102,114,105,99,97,47,84,105,109,
    98,117,107,116,117,0,65,102,114,105,99,97,47,84,114,105,
    112,111,108,105,0,65,102,114,105,99,97,47,84,117,110,105,
    115,0,65,102,114,105,99,97,47,87,105,110,100,104,111,101,
    107,0,65,109,101,114,105,99,97,47,65,100,97,107,0,65,
    109,101,114,105,99,97,47,65,110,99,104,111,114,97,103,101,
    0,65,109,101,114,105,99,97,47,65,110,103,117,105,108,108,
    97,0,65,109,101,114,105,99,97,47,65,110,116,105,103,117,
    97,0,65,109,101,114,105,99,97,47,65,114,97,103,117,97,
    105,110,97,0,65,109,101,114,105,99,97,47,65,114,103,101,
    110,116,105,110,97,47,66,117,101,110,111,115,95,65,105,114,
    101,115,0,65,109,101,114,105,99,97,47,65,114,103,101,110,
    116,105,110,97,47,67,97,116,97,109,97,114,99,97,0,65,
    109,101,114,105,99,97,47,65,114,103,101,110,116,105,110,97,
    47,67,111,109,111,100,82,105,118,97,100,97,118,105,97,0,
    65,109,101,114,105,99,97,47,65,114,103,101,110,116,105,110,
    97,47,67,111,114,100,111,98,97,0,65,109,101,114,105,99,
    97,47,65,114,103,101,110,116,105,110,97,47,74,117,106,117,
    121,0,65,109,101,114,105,99,97,47,65,114,103,101,110,116,
    105,110,97,47,76,97,95,82,105,111,106,97,0,65,109,101,
    114,105,99,97,47,65,114,103,101,110,116,105,110,97,47,77,
    101,110,100,111,122,97,0,65,109,101,114,105,99,97,47,65,
    114,103,101,110,116,105,110,97,47,82,105,111,95,71,97,108,
    108,101,103,111,115,0,65,109,101,114,105,99,97,47,65,114,
    103,101,110,116,105,110,97,47,83,97,108,116,97,0,65,109,
    101,114,105,99,97,47,65,114,103,101,110,116,105,110,97,47,
    83,97,110,95,74,117,97,110,0,65,109,101,114,105,99,97,
    47,65,114,103,101,110,116,105,110,97,47,83,97,110,95,76,
    117,105,115,0,65,109,101,114,105,99,97,47,65,114,103,101,
    110,116,105,110,97,47,84,117,99,117,109,97,110,0,65,109,
    101,114,105,99,97,47,65,114,103,101,110,116,105,110,97,47,
    85,115,104,117,97,105,97,0,65,109,101,114,105,99,97,47,
    65,114,117,98,97,0,65,109,101,114,105,99,97,47,65,115,
    117,110,99,105,111,110,0,65,109,101,114,105,99,97,47,65,
    116,105,107,111,107,97,110,0,65,109,101,114,105,99,97,47,
    65,116,107,97,0,65,109,101,114,105,99,97,47,66,97,104,
    105,97,0,65,109,101,114,105,99,97,47,66,97,104,105,97,
    95,66,97,110,100,101,114,97,115,0,65,109,101,114,105,99,
    97,47,66,97,114,98,97,100,111,115,0,65,109,101,114,105,
    99,97,47,66,101,108,101,109,0,65,109,101,114,105,99,97,
    47,66,101,108,105,122,101,0,65,109,101,114,105,99,97,47,
    66,108,97,110,99,45,83,97,98,108,111,110,0,65,109,101,
    114,105,99,97,47,66,111,97,95,86,105,115,116,97,0,65,
    109,101,114,105,99,97,47,66,111,103,111,116,97,0,65,109,
    101,114,105,99,97,47,66,111,105,115,101,0,65,109,101,114,
    105,99,97,47,66,117,101,110,111,115,95,65,105,114,101,115,
    0,65,109,101,114,105,99,97,47,67,97,109,98,114,105,100,
    103,101,95,66,97,121,0,65,109,101,114,105,99,97,47,67,
    97,109,112,111,95,71,114,97,110,100,101,0,65,109,101,114,
    105,99,97,47,67,97,110,99,117,110,0,65,109,101,114,105,
    99,97,47,67,97,114,97,99,97,115,0,65,109,101,114,105,
    99,97,47,67,97,116,97,109,97,114,99,97,0,65,109,101,
    114,105,99,97,47,67,97,121,101,110,110,101,0,65,109,101,
    114,105,99,97,47,67,97,121,109,97,110,0,65,109,101,114,
    105,99,97,47,67,104,105,99,97,103,111,0,65,109,101,114,
    105,99,97,47,67,104,105,104,117,97,104,117,97,0,65,109,
    101,114,105,99,97,47,67,105,117,100,97,100,95,74,117,97,
    114,101,122,0,65,109,101,114,105,99,97,47,67,111,114,97,
    108,95,72,97,114,98,111,117,114,0,65,109,101,114,105,99,
    97,47,67,111,114,100,111,98,97,0,65,109,101,114,105,99,
    97,47,67,111,115,116,97,95,82,105,99,97,0,65,109,101,
    114,105,99,97,47,67,111,121,104,97,105,113,117,101,0,65,
    109,101,114,105,99,97,47,67,114,101,115,116,111,110,0,65,
    109,101,114,105,99,97,47,67,117,105,97,98,97,0,65,109,
    101,114,105,99,97,47,67,117,114,97,99,97,111,0,65,109,
    101,114,105,99,97,47,68,97,110,109,97,114,107,115,104,97,
    118,110,0,65,109,101,114,105,99,97,47,68,97,119,115,111,
    110,0,65,109,101,114,105,99,97,47,68,97,119,115,111,110,
    95,67,114,101,101,107,0,65,109,101,114,105,99,97,47,68,
    101,110,118,101,114,0,65,109,101,114,105,99,97,47,68,101,
    116,114,111,105,116,0,65,109,101,114,105,99,97,47,68,111,
    109,105,110,105,99,97,0,65,109,101,114,105,99,97,47,69,
    100,109,111,110,116,111,110,0,65,109,101,114,105,99,97,47,
    69,105,114,117,110,101,112,101,0,65,109,101,114,105,99,97,
    47,69,108,95,83,97,108,118,97,100,111,114,0,65,109,101,
    114,105,99,97,47,69,110,115,101,110,97,100,97,0,65,109,
    101,114,105,99,97,47,70,111,114,116,95,78,101,108,115,111,
    110,0,65,109,101,114,105,99,97,47,70,111,114,116,95,87,
    97,121,110,101,0,65,109,101,114,105,99,97,47,70,111,114,
    116,97,108,101,122,97,0,65,109,101,114,105,99,97,47,71,
    108,97,99,101,95,66,97,121,0,65,109,101,114,105,99,97,
    47,71,111,100,116,104,97,98,0,65,109,101,114,105,99,97,
    47,71,111,111,115,101,95,66,97,121,0,65,109,101,114,105,
    99,97,47,71,114,97,110,100,95,84,117,114,107,0,65,109,
    101,114,105,99,97,47,71,114,101,110,97,100,97,0,65,109,
    101,114,105,99,97,47,71,117,97,100,101,108,111,117,112,101,
    0,65,109,101,114,105,99,97,47,71,117,97,116,101,109,97,
    108,97,0,65,109,101,114,105,99,97,47,71,117,97,121,97,
    113,117,105,108,0,65,109,101,114,105,99,97,47,71,117,121,
    97,110,97,0,65,109,101,114,105,99,97,47,72,97,108,105,
    102,97,120,0,65,109,101,114,105,99,97,47,72,97,118,97,
    110,97,0,65,109,101,114,105,99,97,47,72,101,114,109,111,
    115,105,108,108,111,0,65,109,101,114,105,99,97,47,73,110,
    100,105,97,110,97,47,73,110,100,105,97,110,97,112,111,108,
    105,115,0,65,109,101,114,105,99,97,47,73,110,100,105,97,
    110,97,47,75,110,111,120,0,65,109,101,114,105,99,97,47,
    73,110,100,105,97,110,97,47,77,97,114,101,110,103,111,0,
    65,109,101,114,105,99,97,47,73,110,100,105,97,110,97,47,
    80,101,116,101,114,115,98,117,114,103,0,65,109,101,114,105,
    99,97,47,73,110,100,105,97,110,97,47,84,101,108,108,95,
    67,105,116,121,0,65,109,101,114,105,99,97,47,73,110,100,
    105,97,110,97,47,86,101,118,97,121,0,65,109,101,114,105,
    99,97,47,73,110,100,105,97,110,97,47,86,105,110,99,101,
    110,110,101,115,0,65,109,101,114,105,99,97,47,73,110,100,
    105,97,110,97,47,87,105,110,97,109,97,99,0,65,109,101,
    114,105,99,97,47,73,110,100,105,97,110,97,112,111,108,105,
    115,0,65,109,101,114,105,99,97,47,73,110,117,118,105,107,
    0,65,109,101,114,105,99,97,47,73,113,97,108,117,105,116,
    0,65,109,101,114,105,99,97,47,74,97,109,97,105,99,97,
    0,65,109,101,114,105,99,97,47,74,117,106,117,121,0,65,
    109,101,114,105,99,97,47,74,117,110,101,97,117,0,65,109,
    101,114,105,99,97,47,75,101,110,116,117,99,107,121,47,76,
    111,117,105,115,118,105,108,108,101,0,65,109,101,114,105,99,
    97,47,75,101,110,116,117,99,107,121,47,77,111,110,116,105,
    99,101,108,108,111,0,65,109,101,114,105,99,97,47,75,110,
    111,120,95,73,78,0,65,109,101,114,105,99,97,47,75,114,
    97,108,101,110,100,105,106,107,0,65,109,101,114,105,99,97,
    47,76,97,95,80,97,122,0,65,109,101,114,105,99,97,47,
    76,105,109,97,0,65,109,101,114,105,99,97,47,76,111,115,
    95,65,110,103,101,108,101,115,0,65,109,101,114,105,99,97,
    47,76,111,117,105,115,118,105,108,108,101,0,65,109,101,114,
    105,99,97,47,76,111,119,101,114,95,80,114,105,110,99,101,
    115,0,65,109,101,114,105,99,97,47,77,97,99,101,105,111,
    0,65,109,101,114,105,99,97,47,77,97,110,97,103,117,97,
    0,65,109,101,114,105,99,97,47,77,97,110,97,117,115,0,
    65,109,101,114,105,99,97,47,77,97,114,105,103,111,116,0,
    65,109,101,114,105,99,97,47,77,97,114,116,105,110,105,113,
    117,101,0,65,109,101,114,105,99,97,47,77,97,116,97,109,
    111,114,111,115,0,65,109,101,114,105,99,97,47,77,97,122,
    97,116,108,97,110,0,65,109,101,114,105,99,97,47,77,101,
    110,100,111,122,97,0,65,109,101,114,105,99,97,47,77,101,
    110,111,109,105,110,101,101,0,65,109,101,114,105,99,97,47,
    77,101,114,105,100,97,0,65,109,101,114,105,99,97,47,77,
    101,116,108,97,107,97,116,108,97,0,65,109,101,114,105,99,
    97,47,77,101,120,105,99,111,95,67,105,116,121,0,65,109,
    101,114,105,99,97,47,77,105,113,117,101,108,111,110,0,65,
    109,101,114,105,99,97,47,77,111,110,99,116,111,110,0,65,
    109,101,114,105,99,97,47,77,111,110,116,101,114,114,101,121,
    0,65,109,101,114,105,99,97,47,77,111,110,116,101,118,105,
    100,101,111,0,65,109,101,114,105,99,97,47,77,111,110,116,
    114,101,97,108,0,65,109,101,114,105,99,97,47,77,111,110,
    116,115,101,114,114,97,116,0,65,109,101,114,105,99,97,47,
    78,97,115,115,97,117,0,65,109,101,114,105,99,97,47,78,
    101,119,95,89,111,114,107,0,65,109,101,114,105,99,97,47,
    78,105,112,105,103,111,110,0,65,109,101,114,105,99,97,47,
    78,111,109,101,0,65,109,101,114,105,99,97,47,78,111,114,
    111,110,104,97,0,65,109,101,114,105,99,97,47,78,111,114,
    116,104,95,68,97,107,111,116,97,47,66,101,117,108,97,104,
    0,65,109,101,114,105,99,97,47,78,111,114,116,104,95,68,
    97,107,111,116,97,47,67,101,110,116,101,114,0,65,109,101,
    114,105,99,97,47,78,111,114,116,104,95,68,97,107,111,116,
    97,47,78,101,119,95,83,97,108,101,109,0,65,109,101,114,
    105,99,97,47,78,117,117,107,0,65,109,101,114,105,99,97,
    47,79,106,105,110,97,103,97,0,65,109,101,114,105,99,97,
    47,80,97,110,97,109,97,0,65,109,101,114,105,99,97,47,
    80,97,110,103,110,105,114,116,117,110,103,0,65,109,101,114,
    105,99,97,47,80,97,114,97,109,97,114,105,98,111,0,65,
    109,101,114,105,99,97,47,80,104,111,101,110,105,120,0,65,
    109,101,114,105,99,97,47,80,111,114,116,45,97,117,45,80,
    114,105,110,99,101,0,65,109,101,114,105,99,97,47,80,111,
    114,116,95,111,102,95,83,112,97,105,110,0,65,109,101,114,
    105,99,97,47,80,111,114,116,111,95,65,99,114,101,0,65,
    109,101,114,105,99,97,47,80,111,114,116,111,95,86,101,108,
    104,111,0,65,109,101,114,105,99,97,47,80,117,101,114,116,
    111,95,82,105,99,111,0,65,109,101,114,105,99,97,47,80,
    117,110,116,97,95,65,114,101,110,97,115,0,65,109,101,114,
    105,99,97,47,82,97,105,110,121,95,82,105,118,101,114,0,
    65,109,101,114,105,99,97,47,82,97,110,107,105,110,95,73,
    110,108,101,116,0,65,109,101,114,105,99,97,47,82,101,99,
    105,102,101,0,65,109,101,114,105,99,97,47,82,101,103,105,
    110,97,0,65,109,101,114,105,99,97,47,82,101,115,111,108,
    117,116,101,0,65,109,101,114,105,99,97,47,82,105,111,95,
    66,114,97,110,99,111,0,65,109,101,114,105,99,97,47,82,
    111,115,97,114,105,111,0,65,109,101,114,105,99,97,47,83,
    97,110,116,97,95,73,115,97,98,101,108,0,65,109,101,114,
    105,99,97,47,83,97,110,116,97,114,101,109,0,65,109,101,
    114,105,99,97,47,83,97,110,116,105,97,103,111,0,65,109,
    101,114,105,99,97,47,83,97,110,116,111,95,68,111,109,105,
    110,103,111,0,65,109,101,114,105,99,97,47,83,97,111,95,
    80,97,117,108,111,0,65,109,101,114,105,99,97,47,83,99,
    111,114,101,115,98,121,115,117,110,100,0,65,109,101,114,105,
    99,97,47,83,104,105,112,114,111,99,107,0,65,109,101,114,
    105,99,97,47,83,105,116,107,97,0,65,109,101,114,105,99,
    97,47,83,116,95,66,97,114,116,104,101,108,101,109,121,0,
    65,109,101,114,105,99,97,47,83,116,95,74,111,104,110,115,
    0,65,109,101,114,105,99,97,47,83,116,95,75,105,116,116,
    115,0,65,109,101,114,105,99,97,47,83,116,95,76,117,99,
    105,97,0,65,109,101,114,105,99,97,47,83,116,95,84,104,
    111,109,97,115,0,65,109,101,114,105,99,97,47,83,116,95,
    86,105,110,99,101,110,116,0,65,109,101,114,105,99,97,47,
    83,119,105,102,116,95,67,117,114,114,101,110,116,0,65,109,
    101,114,105,99,97,47,84,101,103,117,99,105,103,97,108,112,
    97,0,65,109,101,114,105,99,97,47,84,104,117,108,101,0,
    65,109,101,114,105,99,97,47,84,104,117,110,100,101,114,95,
    66,97,121,0,65,109,101,114,105,99,97,47,84,105,106,117,
    97,110,97,0,65,109,101,114,105,99,97,47,84,111,114,111,
    110,116,111,0,65,109,101,114,105,99,97,47,84,111,114,116,
    111,108,97,0,65,109,101,114,105,99,97,47,86,97,110,99,
    111,117,118,101,114,0,65,109,101,114,105,99,97,47,86,105,
    114,103,105,110,0,65,109,101,114,105,99,97,47,87,104,105,
    116,101,104,111,114,115,101,0,65,109,101,114,105,99,97,47,
    87,105,110,110,105,112,101,103,0,65,109,101,114,105,99,97,
    47,89,97,107,117,116,97,116,0,65,109,101,114,105,99,97,
    47,89,101,108,108,111,119,107,110,105,102,101,0,65,110,116,
    97,114,99,116,105,99,97,47,67,97,115,101,121,0,65,110,
    116,97,114,99,116,105,99,97,47,68,97,118,105,115,0,65,
    110,116,97,114,99,116,105,99,97,47,68,117,109,111,110,116,
    68,85,114,118,105,108,108,101,0,65,110,116,97,114,99,116,
    105,99,97,47,77,97,99,113,117,97,114,105,101,0,65,110,
    116,97,114,99,116,105,99,97,47,77,97,119,115,111,110,0,
    65,110,116,97,114,99,116,105,99,97,47,77,99,77,117,114,
    100,111,0,65,110,116,97,114,99,116,105,99,97,47,80,97,
    108,109,101,114,0,65,110,116,97,114,99,116,105,99,97,47,
    82,111,116,104,101,114,97,0,65,110,116,97,114,99,116,105,
    99,97,47,83,111,117,116,104,95,80,111,108,101,0,65,110,
    116,97,114,99,116,105,99,97,47,83,121,111,119,97,0,65,
    110,116,97,114,99,116,105,99,97,47,84,114,111,108,108,0,
    65,110,116,97,114,99,116,105,99,97,47,86,111,115,116,111,
    107,0,65,114,99,116,105,99,47,76,111,110,103,121,101,97,
    114,98,121,101,110,0,65,115,105,97,47,65,100,101,110,0,
    65,115,105,97,47,65,108,109,97,116,121,0,65,115,105,97,
    47,65,109,109,97,110,0,65,115,105,97,47,65,110,97,100,
    121,114,0,65,115,105,97,47,65,113,116,97,117,0,65,115,
    105,97,47,65,113,116,111,98,101,0,65,115,105,97,47,65,
    115,104,103,97,98,97,116,0,65,115,105,97,47,65,115,104,
    107,104,97,98,97,100,0,65,115,105,97,47,65,116,121,114,
    97,117,0,65,115,105,97,47,66,97,103,104,100,97,100,0,
    65,115,105,97,47,66,97,104,114,97,105,110,0,65,115,105,
    97,47,66,97,107,117,0,65,115,105,97,47,66,97,110,103,
    107,111,107,0,65,115,105,97,47,66,97,114,110,97,117,108,
    0,65,115,105,97,47,66,101,105,114,117,116,0,65,115,105,
    97,47,66,105,115,104,107,101,107,0,65,115,105,97,47,66,
    114,117,110,101,105,0,65,115,105,97,47,67,97,108,99,117,
    116,116,97,0,65,115,105,97,47,67,104,105,116,97,0,65,
    115,105,97,47,67,104,111,105,98,97,108,115,97,110,0,65,
    115,105,97,47,67,104,111,110,103,113,105,110,103,0,65,115,
    105,97,47,67,104,117,110,103,107,105,110,103,0,65,115,105,
    97,47,67,111,108,111,109,98,111,0,65,115,105,97,47,68,
    97,99,99,97,0,65,115,105,97,47,68,97,109,97,115,99,
    117,115,0,65,115,105,97,47,68,104,97,107,97,0,65,115,
    105,97,47,68,105,108,105,0,65,115,105,97,47,68,117,98,
    97,105,0,65,115,105,97,47,68,117,115,104,97,110,98,101,
    0,65,115,105,97,47,70,97,109,97,103,117,115,116,97,0,
    65,115,105,97,47,71,97,122,97,0,65,115,105,97,47,72,
    97,114,98,105,110,0,65,115,105,97,47,72,101,98,114,111,
    110,0,65,115,105,97,47,72,111,95,67,104,105,95,77,105,
    110,104,0,65,115,105,97,47,72,111,110,103,95,75,111,110,
    103,0,65,115,105,97,47,72,111,118,100,0,65,115,105,97,
    47,73,114,107,117,116,115,107,0,65,115,105,97,47,73,115,
    116,97,110,98,117,108,0,65,115,105,97,47,74,97,107,97,
    114,116,97,0,65,115,105,97,47,74,97,121,97,112,117,114,
    97,0,65,115,105,97,47,74,101,114,117,115,97,108,101,109,
    0,65,115,105,97,47,75,97,98,117,108,0,65,115,105,97,
    47,75,97,109,99,104,97,116,107,97,0,65,115,105,97,47,
    75,97,114,97,99,104,105,0,65,115,105,97,47,75,97,115,
    104,103,97,114,0,65,115,105,97,47,75,97,116,104,109,97,
    110,100,117,0,65,115,105,97,47,75,97,116,109,97,110,100,
    117,0,65,115,105,97,47,75,104,97,110,100,121,103,97,0,
    65,115,105,97,47,75,111,108,107,97,116,97,0,65,115,105,
    97,47,75,114,97,115,110,111,121,97,114,115,107,0,65,115,
    105,97,47,75,117,97,108,97,95,76,117,109,112,117,114,0,
    65,115,105,97,47,75,117,99,104,105,110,103,0,65,115,105,
    97,47,75,117,119,97,105,116,0,65,115,105,97,47,77,97,
    99,97,111,0,65,115,105,97,47,77,97,99,97,117,0,65,
    115,105,97,47,77,97,103,97,100,97,110,0,65,115,105,97,
    47,77,97,107,97,115,115,97,114,0,65,115,105,97,47,77,
    97,110,105,108,97,0,65,115,105,97,47,77,117,115,99,97,
    116,0,65,115,105,97,47,78,105,99,111,115,105,97,0,65,
    115,105,97,47,78,111,118,111,107,117,122,110,101,116,115,107,
    0,65,115,105,97,47,78,111,118,111,115,105,98,105,114,115,
    107,0,65,115,105,97,47,79,109,115,107,0,65,115,105,97,
    47,79,114,97,108,0,65,115,105,97,47,80,104,110,111,109,
    95,80,101,110,104,0,65,115,105,97,47,80,111,110,116,105,
    97,110,97,107,0,65,115,105,97,47,80,121,111,110,103,121,
    97,110,103,0,65,115,105,97,47,81,97,116,97,114,0,65,
    115,105,97,47,81,111,115,116,97,110,97,121,0,65,115,105,
    97,47,81,121,122,121,108,111,114,100,97,0,65,115,105,97,
    47,82,97,110,103,111,111,110,0,65,115,105,97,47,82,105,
    121,97,100,104,0,65,115,105,97,47,83,97,105,103,111,110,
    0,65,115,105,97,47,83,97,107,104,97,108,105,110,0,65,
    115,105,97,47,83,97,109,97,114,107,97,110,100,0,65,115,
    105,97,47,83,101,111,117,108,0,65,115,105,97,47,83,104,
    97,110,103,104,97,105,0,65,115,105,97,47,83,105,110,103,
    97,112,111,114,101,0,65,115,105,97,47,83,114,101,100,110,
    101,107,111,108,121,109,115,107,0,65,115,105,97,47,84,97,
    105,112,101,105,0,65,115,105,97,47,84,97,115,104,107,101,
    110,116,0,65,115,105,97,47,84,98,105,108,105,115,105,0,
    65,115,105,97,47,84,101,104,114,97,110,0,65,115,105,97,
    47,84,101,108,95,65,118,105,118,0,65,115,105,97,47,84,
    104,105,109,98,117,0,65,115,105,97,47,84,104,105,109,112,
    104,117,0,65,115,105,97,47,84,111,107,121,111,0,65,115,
    105,97,47,84,111,109,115,107,0,65,115,105,97,47,85,106,
    117,110,103,95,80,97,110,100,97,110,103,0,65,115,105,97,
    47,85,108,97,97,110,98,97,97,116,97,114,0,65,115,105,
    97,47,85,108,97,110,95,66,97,116,111,114,0,65,115,105,
    97,47,85,114,117,109,113,105,0,65,115,105,97,47,85,115,
    116,45,78,101,114,97,0,65,115,105,97,47,86,105,101,110,
    116,105,97,110,101,0,65,115,105,97,47,86,108,97,100,105,
    118,111,115,116,111,107,0,65,115,105,97,47,89,97,107,117,
    116,115,107,0,65,115,105,97,47,89,97,110,103,111,110,0,
    65,115,105,97,47,89,101,107,97,116,101,114,105,110,98,117,
    114,103,0,65,115,105,97,47,89,101,114,101,118,97,110,0,
    65,116,108,97,110,116,105,99,47,65,122,111,114,101,115,0,
    65,116,108,97,110,116,105,99,47,66,101,114,109,117,100,97,
    0,65,116,108,97,110,116,105,99,47,67,97,110,97,114,121,
    0,65,116,108,97,110,116,105,99,47,67,97,112,101,95,86,
    101,114,100,101,0,65,116,108,97,110,116,105,99,47,70,97,
    101,114,111,101,0,65,116,108,97,110,116,105,99,47,70,97,
    114,111,101,0,65,116,108,97,110,116,105,99,47,74,97,110,
    95,77,97,121,101,110,0,65,116,108,97,110,116,105,99,47,
    77,97,100,101,105,114,97,0,65,116,108,97,110,116,105,99,
    47,82,101,121,107,106,97,118,105,107,0,65,116,108,97,110,
    116,105,99,47,83,111,117,116,104,95,71,101,111,114,103,105,
    97,0,65,116,108,97,110,116,105,99,47,83,116,95,72,101,
    108,101,110,97,0,65,116,108,97,110,116,105,99,47,83,116,
    97,110,108,101,121,0,65,117,115,116,114,97,108,105,97,47,
    65,67,84,0,65,117,115,116,114,97,108,105,97,47,65,100,
    101,108,97,105,100,101,0,65,117,115,116,114,97,108,105,97,
    47,66,114,105,115,98,97,110,101,0,65,117,115,116,114,97,
    108,105,97,47,66,114,111,107,101,110,95,72,105,108,108,0,
    65,117,115,116,114,97,108,105,97,47,67,97,110,98,101,114,
    114,97,0,65,117,115,116,114,97,108,105,97,47,67,117,114,
    114,105,101,0,65,117,115,116,114,97,108,105,97,47,68,97,
    114,119,105,110,0,65,117,115,116,114,97,108,105,97,47,69,
    117,99,108,97,0,65,117,115,116,114,97,108,105,97,47,72,
    111,98,97,114,116,0,65,117,115,116,114,97,108,105,97,47,
    76,72,73,0,65,117,115,116,114,97,108,105,97,47,76,105,
    110,100,101,109,97,110,0,65,117,115,116,114,97,108,105,97,
    47,76,111,114,100,95,72,111,119,101,0,65,117,115,116,114,
    97,108,105,97,47,77,101,108,98,111,117,114,110,101,0,65,
    117,115,116,114,97,108,105,97,47,78,83,87,0,65,117,115,
    116,114,97,108,105,97,47,78,111,114,116,104,0,65,117,115,
    116,114,97,108,105,97,47,80,101,114,116,104,0,65,117,115,
    116,114,97,108,105,97,47,81,117,101,101,110,115,108,97,110,
    100,0,65,117,115,116,114,97,108,105,97,47,83,111,117,116,
    104,0,65,117,115,116,114,97,108,105,97,47,83,121,100,110,
    101,121,0,65,117,115,116,114,97,108,105,97,47,84,97,115,
    109,97,110,105,97,0,65,117,115,116,114,97,108,105,97,47,
    86,105,99,116,111,114,105,97,0,65,117,115,116,114,97,108,
    105,97,47,87,101,115,116,0,65,117,115,116,114,97,108,105,
    97,47,89,97,110,99,111,119,105,110,110,97,0,66,114,97,
    122,105,108,47,65,99,114,101,0,66,114,97,122,105,108,47,
    68,101,78,111,114,111,110,104,97,0,66,114,97,122,105,108,
    47,69,97,115,116,0,66,114,97,122,105,108,47,87,101,115,
    116,0,67,83,84,54,67,68,84,0,67,97,110,97,100,97,
    47,65,116,108,97,110,116,105,99,0,67,97,110,97,100,97,
    47,67,101,110,116,114,97,108,0,67,97,110,97,100,97,47,
    69,97,115,116,101,114,110,0,67,97,110,97,100,97,47,77,
    111,117,110,116,97,105,110,0,67,97,110,97,100,97,47,78,
    101,119,102,111,117,110,100,108,97,110,100,0,67,97,110,97,
    100,97,47,80,97,99,105,102,105,99,0,67,97,110,97,100,
    97,47,83,97,115,107,97,116,99,104,101,119,97,110,0,67,
    97,110,97,100,97,47,89,117,107,111,110,0,67,104,105,108,
    101,47,67,111,110,116,105,110,101,110,116,97,108,0,67,104,
    105,108,101,47,69,97,115,116,101,114,73,115,108,97,110,100,
    0,67,117,98,97,0,69,83,84,53,69,68,84,0,69,103,
    121,112,116,0,69,105,114,101,0,69,116,99,47,71,77,84,
    0,69,116,99,47,71,77,84,43,48,0,69,116,99,47,71,
    77,84,43,49,0,69,116,99,47,71,77,84,43,49,48,0,
    69,116,99,47,71,77,84,43,49,49,0,69,116,99,47,71,
    77,84,43,49,50,0,69,116,99,47,71,77,84,43,50,0,
    69,116,99,47,71,77,84,43,51,0,69,116,99,47,71,77,
    84,43,52,0,69,116,99,47,71,77,84,43,53,0,69,116,
    99,47,71,77,84,43,54,0,69,116,99,47,71,77,84,43,
    55,0,69,116,99,47,71,77,84,43,56,0,69,116,99,47,
    71,77,84,43,57,0,69,116,99,47,71,77,84,45,48,0,
    69,116,99,47,71,77,84,45,49,0,69,116,99,47,71,77,
    84,45,49,48,0,69,116,99,47,71,77,84,45,49,49,0,
    69,116,99,47,71,77,84,45,49,50,0,69,116,99,47,71,
    77,84,45,49,51,0,69,116,99,47,71,77,84,45,49,52,
    0,69,116,99,47,71,77,84,45,50,0,69,116,99,47,71,
    77,84,45,51,0,69,116,99,47,71,77,84,45,52,0,69,
    116,99,47,71,77,84,45,53,0,69,116,99,47,71,77,84,
    45,54,0,69,116,99,47,71,77,84,45,55,0,69,116,99,
    47,71,77,84,45,56,0,69,116,99,47,71,77,84,45,57,
    0,69,116,99,47,71,77,84,48,0,69,116,99,47,71,114,
    101,101,110,119,105,99,104,0,69,116,99,47,85,67,84,0,
    69,116,99,47,85,84,67,0,69,116,99,47,85,110,105,118,
    101,114,115,97,108,0,69,116,99,47,90,117,108,117,0,69,
    117,114,111,112,101,47,65,109,115,116,101,114,100,97,109,0,
    69,117,114,111,112,101,47,65,110,100,111,114,114,97,0,69,
    117,114,111,112,101,47,65,115,116,114,97,107,104,97,110,0,
    69,117,114,111,112,101,47,65,116,104,101,110,115,0,69,117,
    114,111,112,101,47,66,101,108,102,97,115,116,0,69,117,114,
    111,112,101,47,66,101,108,103,114,97,100,101,0,69,117,114,
    111,112,101,47,66,101,114,108,105,110,0,69,117,114,111,112,
    101,47,66,114,97,116,105,115,108,97,118,97,0,69,117,114,
    111,112,101,47,66,114,117,115,115,101,108,115,0,69,117,114,
    111,112,101,47,66,117,99,104,97,114,101,115,116,0,69,117,
    114,111,112,101,47,66,117,100,97,112,101,115,116,0,69,117,
    114,111,112,101,47,66,117,115,105,110,103,101,110,0,69,117,
    114,111,112,101,47,67,104,105,115,105,110,97,117,0,69,117,
    114,111,112,101,47,67,111,112,101,110,104,97,103,101,110,0,
    69,117,114,111,112,101,47,68,117,98,108,105,110,0,69,117,
    114,111,112,101,47,71,105,98,114,97,108,116,97,114,0,69,
    117,114,111,112,101,47,71,117,101,114,110,115,101,121,0,69,
    117,114,111,112,101,47,72,101,108,115,105,110,107,105,0,69,
    117,114,111,112,101,47,73,115,108,101,95,111,102,95,77,97,
    110,0,69,117,114,111,112,101,47,73,115,116,97,110,98,117,
    108,0,69,117,114,111,112,101,47,74,101,114,115,101,121,0,
    69,117,114,111,112,101,47,75,97,108,105,110,105,110,103,114,
    97,100,0,69,117,114,111,112,101,47,75,105,101,118,0,69,
    117,114,111,112,101,47,75,105,114,111,118,0,69,117,114,111,
    112,101,47,75,121,105,118,0,69,117,114,111,112,101,47,76,
    105,115,98,111,110,0,69,117,114,111,112,101,47,76,106,117,
    98,108,106,97,110,97,0,69,117,114,111,112,101,47,76,111,
    110,100,111,110,0,69,117,114,111,112,101,47,76,117,120,101,
    109,98,111,117,114,103,0,69,117,114,111,112,101,47,77,97,
    100,114,105,100,0,69,117,114,111,112,101,47,77,97,108,116,
    97,0,69,117,114,111,112,101,47,77,97,114,105,101,104,97,
    109,110,0,69,117,114,111,112,101,47,77,105,110,115,107,0,
    69,117,114,111,112,101,47,77,111,110,97,99,111,0,69,117,
    114,111,112,101,47,77,111,115,99,111,119,0,69,117,114,111,
    112,101,47,78,105,99,111,115,105,97,0,69,117,114,111,112,
    101,47,79,115,108,111,0,69,117,114,111,112,101,47,80,97,
    114,105,115,0,69,117,114,111,112,101,47,80,111,100,103,111,
    114,105,99,97,0,69,117,114,111,112,101,47,80,114,97,103,
    117,101,0,69,117,114,111,112,101,47,82,105,103,97,0,69,
    117,114,111,112,101,47,82,111,109,101,0,69,117,114,111,112,
    101,47,83,97,109,97,114,97,0,69,117,114,111,112,101,47,
    83,97,110,95,77,97,114,105,110,111,0,69,117,114,111,112,
    101,47,83,97,114,97,106,101,118,111,0,69,117,114,111,112,
    101,47,83,97,114,97,116,111,118,0,69,117,114,111,112,101,
    47,83,105,109,102,101,114,111,112,111,108,0,69,117,114,111,
    112,101,47,83,107,111,112,106,101,0,69,117,114,111,112,101,
    47,83,111,102,105,97,0,69,117,114,111,112,101,47,83,116,
    111,99,107,104,111,108,109,0,69,117,114,111,112,101,47,84,
    97,108,108,105,110,110,0,69,117,114,111,112,101,47,84,105,
    114,97,110,101,0,69,117,114,111,112,101,47,84,105,114,97,
    115,112,111,108,0,69,117,114,111,112,101,47,85,108,121,97,
    110,111,118,115,107,0,69,117,114,111,112,101,47,85,122,104,
    103,111,114,111,100,0,69,117,114,111,112,101,47,86,97,100,
    117,122,0,69,117,114,111,112,101,47,86,97,116,105,99,97,
    110,0,69,117,114,111,112,101,47,86,105,101,110,110,97,0,
    69,117,114,111,112,101,47,86,105,108,110,105,117,115,0,69,
    117,114,111,112,101,47,86,111,108,103,111,103,114,97,100,0,
    69,117,114,111,112,101,47,87,97,114,115,97,119,0,69,117,
    114,111,112,101,47,90,97,103,114,101,98,0,69,117,114,111,
    112,101,47,90,97,112,111,114,111,122,104,121,101,0,69,117,
    114,111,112,101,47,90,117,114,105,99,104,0,70,97,99,116,
    111,114,121,0,71,66,0,71,66,45,69,105,114,101,0,71,
    77,84,43,48,0,71,77,84,45,48,0,71,114,101,101,110,
    119,105,99,104,0,72,111,110,103,107,111,110,103,0,73,99,
    101,108,97,110,100,0,73,110,100,105,97,110,47,65,110,116,
    97,110,97,110,97,114,105,118,111,0,73,110,100,105,97,110,
    47,67,104,97,103,111,115,0,73,110,100,105,97,110,47,67,
    104,114,105,115,116,109,97,115,0,73,110,100,105,97,110,47,
    67,111,99,111,115,0,73,110,100,105,97,110,47,67,111,109,
    111,114,111,0,73,110,100,105,97,110,47,75,101,114,103,117,
    101,108,101,110,0,73,110,100,105,97,110,47,77,97,104,101,
    0,73,110,100,105,97,110,47,77,97,108,100,105,118,101,115,
    0,73,110,100,105,97,110,47,77,97,117,114,105,116,105,117,
    115,0,73,110,100,105,97,110,47,77,97,121,111,116,116,101,
    0,73,110,100,105,97,110,47,82,101,117,110,105,111,110,0,
    73,114,97,110,0,73,115,114,97,101,108,0,74,97,109,97,
    105,99,97,0,74,97,112,97,110,0,75,119,97,106,97,108,
    101,105,110,0,76,105,98,121,97,0,77,69,84,0,77,83,
    84,55,77,68,84,0,77,101,120,105,99,111,47,66,97,106,
    97,78,111,114,116,101,0,77,101,120,105,99,111,47,66,97,
    106,97,83,117,114,0,77,101,120,105,99,111,47,71,101,110,
    101,114,97,108,0,78,90,0,78,90,45,67,72,65,84,0,
    78,97,118,97,106,111,0,80,82,67,0,80,83,84,56,80,
    68,84,0,80,97,99,105,102,105,99,47,65,112,105,97,0,
    80,97,99,105,102,105,99,47,65,117,99,107,108,97,110,100,
    0,80,97,99,105,102,105,99,47,66,111,117,103,97,105,110,
    118,105,108,108,101,0,80,97,99,105,102,105,99,47,67,104,
    97,116,104,97,109,0,80,97,99,105,102,105,99,47,67,104,
    117,117,107,0,80,97,99,105,102,105,99,47,69,97,115,116,
    101,114,0,80,97,99,105,102,105,99,47,69,102,97,116,101,
    0,80,97,99,105,102,105,99,47,69,110,100,101,114,98,117,
    114,121,0,80,97,99,105,102,105,99,47,70,97,107,97,111,
    102,111,0,80,97,99,105,102,105,99,47,70,105,106,105,0,
    80,97,99,105,102,105,99,47,70,117,110,97,102,117,116,105,
    0,80,97,99,105,102,105,99,47,71,97,108,97,112,97,103,
    111,115,0,80,97,99,105,102,105,99,47,71,97,109,98,105,
    101,114,0,80,97,99,105,102,105,99,47,71,117,97,100,97,
    108,99,97,110,97,108,0,80,97,99,105,102,105,99,47,71,
    117,97,109,0,80,97,99,105,102,105,99,47,72,111,110,111,
    108,117,108,117,0,80,97,99,105,102,105,99,47,74,111,104,
    110,115,116,111,110,0,80,97,99,105,102,105,99,47,75,97,
    110,116,111,110,0,80,97,99,105,102,105,99,47,75,105,114,
    105,116,105,109,97,116,105,0,80,97,99,105,102,105,99,47,
    75,111,115,114,97,101,0,80,97,99,105,102,105,99,47,75,
    119,97,106,97,108,101,105,110,0,80,97,99,105,102,105,99,
    47,77,97,106,117,114,111,0,80,97,99,105,102,105,99,47,
    77,97,114,113,117,101,115,97,115,0,80,97,99,105,102,105,
    99,47,77,105,100,119,97,121,0,80,97,99,105,102,105,99,
    47,78,97,117,114,117,0,80,97,99,105,102,105,99,47,78,
    105,117,101,0,80,97,99,105,102,105,99,47,78,111,114,102,
    111,108,107,0,80,97,99,105,102,105,99,47,78,111,117,109,
    101,97,0,80,97,99,105,102,105,99,47,80,97,103,111,95,
    80,97,103,111,0,80,97,99,105,102,105,99,47,80,97,108,
    97,117,0,80,97,99,105,102,105,99,47,80,105,116,99,97,
    105,114,110,0,80,97,99,105,102,105,99,47,80,111,104,110,
    112,101,105,0,80,97,99,105,102,105,99,47,80,111,110,97,
    112,101,0,80,97,99,105,102,105,99,47,80,111,114,116,95,
    77,111,114,101,115,98,121,0,80,97,99,105,102,105,99,47,
    82,97,114,111,116,111,110,103,97,0,80,97,99,105,102,105,
    99,47,83,97,105,112,97,110,0,80,97,99,105,102,105,99,
    47,83,97,109,111,97,0,80,97,99,105,102,105,99,47,84,
    97,104,105,116,105,0,80,97,99,105,102,105,99,47,84,97,
    114,97,119,97,0,80,97,99,105,102,105,99,47,84,111,110,
    103,97,116,97,112,117,0,80,97,99,105,102,105,99,47,84,
    114,117,107,0,80,97,99,105,102,105,99,47,87,97,107,101,
    0,80,97,99,105,102,105,99,47,87,97,108,108,105,115,0,
    80,97,99,105,102,105,99,47,89,97,112,0,80,111,108,97,
    110,100,0,80,111,114,116,117,103,97,108,0,82,79,67,0,
    82,79,75,0,83,105,110,103,97,112,111,114,101,0,84,117,
    114,107,101,121,0,85,67,84,0,85,83,47,65,108,97,115,
    107,97,0,85,83,47,65,108,101,117,116,105,97,110,0,85,
    83,47,65,114,105,122,111,110,97,0,85,83,47,67,101,110,
    116,114,97,108,0,85,83,47,69,97,115,116,45,73,110,100,
    105,97,110,97,0,85,83,47,69,97,115,116,101,114,110,0,
    85,83,47,72,97,119,97,105,105,0,85,83,47,73,110,100,
    105,97,110,97,45,83,116,97,114,107,101,0,85,83,47,77,
    105,99,104,105,103,97,110,0,85,83,47,77,111,117,110,116,
    97,105,110,0,85,83,47,80,97,99,105,102,105,99,0,85,
    83,47,83,97,109,111,97,0,85,110,105,118,101,114,115,97,
    108,0,87,45,83,85,0,90,117,108,117,0,
};

inline constexpr unsigned kTableBytes = 119052;

}  // namespace std::__boxcxx::tzdata

#endif
